model,policy,n,executable,all_v_minus_t,executable_v_minus_t
gemma-4-26b-a4b,P0,480,480,-0.15659722222222222,-0.15659722222222222
gemma-4-26b-a4b,P_BARO_RS,480,480,-0.1909722222222222,-0.1909722222222222
gemma-4-26b-a4b,P_COVERAGE,480,411,-0.3,-0.2380373073803731
gemma-4-26b-a4b,P_DIVERSITY,480,417,-0.24600694444444443,-0.18005595523581133
gemma-4-26b-a4b,P_LOG_FREQ,480,423,-0.20503472222222222,-0.15464933018124505
gemma-4-26b-a4b,P_RANDOM,480,390,-0.18003472222222222,-0.16623931623931626
gemma-4-26b-a4b,P_SIGMA,480,480,-0.13791666666666663,-0.13791666666666663
gemma-4-26b-a4b,P_TRACE_SC,480,480,-0.178125,-0.178125
qwen3.8-27b,P0,480,480,-0.13711805555555553,-0.13711805555555553
qwen3.8-27b,P_BARO_RS,480,480,-0.11767361111111112,-0.11767361111111112
qwen3.8-27b,P_COVERAGE,480,411,-0.24350694444444446,-0.19537712895377132
qwen3.8-27b,P_DIVERSITY,480,417,-0.19701388888888888,-0.13565147881694645
qwen3.8-27b,P_LOG_FREQ,480,423,-0.18538194444444442,-0.13412135539795114
qwen3.8-27b,P_RANDOM,480,390,-0.15694444444444447,-0.12735042735042737
qwen3.8-27b,P_SIGMA,480,480,-0.1429513888888889,-0.1429513888888889
qwen3.8-27b,P_TRACE_SC,480,480,-0.15003472222222222,-0.15003472222222222
