dataset,model,P,R,condition,n,strict,complete,overall_missing,overall_checked
all480,gemma-4-26b-a4b,1,1.0,CONTEXTV,158,0.6772151898734177,0.6772151898734177,0.0,0.6772151898734177
all480,gemma-4-26b-a4b,1,1.0,PATHV,158,0.379746835443038,0.5189873417721519,0.0,0.5189873417721519
all480,gemma-4-26b-a4b,1,1.0,S,158,0.05063291139240506,0.05063291139240506,0.0,0.05063291139240506
all480,gemma-4-26b-a4b,1,1.0,T,158,0.5886075949367089,0.5886075949367089,0.0,0.5886075949367089
all480,gemma-4-26b-a4b,1,1.0,V,158,0.26582278481012656,0.3860759493670886,0.0,0.3860759493670886
all480,gemma-4-26b-a4b,1,2.0,CONTEXTV,156,0.7564102564102564,0.7564102564102564,0.0,0.7564102564102564
all480,gemma-4-26b-a4b,1,2.0,PATHV,156,0.44871794871794873,0.5897435897435898,0.0,0.5897435897435898
all480,gemma-4-26b-a4b,1,2.0,S,156,0.1858974358974359,0.21794871794871795,0.0,0.21794871794871795
all480,gemma-4-26b-a4b,1,2.0,T,156,0.7564102564102564,0.7564102564102564,0.0,0.7564102564102564
all480,gemma-4-26b-a4b,1,2.0,V,156,0.4166666666666667,0.5384615384615384,0.0,0.5384615384615384
all480,gemma-4-26b-a4b,1,3.0,CONTEXTV,158,0.0,0.8227848101265823,1.0,0.8227848101265823
all480,gemma-4-26b-a4b,1,3.0,PATHV,158,0.0,0.7215189873417721,1.0,0.7215189873417721
all480,gemma-4-26b-a4b,1,3.0,S,158,0.0,0.21518987341772153,1.0,0.21518987341772153
all480,gemma-4-26b-a4b,1,3.0,T,158,0.0,0.7911392405063291,1.0,0.7911392405063291
all480,gemma-4-26b-a4b,1,3.0,V,158,0.0,0.620253164556962,1.0,0.620253164556962
all480,gemma-4-26b-a4b,2,1.0,CONTEXTV,155,0.4129032258064516,0.4129032258064516,0.0,0.4129032258064516
all480,gemma-4-26b-a4b,2,1.0,PATHV,155,0.10967741935483871,0.25806451612903225,0.0,0.25806451612903225
all480,gemma-4-26b-a4b,2,1.0,S,155,0.0,0.0,0.0,0.0
all480,gemma-4-26b-a4b,2,1.0,T,155,0.36129032258064514,0.36129032258064514,0.0,0.36129032258064514
all480,gemma-4-26b-a4b,2,1.0,V,155,0.04516129032258064,0.13548387096774195,0.0,0.13548387096774195
all480,gemma-4-26b-a4b,2,2.0,CONTEXTV,154,0.4805194805194805,0.5454545454545454,0.0,0.5454545454545454
all480,gemma-4-26b-a4b,2,2.0,PATHV,154,0.16233766233766234,0.34415584415584416,0.0,0.34415584415584416
all480,gemma-4-26b-a4b,2,2.0,S,154,0.03896103896103896,0.05844155844155844,0.0,0.05844155844155844
all480,gemma-4-26b-a4b,2,2.0,T,154,0.487012987012987,0.538961038961039,0.0,0.538961038961039
all480,gemma-4-26b-a4b,2,2.0,V,154,0.09090909090909091,0.2077922077922078,0.0,0.2077922077922078
all480,gemma-4-26b-a4b,2,3.0,CONTEXTV,158,0.0,0.6329113924050633,0.9936708860759493,0.6329113924050633
all480,gemma-4-26b-a4b,2,3.0,PATHV,158,0.0,0.4430379746835443,0.9936708860759493,0.4430379746835443
all480,gemma-4-26b-a4b,2,3.0,S,158,0.0,0.10126582278481013,1.0,0.10126582278481013
all480,gemma-4-26b-a4b,2,3.0,T,158,0.0,0.6012658227848101,1.0,0.6012658227848101
all480,gemma-4-26b-a4b,2,3.0,V,158,0.0,0.47468354430379744,1.0,0.47468354430379744
all480,gemma-4-26b-a4b,3,1.0,CONTEXTV,151,0.18543046357615894,0.18543046357615894,0.0,0.18543046357615894
all480,gemma-4-26b-a4b,3,1.0,PATHV,151,0.0,0.033112582781456956,0.0,0.033112582781456956
all480,gemma-4-26b-a4b,3,1.0,S,151,0.0,0.0,0.0,0.0
all480,gemma-4-26b-a4b,3,1.0,T,151,0.15894039735099338,0.15894039735099338,0.0,0.15894039735099338
all480,gemma-4-26b-a4b,3,1.0,V,151,0.0,0.013245033112582781,0.0,0.013245033112582781
all480,gemma-4-26b-a4b,3,2.0,CONTEXTV,163,0.24539877300613497,0.3067484662576687,0.0,0.3067484662576687
all480,gemma-4-26b-a4b,3,2.0,PATHV,163,0.012269938650306749,0.06748466257668712,0.0,0.06748466257668712
all480,gemma-4-26b-a4b,3,2.0,S,163,0.0,0.0,0.0,0.0
all480,gemma-4-26b-a4b,3,2.0,T,163,0.24539877300613497,0.3374233128834356,0.0,0.3374233128834356
all480,gemma-4-26b-a4b,3,2.0,V,163,0.018404907975460124,0.09202453987730061,0.0,0.09202453987730061
all480,gemma-4-26b-a4b,3,3.0,CONTEXTV,151,0.0,0.5165562913907285,1.0,0.5165562913907285
all480,gemma-4-26b-a4b,3,3.0,PATHV,151,0.0,0.40397350993377484,1.0,0.40397350993377484
all480,gemma-4-26b-a4b,3,3.0,S,151,0.0,0.033112582781456956,1.0,0.033112582781456956
all480,gemma-4-26b-a4b,3,3.0,T,151,0.0,0.4900662251655629,1.0,0.4900662251655629
all480,gemma-4-26b-a4b,3,3.0,V,151,0.0,0.3841059602649007,1.0,0.3841059602649007
all480,gemma-4-26b-a4b,4,1.0,S,175,0.0,0.0,0.0,0.0
all480,gemma-4-26b-a4b,4,1.0,T,175,0.0,0.0,0.0,0.0
all480,gemma-4-26b-a4b,4,1.0,V,175,0.0,0.0,0.0,0.0
all480,gemma-4-26b-a4b,4,2.0,S,114,0.0,0.0,0.0,0.0
all480,gemma-4-26b-a4b,4,2.0,T,114,0.017543859649122806,0.10526315789473684,0.0,0.10526315789473684
all480,gemma-4-26b-a4b,4,2.0,V,114,0.0,0.008771929824561403,0.0,0.008771929824561403
all480,gemma-4-26b-a4b,4,3.0,S,175,0.0,0.005714285714285714,1.0,0.005714285714285714
all480,gemma-4-26b-a4b,4,3.0,T,175,0.0,0.4514285714285714,1.0,0.4514285714285714
all480,gemma-4-26b-a4b,4,3.0,V,175,0.0,0.21714285714285714,1.0,0.21714285714285714
all480,qwen3.8-27b,1,1.0,CONTEXTV,158,0.6455696202531646,0.6455696202531646,0.0,0.6455696202531646
all480,qwen3.8-27b,1,1.0,PATHV,158,0.3860759493670886,0.6582278481012658,0.0,0.6582278481012658
all480,qwen3.8-27b,1,1.0,S,158,0.16455696202531644,0.16455696202531644,0.0,0.16455696202531644
all480,qwen3.8-27b,1,1.0,T,158,0.5569620253164557,0.5569620253164557,0.0,0.5569620253164557
all480,qwen3.8-27b,1,1.0,V,158,0.26582278481012656,0.5316455696202531,0.0,0.5316455696202531
all480,qwen3.8-27b,1,2.0,CONTEXTV,156,0.7564102564102564,0.7564102564102564,0.0,0.7564102564102564
all480,qwen3.8-27b,1,2.0,PATHV,156,0.4807692307692308,0.75,0.0,0.75
all480,qwen3.8-27b,1,2.0,S,156,0.3974358974358974,0.3974358974358974,0.0,0.3974358974358974
all480,qwen3.8-27b,1,2.0,T,156,0.7564102564102564,0.7564102564102564,0.0,0.7564102564102564
all480,qwen3.8-27b,1,2.0,V,156,0.47435897435897434,0.7435897435897436,0.0,0.7435897435897436
all480,qwen3.8-27b,1,3.0,CONTEXTV,158,0.056962025316455694,0.06962025316455696,0.9113924050632911,0.06962025316455696
all480,qwen3.8-27b,1,3.0,PATHV,158,0.12025316455696203,0.13291139240506328,0.8481012658227848,0.13291139240506328
all480,qwen3.8-27b,1,3.0,S,158,0.13924050632911392,0.14556962025316456,0.7278481012658228,0.13924050632911392
all480,qwen3.8-27b,1,3.0,T,158,0.18354430379746836,0.689873417721519,0.7784810126582279,0.6835443037974683
all480,qwen3.8-27b,1,3.0,V,158,0.056962025316455694,0.06329113924050633,0.8924050632911392,0.06329113924050633
all480,qwen3.8-27b,2,1.0,CONTEXTV,155,0.41935483870967744,0.41935483870967744,0.0,0.41935483870967744
all480,qwen3.8-27b,2,1.0,PATHV,155,0.1032258064516129,0.3548387096774194,0.0,0.3548387096774194
all480,qwen3.8-27b,2,1.0,S,155,0.05161290322580645,0.05161290322580645,0.0,0.05161290322580645
all480,qwen3.8-27b,2,1.0,T,155,0.3935483870967742,0.3935483870967742,0.0,0.3935483870967742
all480,qwen3.8-27b,2,1.0,V,155,0.08387096774193549,0.2903225806451613,0.0,0.2903225806451613
all480,qwen3.8-27b,2,2.0,CONTEXTV,154,0.461038961038961,0.6233766233766234,0.0,0.6233766233766234
all480,qwen3.8-27b,2,2.0,PATHV,154,0.14935064935064934,0.487012987012987,0.0,0.487012987012987
all480,qwen3.8-27b,2,2.0,S,154,0.16233766233766234,0.16883116883116883,0.0,0.16883116883116883
all480,qwen3.8-27b,2,2.0,T,154,0.5,0.6038961038961039,0.0,0.6038961038961039
all480,qwen3.8-27b,2,2.0,V,154,0.14935064935064934,0.4025974025974026,0.0,0.4025974025974026
all480,qwen3.8-27b,2,3.0,CONTEXTV,158,0.0,0.6582278481012658,0.9936708860759493,0.6582278481012658
all480,qwen3.8-27b,2,3.0,PATHV,158,0.0,0.43037974683544306,1.0,0.43037974683544306
all480,qwen3.8-27b,2,3.0,S,158,0.0,0.16455696202531644,0.9873417721518988,0.16455696202531644
all480,qwen3.8-27b,2,3.0,T,158,0.0,0.6518987341772152,1.0,0.6518987341772152
all480,qwen3.8-27b,2,3.0,V,158,0.0,0.43670886075949367,1.0,0.43670886075949367
all480,qwen3.8-27b,3,1.0,CONTEXTV,151,0.19205298013245034,0.2251655629139073,0.0,0.2251655629139073
all480,qwen3.8-27b,3,1.0,PATHV,151,0.0,0.12582781456953643,0.0,0.12582781456953643
all480,qwen3.8-27b,3,1.0,S,151,0.006622516556291391,0.006622516556291391,0.0,0.006622516556291391
all480,qwen3.8-27b,3,1.0,T,151,0.17880794701986755,0.17880794701986755,0.0,0.17880794701986755
all480,qwen3.8-27b,3,1.0,V,151,0.0,0.08609271523178808,0.0,0.08609271523178808
all480,qwen3.8-27b,3,2.0,CONTEXTV,163,0.3067484662576687,0.4723926380368098,0.0,0.4723926380368098
all480,qwen3.8-27b,3,2.0,PATHV,163,0.012269938650306749,0.2331288343558282,0.0,0.2331288343558282
all480,qwen3.8-27b,3,2.0,S,163,0.06134969325153374,0.0736196319018405,0.0,0.0736196319018405
all480,qwen3.8-27b,3,2.0,T,163,0.3128834355828221,0.4539877300613497,0.0,0.4539877300613497
all480,qwen3.8-27b,3,2.0,V,163,0.0,0.2147239263803681,0.0,0.2147239263803681
all480,qwen3.8-27b,3,3.0,CONTEXTV,151,0.0,0.5364238410596026,0.9602649006622517,0.5231788079470199
all480,qwen3.8-27b,3,3.0,PATHV,151,0.0,0.32450331125827814,0.9801324503311258,0.32450331125827814
all480,qwen3.8-27b,3,3.0,S,151,0.0,0.052980132450331126,1.0,0.052980132450331126
all480,qwen3.8-27b,3,3.0,T,151,0.0,0.5629139072847682,1.0,0.5629139072847682
all480,qwen3.8-27b,3,3.0,V,151,0.0,0.31788079470198677,0.9933774834437086,0.31788079470198677
all480,qwen3.8-27b,4,1.0,S,175,0.0,0.0,0.0,0.0
all480,qwen3.8-27b,4,1.0,T,175,0.0,0.005714285714285714,0.0,0.005714285714285714
all480,qwen3.8-27b,4,1.0,V,175,0.0,0.011428571428571429,0.0,0.011428571428571429
all480,qwen3.8-27b,4,2.0,S,114,0.0,0.02631578947368421,0.0,0.02631578947368421
all480,qwen3.8-27b,4,2.0,T,114,0.02631578947368421,0.23684210526315788,0.0,0.23684210526315788
all480,qwen3.8-27b,4,2.0,V,114,0.0,0.07894736842105263,0.0,0.07894736842105263
all480,qwen3.8-27b,4,3.0,S,175,0.0,0.04,1.0,0.04
all480,qwen3.8-27b,4,3.0,T,175,0.0,0.42857142857142855,1.0,0.42857142857142855
all480,qwen3.8-27b,4,3.0,V,175,0.0,0.19428571428571428,1.0,0.19428571428571428
primary300,gemma-4-26b-a4b,1,1.0,CONTEXTV,96,0.6666666666666666,0.6666666666666666,0.0,0.6666666666666666
primary300,gemma-4-26b-a4b,1,1.0,PATHV,96,0.375,0.53125,0.0,0.53125
primary300,gemma-4-26b-a4b,1,1.0,S,96,0.020833333333333332,0.020833333333333332,0.0,0.020833333333333332
primary300,gemma-4-26b-a4b,1,1.0,T,96,0.5833333333333334,0.5833333333333334,0.0,0.5833333333333334
primary300,gemma-4-26b-a4b,1,1.0,V,96,0.23958333333333334,0.3854166666666667,0.0,0.3854166666666667
primary300,gemma-4-26b-a4b,1,2.0,CONTEXTV,93,0.7419354838709677,0.7419354838709677,0.0,0.7419354838709677
primary300,gemma-4-26b-a4b,1,2.0,PATHV,93,0.41935483870967744,0.5591397849462365,0.0,0.5591397849462365
primary300,gemma-4-26b-a4b,1,2.0,S,93,0.1827956989247312,0.22580645161290322,0.0,0.22580645161290322
primary300,gemma-4-26b-a4b,1,2.0,T,93,0.7419354838709677,0.7419354838709677,0.0,0.7419354838709677
primary300,gemma-4-26b-a4b,1,2.0,V,93,0.3763440860215054,0.4946236559139785,0.0,0.4946236559139785
primary300,gemma-4-26b-a4b,1,3.0,CONTEXTV,104,0.0,0.8173076923076923,1.0,0.8173076923076923
primary300,gemma-4-26b-a4b,1,3.0,PATHV,104,0.0,0.6923076923076923,1.0,0.6923076923076923
primary300,gemma-4-26b-a4b,1,3.0,S,104,0.0,0.21153846153846154,1.0,0.21153846153846154
primary300,gemma-4-26b-a4b,1,3.0,T,104,0.0,0.7980769230769231,1.0,0.7980769230769231
primary300,gemma-4-26b-a4b,1,3.0,V,104,0.0,0.6442307692307693,1.0,0.6442307692307693
primary300,gemma-4-26b-a4b,2,1.0,CONTEXTV,101,0.44554455445544555,0.44554455445544555,0.0,0.44554455445544555
primary300,gemma-4-26b-a4b,2,1.0,PATHV,101,0.1188118811881188,0.2871287128712871,0.0,0.2871287128712871
primary300,gemma-4-26b-a4b,2,1.0,S,101,0.0,0.0,0.0,0.0
primary300,gemma-4-26b-a4b,2,1.0,T,101,0.40594059405940597,0.40594059405940597,0.0,0.40594059405940597
primary300,gemma-4-26b-a4b,2,1.0,V,101,0.039603960396039604,0.12871287128712872,0.0,0.12871287128712872
primary300,gemma-4-26b-a4b,2,2.0,CONTEXTV,84,0.5595238095238095,0.5595238095238095,0.0,0.5595238095238095
primary300,gemma-4-26b-a4b,2,2.0,PATHV,84,0.11904761904761904,0.30952380952380953,0.0,0.30952380952380953
primary300,gemma-4-26b-a4b,2,2.0,S,84,0.047619047619047616,0.07142857142857142,0.0,0.07142857142857142
primary300,gemma-4-26b-a4b,2,2.0,T,84,0.5238095238095238,0.5476190476190477,0.0,0.5476190476190477
primary300,gemma-4-26b-a4b,2,2.0,V,84,0.09523809523809523,0.23809523809523808,0.0,0.23809523809523808
primary300,gemma-4-26b-a4b,2,3.0,CONTEXTV,103,0.0,0.6699029126213593,1.0,0.6699029126213593
primary300,gemma-4-26b-a4b,2,3.0,PATHV,103,0.0,0.47572815533980584,1.0,0.47572815533980584
primary300,gemma-4-26b-a4b,2,3.0,S,103,0.0,0.0970873786407767,1.0,0.0970873786407767
primary300,gemma-4-26b-a4b,2,3.0,T,103,0.0,0.6504854368932039,1.0,0.6504854368932039
primary300,gemma-4-26b-a4b,2,3.0,V,103,0.0,0.5242718446601942,1.0,0.5242718446601942
primary300,gemma-4-26b-a4b,3,1.0,CONTEXTV,122,0.18032786885245902,0.18032786885245902,0.0,0.18032786885245902
primary300,gemma-4-26b-a4b,3,1.0,PATHV,122,0.0,0.040983606557377046,0.0,0.040983606557377046
primary300,gemma-4-26b-a4b,3,1.0,S,122,0.0,0.0,0.0,0.0
primary300,gemma-4-26b-a4b,3,1.0,T,122,0.14754098360655737,0.14754098360655737,0.0,0.14754098360655737
primary300,gemma-4-26b-a4b,3,1.0,V,122,0.0,0.0,0.0,0.0
primary300,gemma-4-26b-a4b,3,2.0,CONTEXTV,38,0.21052631578947367,0.21052631578947367,0.0,0.21052631578947367
primary300,gemma-4-26b-a4b,3,2.0,PATHV,38,0.0,0.02631578947368421,0.0,0.02631578947368421
primary300,gemma-4-26b-a4b,3,2.0,S,38,0.0,0.0,0.0,0.0
primary300,gemma-4-26b-a4b,3,2.0,T,38,0.18421052631578946,0.21052631578947367,0.0,0.21052631578947367
primary300,gemma-4-26b-a4b,3,2.0,V,38,0.0,0.0,0.0,0.0
primary300,gemma-4-26b-a4b,3,3.0,CONTEXTV,126,0.0,0.5158730158730159,1.0,0.5158730158730159
primary300,gemma-4-26b-a4b,3,3.0,PATHV,126,0.0,0.373015873015873,1.0,0.373015873015873
primary300,gemma-4-26b-a4b,3,3.0,S,126,0.0,0.031746031746031744,1.0,0.031746031746031744
primary300,gemma-4-26b-a4b,3,3.0,T,126,0.0,0.4603174603174603,1.0,0.4603174603174603
primary300,gemma-4-26b-a4b,3,3.0,V,126,0.0,0.36507936507936506,1.0,0.36507936507936506
primary300,gemma-4-26b-a4b,4,1.0,S,140,0.0,0.0,0.0,0.0
primary300,gemma-4-26b-a4b,4,1.0,T,140,0.0,0.0,0.0,0.0
primary300,gemma-4-26b-a4b,4,1.0,V,140,0.0,0.0,0.0,0.0
primary300,gemma-4-26b-a4b,4,3.0,S,145,0.0,0.006896551724137931,1.0,0.006896551724137931
primary300,gemma-4-26b-a4b,4,3.0,T,145,0.0,0.45517241379310347,1.0,0.45517241379310347
primary300,gemma-4-26b-a4b,4,3.0,V,145,0.0,0.2206896551724138,1.0,0.2206896551724138
primary300,qwen3.8-27b,1,1.0,CONTEXTV,96,0.6770833333333334,0.6770833333333334,0.0,0.6770833333333334
primary300,qwen3.8-27b,1,1.0,PATHV,96,0.3645833333333333,0.6666666666666666,0.0,0.6666666666666666
primary300,qwen3.8-27b,1,1.0,S,96,0.1875,0.1875,0.0,0.1875
primary300,qwen3.8-27b,1,1.0,T,96,0.6041666666666666,0.6041666666666666,0.0,0.6041666666666666
primary300,qwen3.8-27b,1,1.0,V,96,0.2916666666666667,0.59375,0.0,0.59375
primary300,qwen3.8-27b,1,2.0,CONTEXTV,93,0.7419354838709677,0.7419354838709677,0.0,0.7419354838709677
primary300,qwen3.8-27b,1,2.0,PATHV,93,0.43010752688172044,0.7311827956989247,0.0,0.7311827956989247
primary300,qwen3.8-27b,1,2.0,S,93,0.44086021505376344,0.44086021505376344,0.0,0.44086021505376344
primary300,qwen3.8-27b,1,2.0,T,93,0.7419354838709677,0.7419354838709677,0.0,0.7419354838709677
primary300,qwen3.8-27b,1,2.0,V,93,0.45161290322580644,0.7204301075268817,0.0,0.7204301075268817
primary300,qwen3.8-27b,1,3.0,CONTEXTV,104,0.08653846153846154,0.10576923076923077,0.875,0.10576923076923077
primary300,qwen3.8-27b,1,3.0,PATHV,104,0.18269230769230768,0.20192307692307693,0.7884615384615384,0.20192307692307693
primary300,qwen3.8-27b,1,3.0,S,104,0.21153846153846154,0.21153846153846154,0.6634615384615384,0.21153846153846154
primary300,qwen3.8-27b,1,3.0,T,104,0.17307692307692307,0.6730769230769231,0.7692307692307693,0.6634615384615384
primary300,qwen3.8-27b,1,3.0,V,104,0.08653846153846154,0.09615384615384616,0.8557692307692307,0.09615384615384616
primary300,qwen3.8-27b,2,1.0,CONTEXTV,101,0.44554455445544555,0.44554455445544555,0.0,0.44554455445544555
primary300,qwen3.8-27b,2,1.0,PATHV,101,0.1188118811881188,0.36633663366336633,0.0,0.36633663366336633
primary300,qwen3.8-27b,2,1.0,S,101,0.0594059405940594,0.0594059405940594,0.0,0.0594059405940594
primary300,qwen3.8-27b,2,1.0,T,101,0.4158415841584158,0.4158415841584158,0.0,0.4158415841584158
primary300,qwen3.8-27b,2,1.0,V,101,0.09900990099009901,0.3069306930693069,0.0,0.3069306930693069
primary300,qwen3.8-27b,2,2.0,CONTEXTV,84,0.5,0.6666666666666666,0.0,0.6666666666666666
primary300,qwen3.8-27b,2,2.0,PATHV,84,0.11904761904761904,0.5,0.0,0.5
primary300,qwen3.8-27b,2,2.0,S,84,0.15476190476190477,0.16666666666666666,0.0,0.16666666666666666
primary300,qwen3.8-27b,2,2.0,T,84,0.5595238095238095,0.6190476190476191,0.0,0.6190476190476191
primary300,qwen3.8-27b,2,2.0,V,84,0.11904761904761904,0.4523809523809524,0.0,0.4523809523809524
primary300,qwen3.8-27b,2,3.0,CONTEXTV,103,0.0,0.6699029126213593,0.9902912621359223,0.6699029126213593
primary300,qwen3.8-27b,2,3.0,PATHV,103,0.0,0.47572815533980584,1.0,0.47572815533980584
primary300,qwen3.8-27b,2,3.0,S,103,0.0,0.14563106796116504,0.9805825242718447,0.14563106796116504
primary300,qwen3.8-27b,2,3.0,T,103,0.0,0.6601941747572816,1.0,0.6601941747572816
primary300,qwen3.8-27b,2,3.0,V,103,0.0,0.47572815533980584,1.0,0.47572815533980584
primary300,qwen3.8-27b,3,1.0,CONTEXTV,122,0.1721311475409836,0.21311475409836064,0.0,0.21311475409836064
primary300,qwen3.8-27b,3,1.0,PATHV,122,0.0,0.10655737704918032,0.0,0.10655737704918032
primary300,qwen3.8-27b,3,1.0,S,122,0.0,0.0,0.0,0.0
primary300,qwen3.8-27b,3,1.0,T,122,0.1557377049180328,0.1557377049180328,0.0,0.1557377049180328
primary300,qwen3.8-27b,3,1.0,V,122,0.0,0.07377049180327869,0.0,0.07377049180327869
primary300,qwen3.8-27b,3,2.0,CONTEXTV,38,0.21052631578947367,0.34210526315789475,0.0,0.34210526315789475
primary300,qwen3.8-27b,3,2.0,PATHV,38,0.0,0.2894736842105263,0.0,0.2894736842105263
primary300,qwen3.8-27b,3,2.0,S,38,0.0,0.02631578947368421,0.0,0.02631578947368421
primary300,qwen3.8-27b,3,2.0,T,38,0.21052631578947367,0.3157894736842105,0.0,0.3157894736842105
primary300,qwen3.8-27b,3,2.0,V,38,0.0,0.21052631578947367,0.0,0.21052631578947367
primary300,qwen3.8-27b,3,3.0,CONTEXTV,126,0.0,0.5079365079365079,0.9682539682539683,0.49206349206349204
primary300,qwen3.8-27b,3,3.0,PATHV,126,0.0,0.29365079365079366,0.9841269841269841,0.29365079365079366
primary300,qwen3.8-27b,3,3.0,S,126,0.0,0.047619047619047616,1.0,0.047619047619047616
primary300,qwen3.8-27b,3,3.0,T,126,0.0,0.5396825396825397,1.0,0.5396825396825397
primary300,qwen3.8-27b,3,3.0,V,126,0.0,0.29365079365079366,1.0,0.29365079365079366
primary300,qwen3.8-27b,4,1.0,S,140,0.0,0.0,0.0,0.0
primary300,qwen3.8-27b,4,1.0,T,140,0.0,0.007142857142857143,0.0,0.007142857142857143
primary300,qwen3.8-27b,4,1.0,V,140,0.0,0.007142857142857143,0.0,0.007142857142857143
primary300,qwen3.8-27b,4,3.0,S,145,0.0,0.041379310344827586,1.0,0.041379310344827586
primary300,qwen3.8-27b,4,3.0,T,145,0.0,0.4206896551724138,1.0,0.4206896551724138
primary300,qwen3.8-27b,4,3.0,V,145,0.0,0.15172413793103448,1.0,0.15172413793103448
aegislab,gemma-4-26b-a4b,1,1.0,CONTEXTV,29,0.6206896551724138,0.6206896551724138,0.0,0.6206896551724138
aegislab,gemma-4-26b-a4b,1,1.0,PATHV,29,0.3103448275862069,0.41379310344827586,0.0,0.41379310344827586
aegislab,gemma-4-26b-a4b,1,1.0,S,29,0.0,0.0,0.0,0.0
aegislab,gemma-4-26b-a4b,1,1.0,T,29,0.5172413793103449,0.5172413793103449,0.0,0.5172413793103449
aegislab,gemma-4-26b-a4b,1,1.0,V,29,0.27586206896551724,0.4827586206896552,0.0,0.4827586206896552
aegislab,gemma-4-26b-a4b,1,2.0,CONTEXTV,30,0.7,0.7,0.0,0.7
aegislab,gemma-4-26b-a4b,1,2.0,PATHV,30,0.4,0.5333333333333333,0.0,0.5333333333333333
aegislab,gemma-4-26b-a4b,1,2.0,S,30,0.1,0.13333333333333333,0.0,0.13333333333333333
aegislab,gemma-4-26b-a4b,1,2.0,T,30,0.7,0.7,0.0,0.7
aegislab,gemma-4-26b-a4b,1,2.0,V,30,0.4,0.5333333333333333,0.0,0.5333333333333333
aegislab,gemma-4-26b-a4b,1,3.0,CONTEXTV,40,0.0,0.85,1.0,0.85
aegislab,gemma-4-26b-a4b,1,3.0,PATHV,40,0.0,0.725,1.0,0.725
aegislab,gemma-4-26b-a4b,1,3.0,S,40,0.0,0.3,1.0,0.3
aegislab,gemma-4-26b-a4b,1,3.0,T,40,0.0,0.875,1.0,0.875
aegislab,gemma-4-26b-a4b,1,3.0,V,40,0.0,0.7,1.0,0.7
aegislab,gemma-4-26b-a4b,2,1.0,CONTEXTV,38,0.5,0.5,0.0,0.5
aegislab,gemma-4-26b-a4b,2,1.0,PATHV,38,0.21052631578947367,0.39473684210526316,0.0,0.39473684210526316
aegislab,gemma-4-26b-a4b,2,1.0,S,38,0.0,0.0,0.0,0.0
aegislab,gemma-4-26b-a4b,2,1.0,T,38,0.3684210526315789,0.3684210526315789,0.0,0.3684210526315789
aegislab,gemma-4-26b-a4b,2,1.0,V,38,0.07894736842105263,0.15789473684210525,0.0,0.15789473684210525
aegislab,gemma-4-26b-a4b,2,2.0,CONTEXTV,26,0.3076923076923077,0.3076923076923077,0.0,0.3076923076923077
aegislab,gemma-4-26b-a4b,2,2.0,PATHV,26,0.0,0.19230769230769232,0.0,0.19230769230769232
aegislab,gemma-4-26b-a4b,2,2.0,S,26,0.0,0.0,0.0,0.0
aegislab,gemma-4-26b-a4b,2,2.0,T,26,0.19230769230769232,0.2692307692307692,0.0,0.2692307692307692
aegislab,gemma-4-26b-a4b,2,2.0,V,26,0.0,0.15384615384615385,0.0,0.15384615384615385
aegislab,gemma-4-26b-a4b,2,3.0,CONTEXTV,35,0.0,0.6857142857142857,1.0,0.6857142857142857
aegislab,gemma-4-26b-a4b,2,3.0,PATHV,35,0.0,0.42857142857142855,1.0,0.42857142857142855
aegislab,gemma-4-26b-a4b,2,3.0,S,35,0.0,0.05714285714285714,1.0,0.05714285714285714
aegislab,gemma-4-26b-a4b,2,3.0,T,35,0.0,0.6571428571428571,1.0,0.6571428571428571
aegislab,gemma-4-26b-a4b,2,3.0,V,35,0.0,0.7142857142857143,1.0,0.7142857142857143
aegislab,gemma-4-26b-a4b,3,1.0,CONTEXTV,38,0.15789473684210525,0.15789473684210525,0.0,0.15789473684210525
aegislab,gemma-4-26b-a4b,3,1.0,PATHV,38,0.0,0.05263157894736842,0.0,0.05263157894736842
aegislab,gemma-4-26b-a4b,3,1.0,S,38,0.0,0.0,0.0,0.0
aegislab,gemma-4-26b-a4b,3,1.0,T,38,0.07894736842105263,0.07894736842105263,0.0,0.07894736842105263
aegislab,gemma-4-26b-a4b,3,1.0,V,38,0.0,0.0,0.0,0.0
aegislab,gemma-4-26b-a4b,3,2.0,CONTEXTV,20,0.1,0.1,0.0,0.1
aegislab,gemma-4-26b-a4b,3,2.0,PATHV,20,0.0,0.05,0.0,0.05
aegislab,gemma-4-26b-a4b,3,2.0,S,20,0.0,0.0,0.0,0.0
aegislab,gemma-4-26b-a4b,3,2.0,T,20,0.05,0.1,0.0,0.1
aegislab,gemma-4-26b-a4b,3,2.0,V,20,0.0,0.0,0.0,0.0
aegislab,gemma-4-26b-a4b,3,3.0,CONTEXTV,41,0.0,0.5121951219512195,1.0,0.5121951219512195
aegislab,gemma-4-26b-a4b,3,3.0,PATHV,41,0.0,0.3902439024390244,1.0,0.3902439024390244
aegislab,gemma-4-26b-a4b,3,3.0,S,41,0.0,0.07317073170731707,1.0,0.07317073170731707
aegislab,gemma-4-26b-a4b,3,3.0,T,41,0.0,0.43902439024390244,1.0,0.43902439024390244
aegislab,gemma-4-26b-a4b,3,3.0,V,41,0.0,0.3902439024390244,1.0,0.3902439024390244
aegislab,gemma-4-26b-a4b,4,1.0,S,50,0.0,0.0,0.0,0.0
aegislab,gemma-4-26b-a4b,4,1.0,T,50,0.0,0.0,0.0,0.0
aegislab,gemma-4-26b-a4b,4,1.0,V,50,0.0,0.0,0.0,0.0
aegislab,gemma-4-26b-a4b,4,3.0,S,48,0.0,0.0,1.0,0.0
aegislab,gemma-4-26b-a4b,4,3.0,T,48,0.0,0.4791666666666667,1.0,0.4791666666666667
aegislab,gemma-4-26b-a4b,4,3.0,V,48,0.0,0.2708333333333333,1.0,0.2708333333333333
aegislab,qwen3.8-27b,1,1.0,CONTEXTV,29,0.6896551724137931,0.6896551724137931,0.0,0.6896551724137931
aegislab,qwen3.8-27b,1,1.0,PATHV,29,0.3448275862068966,0.6896551724137931,0.0,0.6896551724137931
aegislab,qwen3.8-27b,1,1.0,S,29,0.20689655172413793,0.20689655172413793,0.0,0.20689655172413793
aegislab,qwen3.8-27b,1,1.0,T,29,0.5862068965517241,0.5862068965517241,0.0,0.5862068965517241
aegislab,qwen3.8-27b,1,1.0,V,29,0.3103448275862069,0.6896551724137931,0.0,0.6896551724137931
aegislab,qwen3.8-27b,1,2.0,CONTEXTV,30,0.7,0.7,0.0,0.7
aegislab,qwen3.8-27b,1,2.0,PATHV,30,0.4,0.7333333333333333,0.0,0.7333333333333333
aegislab,qwen3.8-27b,1,2.0,S,30,0.4666666666666667,0.4666666666666667,0.0,0.4666666666666667
aegislab,qwen3.8-27b,1,2.0,T,30,0.7,0.7,0.0,0.7
aegislab,qwen3.8-27b,1,2.0,V,30,0.5,0.7333333333333333,0.0,0.7333333333333333
aegislab,qwen3.8-27b,1,3.0,CONTEXTV,40,0.125,0.125,0.8,0.125
aegislab,qwen3.8-27b,1,3.0,PATHV,40,0.2,0.225,0.8,0.225
aegislab,qwen3.8-27b,1,3.0,S,40,0.25,0.25,0.65,0.25
aegislab,qwen3.8-27b,1,3.0,T,40,0.175,0.775,0.8,0.775
aegislab,qwen3.8-27b,1,3.0,V,40,0.15,0.15,0.8,0.15
aegislab,qwen3.8-27b,2,1.0,CONTEXTV,38,0.5526315789473685,0.5526315789473685,0.0,0.5526315789473685
aegislab,qwen3.8-27b,2,1.0,PATHV,38,0.18421052631578946,0.39473684210526316,0.0,0.39473684210526316
aegislab,qwen3.8-27b,2,1.0,S,38,0.10526315789473684,0.10526315789473684,0.0,0.10526315789473684
aegislab,qwen3.8-27b,2,1.0,T,38,0.5,0.5,0.0,0.5
aegislab,qwen3.8-27b,2,1.0,V,38,0.21052631578947367,0.42105263157894735,0.0,0.42105263157894735
aegislab,qwen3.8-27b,2,2.0,CONTEXTV,26,0.23076923076923078,0.5,0.0,0.5
aegislab,qwen3.8-27b,2,2.0,PATHV,26,0.0,0.23076923076923078,0.0,0.23076923076923078
aegislab,qwen3.8-27b,2,2.0,S,26,0.07692307692307693,0.07692307692307693,0.0,0.07692307692307693
aegislab,qwen3.8-27b,2,2.0,T,26,0.2692307692307692,0.4230769230769231,0.0,0.4230769230769231
aegislab,qwen3.8-27b,2,2.0,V,26,0.0,0.3076923076923077,0.0,0.3076923076923077
aegislab,qwen3.8-27b,2,3.0,CONTEXTV,35,0.0,0.6571428571428571,1.0,0.6571428571428571
aegislab,qwen3.8-27b,2,3.0,PATHV,35,0.0,0.5428571428571428,1.0,0.5428571428571428
aegislab,qwen3.8-27b,2,3.0,S,35,0.0,0.17142857142857143,1.0,0.17142857142857143
aegislab,qwen3.8-27b,2,3.0,T,35,0.0,0.7142857142857143,1.0,0.7142857142857143
aegislab,qwen3.8-27b,2,3.0,V,35,0.0,0.6,1.0,0.6
aegislab,qwen3.8-27b,3,1.0,CONTEXTV,38,0.13157894736842105,0.23684210526315788,0.0,0.23684210526315788
aegislab,qwen3.8-27b,3,1.0,PATHV,38,0.0,0.07894736842105263,0.0,0.07894736842105263
aegislab,qwen3.8-27b,3,1.0,S,38,0.0,0.0,0.0,0.0
aegislab,qwen3.8-27b,3,1.0,T,38,0.15789473684210525,0.15789473684210525,0.0,0.15789473684210525
aegislab,qwen3.8-27b,3,1.0,V,38,0.0,0.07894736842105263,0.0,0.07894736842105263
aegislab,qwen3.8-27b,3,2.0,CONTEXTV,20,0.05,0.3,0.0,0.3
aegislab,qwen3.8-27b,3,2.0,PATHV,20,0.0,0.25,0.0,0.25
aegislab,qwen3.8-27b,3,2.0,S,20,0.0,0.05,0.0,0.05
aegislab,qwen3.8-27b,3,2.0,T,20,0.1,0.3,0.0,0.3
aegislab,qwen3.8-27b,3,2.0,V,20,0.0,0.25,0.0,0.25
aegislab,qwen3.8-27b,3,3.0,CONTEXTV,41,0.0,0.5609756097560976,0.9512195121951219,0.5609756097560976
aegislab,qwen3.8-27b,3,3.0,PATHV,41,0.0,0.3170731707317073,0.975609756097561,0.3170731707317073
aegislab,qwen3.8-27b,3,3.0,S,41,0.0,0.0,1.0,0.0
aegislab,qwen3.8-27b,3,3.0,T,41,0.0,0.5609756097560976,1.0,0.5609756097560976
aegislab,qwen3.8-27b,3,3.0,V,41,0.0,0.36585365853658536,1.0,0.36585365853658536
aegislab,qwen3.8-27b,4,1.0,S,50,0.0,0.0,0.0,0.0
aegislab,qwen3.8-27b,4,1.0,T,50,0.0,0.02,0.0,0.02
aegislab,qwen3.8-27b,4,1.0,V,50,0.0,0.0,0.0,0.0
aegislab,qwen3.8-27b,4,3.0,S,48,0.0,0.041666666666666664,1.0,0.041666666666666664
aegislab,qwen3.8-27b,4,3.0,T,48,0.0,0.3958333333333333,1.0,0.3958333333333333
aegislab,qwen3.8-27b,4,3.0,V,48,0.0,0.1875,1.0,0.1875
aiops2022,gemma-4-26b-a4b,1,1.0,CONTEXTV,30,0.6666666666666666,0.6666666666666666,0.0,0.6666666666666666
aiops2022,gemma-4-26b-a4b,1,1.0,PATHV,30,0.4,0.5666666666666667,0.0,0.5666666666666667
aiops2022,gemma-4-26b-a4b,1,1.0,S,30,0.0,0.0,0.0,0.0
aiops2022,gemma-4-26b-a4b,1,1.0,T,30,0.6,0.6,0.0,0.6
aiops2022,gemma-4-26b-a4b,1,1.0,V,30,0.2,0.26666666666666666,0.0,0.26666666666666666
aiops2022,gemma-4-26b-a4b,1,2.0,CONTEXTV,32,0.84375,0.84375,0.0,0.84375
aiops2022,gemma-4-26b-a4b,1,2.0,PATHV,32,0.53125,0.625,0.0,0.625
aiops2022,gemma-4-26b-a4b,1,2.0,S,32,0.21875,0.28125,0.0,0.28125
aiops2022,gemma-4-26b-a4b,1,2.0,T,32,0.84375,0.84375,0.0,0.84375
aiops2022,gemma-4-26b-a4b,1,2.0,V,32,0.46875,0.5625,0.0,0.5625
aiops2022,gemma-4-26b-a4b,1,3.0,CONTEXTV,36,0.0,0.8333333333333334,1.0,0.8333333333333334
aiops2022,gemma-4-26b-a4b,1,3.0,PATHV,36,0.0,0.6944444444444444,1.0,0.6944444444444444
aiops2022,gemma-4-26b-a4b,1,3.0,S,36,0.0,0.19444444444444445,1.0,0.19444444444444445
aiops2022,gemma-4-26b-a4b,1,3.0,T,36,0.0,0.7222222222222222,1.0,0.7222222222222222
aiops2022,gemma-4-26b-a4b,1,3.0,V,36,0.0,0.6388888888888888,1.0,0.6388888888888888
aiops2022,gemma-4-26b-a4b,2,1.0,CONTEXTV,26,0.46153846153846156,0.46153846153846156,0.0,0.46153846153846156
aiops2022,gemma-4-26b-a4b,2,1.0,PATHV,26,0.15384615384615385,0.2692307692307692,0.0,0.2692307692307692
aiops2022,gemma-4-26b-a4b,2,1.0,S,26,0.0,0.0,0.0,0.0
aiops2022,gemma-4-26b-a4b,2,1.0,T,26,0.5,0.5,0.0,0.5
aiops2022,gemma-4-26b-a4b,2,1.0,V,26,0.038461538461538464,0.07692307692307693,0.0,0.07692307692307693
aiops2022,gemma-4-26b-a4b,2,2.0,CONTEXTV,36,0.8333333333333334,0.8333333333333334,0.0,0.8333333333333334
aiops2022,gemma-4-26b-a4b,2,2.0,PATHV,36,0.2777777777777778,0.4722222222222222,0.0,0.4722222222222222
aiops2022,gemma-4-26b-a4b,2,2.0,S,36,0.1111111111111111,0.16666666666666666,0.0,0.16666666666666666
aiops2022,gemma-4-26b-a4b,2,2.0,T,36,0.8333333333333334,0.8333333333333334,0.0,0.8333333333333334
aiops2022,gemma-4-26b-a4b,2,2.0,V,36,0.19444444444444445,0.3611111111111111,0.0,0.3611111111111111
aiops2022,gemma-4-26b-a4b,2,3.0,CONTEXTV,36,0.0,0.6111111111111112,1.0,0.6111111111111112
aiops2022,gemma-4-26b-a4b,2,3.0,PATHV,36,0.0,0.5833333333333334,1.0,0.5833333333333334
aiops2022,gemma-4-26b-a4b,2,3.0,S,36,0.0,0.16666666666666666,1.0,0.16666666666666666
aiops2022,gemma-4-26b-a4b,2,3.0,T,36,0.0,0.6111111111111112,1.0,0.6111111111111112
aiops2022,gemma-4-26b-a4b,2,3.0,V,36,0.0,0.5277777777777778,1.0,0.5277777777777778
aiops2022,gemma-4-26b-a4b,3,1.0,CONTEXTV,50,0.24,0.24,0.0,0.24
aiops2022,gemma-4-26b-a4b,3,1.0,PATHV,50,0.0,0.04,0.0,0.04
aiops2022,gemma-4-26b-a4b,3,1.0,S,50,0.0,0.0,0.0,0.0
aiops2022,gemma-4-26b-a4b,3,1.0,T,50,0.18,0.18,0.0,0.18
aiops2022,gemma-4-26b-a4b,3,1.0,V,50,0.0,0.0,0.0,0.0
aiops2022,gemma-4-26b-a4b,3,2.0,CONTEXTV,6,1.0,1.0,0.0,1.0
aiops2022,gemma-4-26b-a4b,3,2.0,PATHV,6,0.0,0.0,0.0,0.0
aiops2022,gemma-4-26b-a4b,3,2.0,S,6,0.0,0.0,0.0,0.0
aiops2022,gemma-4-26b-a4b,3,2.0,T,6,0.8333333333333334,0.8333333333333334,0.0,0.8333333333333334
aiops2022,gemma-4-26b-a4b,3,2.0,V,6,0.0,0.0,0.0,0.0
aiops2022,gemma-4-26b-a4b,3,3.0,CONTEXTV,42,0.0,0.5238095238095238,1.0,0.5238095238095238
aiops2022,gemma-4-26b-a4b,3,3.0,PATHV,42,0.0,0.40476190476190477,1.0,0.40476190476190477
aiops2022,gemma-4-26b-a4b,3,3.0,S,42,0.0,0.0,1.0,0.0
aiops2022,gemma-4-26b-a4b,3,3.0,T,42,0.0,0.4523809523809524,1.0,0.4523809523809524
aiops2022,gemma-4-26b-a4b,3,3.0,V,42,0.0,0.40476190476190477,1.0,0.40476190476190477
aiops2022,gemma-4-26b-a4b,4,1.0,S,46,0.0,0.0,0.0,0.0
aiops2022,gemma-4-26b-a4b,4,1.0,T,46,0.0,0.0,0.0,0.0
aiops2022,gemma-4-26b-a4b,4,1.0,V,46,0.0,0.0,0.0,0.0
aiops2022,gemma-4-26b-a4b,4,3.0,S,52,0.0,0.019230769230769232,1.0,0.019230769230769232
aiops2022,gemma-4-26b-a4b,4,3.0,T,52,0.0,0.4230769230769231,1.0,0.4230769230769231
aiops2022,gemma-4-26b-a4b,4,3.0,V,52,0.0,0.25,1.0,0.25
aiops2022,qwen3.8-27b,1,1.0,CONTEXTV,30,0.6666666666666666,0.6666666666666666,0.0,0.6666666666666666
aiops2022,qwen3.8-27b,1,1.0,PATHV,30,0.36666666666666664,0.6333333333333333,0.0,0.6333333333333333
aiops2022,qwen3.8-27b,1,1.0,S,30,0.16666666666666666,0.16666666666666666,0.0,0.16666666666666666
aiops2022,qwen3.8-27b,1,1.0,T,30,0.5666666666666667,0.5666666666666667,0.0,0.5666666666666667
aiops2022,qwen3.8-27b,1,1.0,V,30,0.26666666666666666,0.5,0.0,0.5
aiops2022,qwen3.8-27b,1,2.0,CONTEXTV,32,0.84375,0.84375,0.0,0.84375
aiops2022,qwen3.8-27b,1,2.0,PATHV,32,0.53125,0.78125,0.0,0.78125
aiops2022,qwen3.8-27b,1,2.0,S,32,0.5,0.5,0.0,0.5
aiops2022,qwen3.8-27b,1,2.0,T,32,0.84375,0.84375,0.0,0.84375
aiops2022,qwen3.8-27b,1,2.0,V,32,0.46875,0.71875,0.0,0.71875
aiops2022,qwen3.8-27b,1,3.0,CONTEXTV,36,0.1111111111111111,0.1388888888888889,0.8888888888888888,0.1388888888888889
aiops2022,qwen3.8-27b,1,3.0,PATHV,36,0.3055555555555556,0.3055555555555556,0.6388888888888888,0.3055555555555556
aiops2022,qwen3.8-27b,1,3.0,S,36,0.3055555555555556,0.3055555555555556,0.5,0.3055555555555556
aiops2022,qwen3.8-27b,1,3.0,T,36,0.2222222222222222,0.7222222222222222,0.7222222222222222,0.7222222222222222
aiops2022,qwen3.8-27b,1,3.0,V,36,0.08333333333333333,0.08333333333333333,0.8611111111111112,0.08333333333333333
aiops2022,qwen3.8-27b,2,1.0,CONTEXTV,26,0.46153846153846156,0.46153846153846156,0.0,0.46153846153846156
aiops2022,qwen3.8-27b,2,1.0,PATHV,26,0.15384615384615385,0.4230769230769231,0.0,0.4230769230769231
aiops2022,qwen3.8-27b,2,1.0,S,26,0.038461538461538464,0.038461538461538464,0.0,0.038461538461538464
aiops2022,qwen3.8-27b,2,1.0,T,26,0.4230769230769231,0.4230769230769231,0.0,0.4230769230769231
aiops2022,qwen3.8-27b,2,1.0,V,26,0.038461538461538464,0.23076923076923078,0.0,0.23076923076923078
aiops2022,qwen3.8-27b,2,2.0,CONTEXTV,36,0.7777777777777778,0.8333333333333334,0.0,0.8333333333333334
aiops2022,qwen3.8-27b,2,2.0,PATHV,36,0.25,0.75,0.0,0.75
aiops2022,qwen3.8-27b,2,2.0,S,36,0.2777777777777778,0.3055555555555556,0.0,0.3055555555555556
aiops2022,qwen3.8-27b,2,2.0,T,36,0.8055555555555556,0.8055555555555556,0.0,0.8055555555555556
aiops2022,qwen3.8-27b,2,2.0,V,36,0.25,0.6666666666666666,0.0,0.6666666666666666
aiops2022,qwen3.8-27b,2,3.0,CONTEXTV,36,0.0,0.6666666666666666,0.9722222222222222,0.6666666666666666
aiops2022,qwen3.8-27b,2,3.0,PATHV,36,0.0,0.4444444444444444,1.0,0.4444444444444444
aiops2022,qwen3.8-27b,2,3.0,S,36,0.0,0.1111111111111111,0.9722222222222222,0.1111111111111111
aiops2022,qwen3.8-27b,2,3.0,T,36,0.0,0.6666666666666666,1.0,0.6666666666666666
aiops2022,qwen3.8-27b,2,3.0,V,36,0.0,0.5,1.0,0.5
aiops2022,qwen3.8-27b,3,1.0,CONTEXTV,50,0.26,0.28,0.0,0.28
aiops2022,qwen3.8-27b,3,1.0,PATHV,50,0.0,0.12,0.0,0.12
aiops2022,qwen3.8-27b,3,1.0,S,50,0.0,0.0,0.0,0.0
aiops2022,qwen3.8-27b,3,1.0,T,50,0.22,0.22,0.0,0.22
aiops2022,qwen3.8-27b,3,1.0,V,50,0.0,0.12,0.0,0.12
aiops2022,qwen3.8-27b,3,2.0,CONTEXTV,6,1.0,1.0,0.0,1.0
aiops2022,qwen3.8-27b,3,2.0,PATHV,6,0.0,0.5,0.0,0.5
aiops2022,qwen3.8-27b,3,2.0,S,6,0.0,0.0,0.0,0.0
aiops2022,qwen3.8-27b,3,2.0,T,6,1.0,1.0,0.0,1.0
aiops2022,qwen3.8-27b,3,2.0,V,6,0.0,0.3333333333333333,0.0,0.3333333333333333
aiops2022,qwen3.8-27b,3,3.0,CONTEXTV,42,0.0,0.5476190476190477,0.9523809523809523,0.5
aiops2022,qwen3.8-27b,3,3.0,PATHV,42,0.0,0.2857142857142857,1.0,0.2857142857142857
aiops2022,qwen3.8-27b,3,3.0,S,42,0.0,0.07142857142857142,1.0,0.07142857142857142
aiops2022,qwen3.8-27b,3,3.0,T,42,0.0,0.5476190476190477,1.0,0.5476190476190477
aiops2022,qwen3.8-27b,3,3.0,V,42,0.0,0.2857142857142857,1.0,0.2857142857142857
aiops2022,qwen3.8-27b,4,1.0,S,46,0.0,0.0,0.0,0.0
aiops2022,qwen3.8-27b,4,1.0,T,46,0.0,0.0,0.0,0.0
aiops2022,qwen3.8-27b,4,1.0,V,46,0.0,0.021739130434782608,0.0,0.021739130434782608
aiops2022,qwen3.8-27b,4,3.0,S,52,0.0,0.057692307692307696,1.0,0.057692307692307696
aiops2022,qwen3.8-27b,4,3.0,T,52,0.0,0.38461538461538464,1.0,0.38461538461538464
aiops2022,qwen3.8-27b,4,3.0,V,52,0.0,0.15384615384615385,1.0,0.15384615384615385
aiops2025,gemma-4-26b-a4b,1,1.0,CONTEXTV,37,0.7027027027027027,0.7027027027027027,0.0,0.7027027027027027
aiops2025,gemma-4-26b-a4b,1,1.0,PATHV,37,0.40540540540540543,0.5945945945945946,0.0,0.5945945945945946
aiops2025,gemma-4-26b-a4b,1,1.0,S,37,0.05405405405405406,0.05405405405405406,0.0,0.05405405405405406
aiops2025,gemma-4-26b-a4b,1,1.0,T,37,0.6216216216216216,0.6216216216216216,0.0,0.6216216216216216
aiops2025,gemma-4-26b-a4b,1,1.0,V,37,0.24324324324324326,0.40540540540540543,0.0,0.40540540540540543
aiops2025,gemma-4-26b-a4b,1,2.0,CONTEXTV,31,0.6774193548387096,0.6774193548387096,0.0,0.6774193548387096
aiops2025,gemma-4-26b-a4b,1,2.0,PATHV,31,0.3225806451612903,0.5161290322580645,0.0,0.5161290322580645
aiops2025,gemma-4-26b-a4b,1,2.0,S,31,0.22580645161290322,0.25806451612903225,0.0,0.25806451612903225
aiops2025,gemma-4-26b-a4b,1,2.0,T,31,0.6774193548387096,0.6774193548387096,0.0,0.6774193548387096
aiops2025,gemma-4-26b-a4b,1,2.0,V,31,0.25806451612903225,0.3870967741935484,0.0,0.3870967741935484
aiops2025,gemma-4-26b-a4b,1,3.0,CONTEXTV,28,0.0,0.75,1.0,0.75
aiops2025,gemma-4-26b-a4b,1,3.0,PATHV,28,0.0,0.6428571428571429,1.0,0.6428571428571429
aiops2025,gemma-4-26b-a4b,1,3.0,S,28,0.0,0.10714285714285714,1.0,0.10714285714285714
aiops2025,gemma-4-26b-a4b,1,3.0,T,28,0.0,0.7857142857142857,1.0,0.7857142857142857
aiops2025,gemma-4-26b-a4b,1,3.0,V,28,0.0,0.5714285714285714,1.0,0.5714285714285714
aiops2025,gemma-4-26b-a4b,2,1.0,CONTEXTV,37,0.3783783783783784,0.3783783783783784,0.0,0.3783783783783784
aiops2025,gemma-4-26b-a4b,2,1.0,PATHV,37,0.0,0.1891891891891892,0.0,0.1891891891891892
aiops2025,gemma-4-26b-a4b,2,1.0,S,37,0.0,0.0,0.0,0.0
aiops2025,gemma-4-26b-a4b,2,1.0,T,37,0.3783783783783784,0.3783783783783784,0.0,0.3783783783783784
aiops2025,gemma-4-26b-a4b,2,1.0,V,37,0.0,0.13513513513513514,0.0,0.13513513513513514
aiops2025,gemma-4-26b-a4b,2,2.0,CONTEXTV,22,0.4090909090909091,0.4090909090909091,0.0,0.4090909090909091
aiops2025,gemma-4-26b-a4b,2,2.0,PATHV,22,0.0,0.18181818181818182,0.0,0.18181818181818182
aiops2025,gemma-4-26b-a4b,2,2.0,S,22,0.0,0.0,0.0,0.0
aiops2025,gemma-4-26b-a4b,2,2.0,T,22,0.4090909090909091,0.4090909090909091,0.0,0.4090909090909091
aiops2025,gemma-4-26b-a4b,2,2.0,V,22,0.045454545454545456,0.13636363636363635,0.0,0.13636363636363635
aiops2025,gemma-4-26b-a4b,2,3.0,CONTEXTV,32,0.0,0.71875,1.0,0.71875
aiops2025,gemma-4-26b-a4b,2,3.0,PATHV,32,0.0,0.40625,1.0,0.40625
aiops2025,gemma-4-26b-a4b,2,3.0,S,32,0.0,0.0625,1.0,0.0625
aiops2025,gemma-4-26b-a4b,2,3.0,T,32,0.0,0.6875,1.0,0.6875
aiops2025,gemma-4-26b-a4b,2,3.0,V,32,0.0,0.3125,1.0,0.3125
aiops2025,gemma-4-26b-a4b,3,1.0,CONTEXTV,34,0.11764705882352941,0.11764705882352941,0.0,0.11764705882352941
aiops2025,gemma-4-26b-a4b,3,1.0,PATHV,34,0.0,0.029411764705882353,0.0,0.029411764705882353
aiops2025,gemma-4-26b-a4b,3,1.0,S,34,0.0,0.0,0.0,0.0
aiops2025,gemma-4-26b-a4b,3,1.0,T,34,0.17647058823529413,0.17647058823529413,0.0,0.17647058823529413
aiops2025,gemma-4-26b-a4b,3,1.0,V,34,0.0,0.0,0.0,0.0
aiops2025,gemma-4-26b-a4b,3,2.0,CONTEXTV,12,0.0,0.0,0.0,0.0
aiops2025,gemma-4-26b-a4b,3,2.0,PATHV,12,0.0,0.0,0.0,0.0
aiops2025,gemma-4-26b-a4b,3,2.0,S,12,0.0,0.0,0.0,0.0
aiops2025,gemma-4-26b-a4b,3,2.0,T,12,0.08333333333333333,0.08333333333333333,0.0,0.08333333333333333
aiops2025,gemma-4-26b-a4b,3,2.0,V,12,0.0,0.0,0.0,0.0
aiops2025,gemma-4-26b-a4b,3,3.0,CONTEXTV,43,0.0,0.5116279069767442,1.0,0.5116279069767442
aiops2025,gemma-4-26b-a4b,3,3.0,PATHV,43,0.0,0.32558139534883723,1.0,0.32558139534883723
aiops2025,gemma-4-26b-a4b,3,3.0,S,43,0.0,0.023255813953488372,1.0,0.023255813953488372
aiops2025,gemma-4-26b-a4b,3,3.0,T,43,0.0,0.4883720930232558,1.0,0.4883720930232558
aiops2025,gemma-4-26b-a4b,3,3.0,V,43,0.0,0.3023255813953488,1.0,0.3023255813953488
aiops2025,gemma-4-26b-a4b,4,1.0,S,44,0.0,0.0,0.0,0.0
aiops2025,gemma-4-26b-a4b,4,1.0,T,44,0.0,0.0,0.0,0.0
aiops2025,gemma-4-26b-a4b,4,1.0,V,44,0.0,0.0,0.0,0.0
aiops2025,gemma-4-26b-a4b,4,3.0,S,45,0.0,0.0,1.0,0.0
aiops2025,gemma-4-26b-a4b,4,3.0,T,45,0.0,0.4666666666666667,1.0,0.4666666666666667
aiops2025,gemma-4-26b-a4b,4,3.0,V,45,0.0,0.13333333333333333,1.0,0.13333333333333333
aiops2025,qwen3.8-27b,1,1.0,CONTEXTV,37,0.6756756756756757,0.6756756756756757,0.0,0.6756756756756757
aiops2025,qwen3.8-27b,1,1.0,PATHV,37,0.3783783783783784,0.6756756756756757,0.0,0.6756756756756757
aiops2025,qwen3.8-27b,1,1.0,S,37,0.1891891891891892,0.1891891891891892,0.0,0.1891891891891892
aiops2025,qwen3.8-27b,1,1.0,T,37,0.6486486486486487,0.6486486486486487,0.0,0.6486486486486487
aiops2025,qwen3.8-27b,1,1.0,V,37,0.2972972972972973,0.5945945945945946,0.0,0.5945945945945946
aiops2025,qwen3.8-27b,1,2.0,CONTEXTV,31,0.6774193548387096,0.6774193548387096,0.0,0.6774193548387096
aiops2025,qwen3.8-27b,1,2.0,PATHV,31,0.3548387096774194,0.6774193548387096,0.0,0.6774193548387096
aiops2025,qwen3.8-27b,1,2.0,S,31,0.3548387096774194,0.3548387096774194,0.0,0.3548387096774194
aiops2025,qwen3.8-27b,1,2.0,T,31,0.6774193548387096,0.6774193548387096,0.0,0.6774193548387096
aiops2025,qwen3.8-27b,1,2.0,V,31,0.3870967741935484,0.7096774193548387,0.0,0.7096774193548387
aiops2025,qwen3.8-27b,1,3.0,CONTEXTV,28,0.0,0.03571428571428571,0.9642857142857143,0.03571428571428571
aiops2025,qwen3.8-27b,1,3.0,PATHV,28,0.0,0.03571428571428571,0.9642857142857143,0.03571428571428571
aiops2025,qwen3.8-27b,1,3.0,S,28,0.03571428571428571,0.03571428571428571,0.8928571428571429,0.03571428571428571
aiops2025,qwen3.8-27b,1,3.0,T,28,0.10714285714285714,0.4642857142857143,0.7857142857142857,0.42857142857142855
aiops2025,qwen3.8-27b,1,3.0,V,28,0.0,0.03571428571428571,0.9285714285714286,0.03571428571428571
aiops2025,qwen3.8-27b,2,1.0,CONTEXTV,37,0.32432432432432434,0.32432432432432434,0.0,0.32432432432432434
aiops2025,qwen3.8-27b,2,1.0,PATHV,37,0.02702702702702703,0.2972972972972973,0.0,0.2972972972972973
aiops2025,qwen3.8-27b,2,1.0,S,37,0.02702702702702703,0.02702702702702703,0.0,0.02702702702702703
aiops2025,qwen3.8-27b,2,1.0,T,37,0.32432432432432434,0.32432432432432434,0.0,0.32432432432432434
aiops2025,qwen3.8-27b,2,1.0,V,37,0.02702702702702703,0.24324324324324326,0.0,0.24324324324324326
aiops2025,qwen3.8-27b,2,2.0,CONTEXTV,22,0.36363636363636365,0.5909090909090909,0.0,0.5909090909090909
aiops2025,qwen3.8-27b,2,2.0,PATHV,22,0.045454545454545456,0.4090909090909091,0.0,0.4090909090909091
aiops2025,qwen3.8-27b,2,2.0,S,22,0.045454545454545456,0.045454545454545456,0.0,0.045454545454545456
aiops2025,qwen3.8-27b,2,2.0,T,22,0.5,0.5454545454545454,0.0,0.5454545454545454
aiops2025,qwen3.8-27b,2,2.0,V,22,0.045454545454545456,0.2727272727272727,0.0,0.2727272727272727
aiops2025,qwen3.8-27b,2,3.0,CONTEXTV,32,0.0,0.6875,1.0,0.6875
aiops2025,qwen3.8-27b,2,3.0,PATHV,32,0.0,0.4375,1.0,0.4375
aiops2025,qwen3.8-27b,2,3.0,S,32,0.0,0.15625,0.96875,0.15625
aiops2025,qwen3.8-27b,2,3.0,T,32,0.0,0.59375,1.0,0.59375
aiops2025,qwen3.8-27b,2,3.0,V,32,0.0,0.3125,1.0,0.3125
aiops2025,qwen3.8-27b,3,1.0,CONTEXTV,34,0.08823529411764706,0.08823529411764706,0.0,0.08823529411764706
aiops2025,qwen3.8-27b,3,1.0,PATHV,34,0.0,0.11764705882352941,0.0,0.11764705882352941
aiops2025,qwen3.8-27b,3,1.0,S,34,0.0,0.0,0.0,0.0
aiops2025,qwen3.8-27b,3,1.0,T,34,0.058823529411764705,0.058823529411764705,0.0,0.058823529411764705
aiops2025,qwen3.8-27b,3,1.0,V,34,0.0,0.0,0.0,0.0
aiops2025,qwen3.8-27b,3,2.0,CONTEXTV,12,0.08333333333333333,0.08333333333333333,0.0,0.08333333333333333
aiops2025,qwen3.8-27b,3,2.0,PATHV,12,0.0,0.25,0.0,0.25
aiops2025,qwen3.8-27b,3,2.0,S,12,0.0,0.0,0.0,0.0
aiops2025,qwen3.8-27b,3,2.0,T,12,0.0,0.0,0.0,0.0
aiops2025,qwen3.8-27b,3,2.0,V,12,0.0,0.08333333333333333,0.0,0.08333333333333333
aiops2025,qwen3.8-27b,3,3.0,CONTEXTV,43,0.0,0.4186046511627907,1.0,0.4186046511627907
aiops2025,qwen3.8-27b,3,3.0,PATHV,43,0.0,0.27906976744186046,0.9767441860465116,0.27906976744186046
aiops2025,qwen3.8-27b,3,3.0,S,43,0.0,0.06976744186046512,1.0,0.06976744186046512
aiops2025,qwen3.8-27b,3,3.0,T,43,0.0,0.5116279069767442,1.0,0.5116279069767442
aiops2025,qwen3.8-27b,3,3.0,V,43,0.0,0.23255813953488372,1.0,0.23255813953488372
aiops2025,qwen3.8-27b,4,1.0,S,44,0.0,0.0,0.0,0.0
aiops2025,qwen3.8-27b,4,1.0,T,44,0.0,0.0,0.0,0.0
aiops2025,qwen3.8-27b,4,1.0,V,44,0.0,0.0,0.0,0.0
aiops2025,qwen3.8-27b,4,3.0,S,45,0.0,0.022222222222222223,1.0,0.022222222222222223
aiops2025,qwen3.8-27b,4,3.0,T,45,0.0,0.4888888888888889,1.0,0.4888888888888889
aiops2025,qwen3.8-27b,4,3.0,V,45,0.0,0.1111111111111111,1.0,0.1111111111111111
re2_ob,gemma-4-26b-a4b,1,1.0,CONTEXTV,31,0.7096774193548387,0.7096774193548387,0.0,0.7096774193548387
re2_ob,gemma-4-26b-a4b,1,1.0,PATHV,31,0.41935483870967744,0.5483870967741935,0.0,0.5483870967741935
re2_ob,gemma-4-26b-a4b,1,1.0,S,31,0.16129032258064516,0.16129032258064516,0.0,0.16129032258064516
re2_ob,gemma-4-26b-a4b,1,1.0,T,31,0.6451612903225806,0.6451612903225806,0.0,0.6451612903225806
re2_ob,gemma-4-26b-a4b,1,1.0,V,31,0.3225806451612903,0.3870967741935484,0.0,0.3870967741935484
re2_ob,gemma-4-26b-a4b,1,2.0,CONTEXTV,35,0.7714285714285715,0.7714285714285715,0.0,0.7714285714285715
re2_ob,gemma-4-26b-a4b,1,2.0,PATHV,35,0.4857142857142857,0.6857142857142857,0.0,0.6857142857142857
re2_ob,gemma-4-26b-a4b,1,2.0,S,35,0.17142857142857143,0.2,0.0,0.2
re2_ob,gemma-4-26b-a4b,1,2.0,T,35,0.7714285714285715,0.7714285714285715,0.0,0.7714285714285715
re2_ob,gemma-4-26b-a4b,1,2.0,V,35,0.4857142857142857,0.6285714285714286,0.0,0.6285714285714286
re2_ob,gemma-4-26b-a4b,1,3.0,CONTEXTV,23,0.0,0.8695652173913043,1.0,0.8695652173913043
re2_ob,gemma-4-26b-a4b,1,3.0,PATHV,23,0.0,0.7391304347826086,1.0,0.7391304347826086
re2_ob,gemma-4-26b-a4b,1,3.0,S,23,0.0,0.2608695652173913,1.0,0.2608695652173913
re2_ob,gemma-4-26b-a4b,1,3.0,T,23,0.0,0.782608695652174,1.0,0.782608695652174
re2_ob,gemma-4-26b-a4b,1,3.0,V,23,0.0,0.391304347826087,1.0,0.391304347826087
re2_ob,gemma-4-26b-a4b,2,1.0,CONTEXTV,29,0.3103448275862069,0.3103448275862069,0.0,0.3103448275862069
re2_ob,gemma-4-26b-a4b,2,1.0,PATHV,29,0.06896551724137931,0.13793103448275862,0.0,0.13793103448275862
re2_ob,gemma-4-26b-a4b,2,1.0,S,29,0.0,0.0,0.0,0.0
re2_ob,gemma-4-26b-a4b,2,1.0,T,29,0.1724137931034483,0.1724137931034483,0.0,0.1724137931034483
re2_ob,gemma-4-26b-a4b,2,1.0,V,29,0.034482758620689655,0.13793103448275862,0.0,0.13793103448275862
re2_ob,gemma-4-26b-a4b,2,2.0,CONTEXTV,33,0.30303030303030304,0.5151515151515151,0.0,0.5151515151515151
re2_ob,gemma-4-26b-a4b,2,2.0,PATHV,33,0.21212121212121213,0.36363636363636365,0.0,0.36363636363636365
re2_ob,gemma-4-26b-a4b,2,2.0,S,33,0.030303030303030304,0.06060606060606061,0.0,0.06060606060606061
re2_ob,gemma-4-26b-a4b,2,2.0,T,33,0.3939393939393939,0.5151515151515151,0.0,0.5151515151515151
re2_ob,gemma-4-26b-a4b,2,2.0,V,33,0.030303030303030304,0.15151515151515152,0.0,0.15151515151515152
re2_ob,gemma-4-26b-a4b,2,3.0,CONTEXTV,27,0.0,0.5185185185185185,0.9629629629629629,0.5185185185185185
re2_ob,gemma-4-26b-a4b,2,3.0,PATHV,27,0.0,0.2222222222222222,0.9629629629629629,0.2222222222222222
re2_ob,gemma-4-26b-a4b,2,3.0,S,27,0.0,0.14814814814814814,1.0,0.14814814814814814
re2_ob,gemma-4-26b-a4b,2,3.0,T,27,0.0,0.4444444444444444,1.0,0.4444444444444444
re2_ob,gemma-4-26b-a4b,2,3.0,V,27,0.0,0.2962962962962963,1.0,0.2962962962962963
re2_ob,gemma-4-26b-a4b,3,1.0,CONTEXTV,5,0.6,0.6,0.0,0.6
re2_ob,gemma-4-26b-a4b,3,1.0,PATHV,5,0.0,0.0,0.0,0.0
re2_ob,gemma-4-26b-a4b,3,1.0,S,5,0.0,0.0,0.0,0.0
re2_ob,gemma-4-26b-a4b,3,1.0,T,5,0.6,0.6,0.0,0.6
re2_ob,gemma-4-26b-a4b,3,1.0,V,5,0.0,0.2,0.0,0.2
re2_ob,gemma-4-26b-a4b,3,2.0,CONTEXTV,79,0.2911392405063291,0.3670886075949367,0.0,0.3670886075949367
re2_ob,gemma-4-26b-a4b,3,2.0,PATHV,79,0.02531645569620253,0.06329113924050633,0.0,0.06329113924050633
re2_ob,gemma-4-26b-a4b,3,2.0,S,79,0.0,0.0,0.0,0.0
re2_ob,gemma-4-26b-a4b,3,2.0,T,79,0.3037974683544304,0.3670886075949367,0.0,0.3670886075949367
re2_ob,gemma-4-26b-a4b,3,2.0,V,79,0.0379746835443038,0.13924050632911392,0.0,0.13924050632911392
re2_ob,gemma-4-26b-a4b,3,3.0,CONTEXTV,5,0.0,0.4,1.0,0.4
re2_ob,gemma-4-26b-a4b,3,3.0,PATHV,5,0.0,0.4,1.0,0.4
re2_ob,gemma-4-26b-a4b,3,3.0,S,5,0.0,0.0,1.0,0.0
re2_ob,gemma-4-26b-a4b,3,3.0,T,5,0.0,0.4,1.0,0.4
re2_ob,gemma-4-26b-a4b,3,3.0,V,5,0.0,0.4,1.0,0.4
re2_ob,gemma-4-26b-a4b,4,1.0,S,3,0.0,0.0,0.0,0.0
re2_ob,gemma-4-26b-a4b,4,1.0,T,3,0.0,0.0,0.0,0.0
re2_ob,gemma-4-26b-a4b,4,1.0,V,3,0.0,0.0,0.0,0.0
re2_ob,gemma-4-26b-a4b,4,2.0,S,84,0.0,0.0,0.0,0.0
re2_ob,gemma-4-26b-a4b,4,2.0,T,84,0.023809523809523808,0.10714285714285714,0.0,0.10714285714285714
re2_ob,gemma-4-26b-a4b,4,2.0,V,84,0.0,0.0,0.0,0.0
re2_ob,gemma-4-26b-a4b,4,3.0,S,2,0.0,0.0,1.0,0.0
re2_ob,gemma-4-26b-a4b,4,3.0,T,2,0.0,0.0,1.0,0.0
re2_ob,gemma-4-26b-a4b,4,3.0,V,2,0.0,0.0,1.0,0.0
re2_ob,qwen3.8-27b,1,1.0,CONTEXTV,31,0.4838709677419355,0.4838709677419355,0.0,0.4838709677419355
re2_ob,qwen3.8-27b,1,1.0,PATHV,31,0.4838709677419355,0.6129032258064516,0.0,0.6129032258064516
re2_ob,qwen3.8-27b,1,1.0,S,31,0.16129032258064516,0.16129032258064516,0.0,0.16129032258064516
re2_ob,qwen3.8-27b,1,1.0,T,31,0.5161290322580645,0.5161290322580645,0.0,0.5161290322580645
re2_ob,qwen3.8-27b,1,1.0,V,31,0.2903225806451613,0.41935483870967744,0.0,0.41935483870967744
re2_ob,qwen3.8-27b,1,2.0,CONTEXTV,35,0.7714285714285715,0.7714285714285715,0.0,0.7714285714285715
re2_ob,qwen3.8-27b,1,2.0,PATHV,35,0.5714285714285714,0.8,0.0,0.8
re2_ob,qwen3.8-27b,1,2.0,S,35,0.2857142857142857,0.2857142857142857,0.0,0.2857142857142857
re2_ob,qwen3.8-27b,1,2.0,T,35,0.7714285714285715,0.7714285714285715,0.0,0.7714285714285715
re2_ob,qwen3.8-27b,1,2.0,V,35,0.4857142857142857,0.7714285714285715,0.0,0.7714285714285715
re2_ob,qwen3.8-27b,1,3.0,CONTEXTV,23,0.0,0.0,1.0,0.0
re2_ob,qwen3.8-27b,1,3.0,PATHV,23,0.0,0.0,1.0,0.0
re2_ob,qwen3.8-27b,1,3.0,S,23,0.0,0.0,0.9565217391304348,0.0
re2_ob,qwen3.8-27b,1,3.0,T,23,0.13043478260869565,0.782608695652174,0.8695652173913043,0.782608695652174
re2_ob,qwen3.8-27b,1,3.0,V,23,0.0,0.0,1.0,0.0
re2_ob,qwen3.8-27b,2,1.0,CONTEXTV,29,0.27586206896551724,0.27586206896551724,0.0,0.27586206896551724
re2_ob,qwen3.8-27b,2,1.0,PATHV,29,0.0,0.2413793103448276,0.0,0.2413793103448276
re2_ob,qwen3.8-27b,2,1.0,S,29,0.034482758620689655,0.034482758620689655,0.0,0.034482758620689655
re2_ob,qwen3.8-27b,2,1.0,T,29,0.27586206896551724,0.27586206896551724,0.0,0.27586206896551724
re2_ob,qwen3.8-27b,2,1.0,V,29,0.06896551724137931,0.2413793103448276,0.0,0.2413793103448276
re2_ob,qwen3.8-27b,2,2.0,CONTEXTV,33,0.3939393939393939,0.5757575757575758,0.0,0.5757575757575758
re2_ob,qwen3.8-27b,2,2.0,PATHV,33,0.15151515151515152,0.42424242424242425,0.0,0.42424242424242425
re2_ob,qwen3.8-27b,2,2.0,S,33,0.21212121212121213,0.21212121212121213,0.0,0.21212121212121213
re2_ob,qwen3.8-27b,2,2.0,T,33,0.3939393939393939,0.5757575757575758,0.0,0.5757575757575758
re2_ob,qwen3.8-27b,2,2.0,V,33,0.15151515151515152,0.30303030303030304,0.0,0.30303030303030304
re2_ob,qwen3.8-27b,2,3.0,CONTEXTV,27,0.0,0.5555555555555556,1.0,0.5555555555555556
re2_ob,qwen3.8-27b,2,3.0,PATHV,27,0.0,0.2222222222222222,1.0,0.2222222222222222
re2_ob,qwen3.8-27b,2,3.0,S,27,0.0,0.18518518518518517,1.0,0.18518518518518517
re2_ob,qwen3.8-27b,2,3.0,T,27,0.0,0.5925925925925926,1.0,0.5925925925925926
re2_ob,qwen3.8-27b,2,3.0,V,27,0.0,0.2222222222222222,1.0,0.2222222222222222
re2_ob,qwen3.8-27b,3,1.0,CONTEXTV,5,0.6,0.6,0.0,0.6
re2_ob,qwen3.8-27b,3,1.0,PATHV,5,0.0,0.4,0.0,0.4
re2_ob,qwen3.8-27b,3,1.0,S,5,0.2,0.2,0.0,0.2
re2_ob,qwen3.8-27b,3,1.0,T,5,0.6,0.6,0.0,0.6
re2_ob,qwen3.8-27b,3,1.0,V,5,0.0,0.2,0.0,0.2
re2_ob,qwen3.8-27b,3,2.0,CONTEXTV,79,0.3924050632911392,0.5316455696202531,0.0,0.5316455696202531
re2_ob,qwen3.8-27b,3,2.0,PATHV,79,0.02531645569620253,0.189873417721519,0.0,0.189873417721519
re2_ob,qwen3.8-27b,3,2.0,S,79,0.08860759493670886,0.10126582278481013,0.0,0.10126582278481013
re2_ob,qwen3.8-27b,3,2.0,T,79,0.379746835443038,0.5443037974683544,0.0,0.5443037974683544
re2_ob,qwen3.8-27b,3,2.0,V,79,0.0,0.20253164556962025,0.0,0.20253164556962025
re2_ob,qwen3.8-27b,3,3.0,CONTEXTV,5,0.0,0.8,0.8,0.8
re2_ob,qwen3.8-27b,3,3.0,PATHV,5,0.0,0.6,1.0,0.6
re2_ob,qwen3.8-27b,3,3.0,S,5,0.0,0.0,1.0,0.0
re2_ob,qwen3.8-27b,3,3.0,T,5,0.0,0.8,1.0,0.8
re2_ob,qwen3.8-27b,3,3.0,V,5,0.0,0.4,1.0,0.4
re2_ob,qwen3.8-27b,4,1.0,S,3,0.0,0.0,0.0,0.0
re2_ob,qwen3.8-27b,4,1.0,T,3,0.0,0.0,0.0,0.0
re2_ob,qwen3.8-27b,4,1.0,V,3,0.0,0.0,0.0,0.0
re2_ob,qwen3.8-27b,4,2.0,S,84,0.0,0.023809523809523808,0.0,0.023809523809523808
re2_ob,qwen3.8-27b,4,2.0,T,84,0.023809523809523808,0.21428571428571427,0.0,0.21428571428571427
re2_ob,qwen3.8-27b,4,2.0,V,84,0.0,0.08333333333333333,0.0,0.08333333333333333
re2_ob,qwen3.8-27b,4,3.0,S,2,0.0,0.0,1.0,0.0
re2_ob,qwen3.8-27b,4,3.0,T,2,0.0,0.5,1.0,0.5
re2_ob,qwen3.8-27b,4,3.0,V,2,0.0,0.5,1.0,0.5
re2_tt,gemma-4-26b-a4b,1,1.0,CONTEXTV,31,0.6774193548387096,0.6774193548387096,0.0,0.6774193548387096
re2_tt,gemma-4-26b-a4b,1,1.0,PATHV,31,0.3548387096774194,0.45161290322580644,0.0,0.45161290322580644
re2_tt,gemma-4-26b-a4b,1,1.0,S,31,0.03225806451612903,0.03225806451612903,0.0,0.03225806451612903
re2_tt,gemma-4-26b-a4b,1,1.0,T,31,0.5483870967741935,0.5483870967741935,0.0,0.5483870967741935
re2_tt,gemma-4-26b-a4b,1,1.0,V,31,0.2903225806451613,0.3870967741935484,0.0,0.3870967741935484
re2_tt,gemma-4-26b-a4b,1,2.0,CONTEXTV,28,0.7857142857142857,0.7857142857142857,0.0,0.7857142857142857
re2_tt,gemma-4-26b-a4b,1,2.0,PATHV,28,0.5,0.5714285714285714,0.0,0.5714285714285714
re2_tt,gemma-4-26b-a4b,1,2.0,S,28,0.21428571428571427,0.21428571428571427,0.0,0.21428571428571427
re2_tt,gemma-4-26b-a4b,1,2.0,T,28,0.7857142857142857,0.7857142857142857,0.0,0.7857142857142857
re2_tt,gemma-4-26b-a4b,1,2.0,V,28,0.4642857142857143,0.5714285714285714,0.0,0.5714285714285714
re2_tt,gemma-4-26b-a4b,1,3.0,CONTEXTV,31,0.0,0.8064516129032258,1.0,0.8064516129032258
re2_tt,gemma-4-26b-a4b,1,3.0,PATHV,31,0.0,0.8064516129032258,1.0,0.8064516129032258
re2_tt,gemma-4-26b-a4b,1,3.0,S,31,0.0,0.1935483870967742,1.0,0.1935483870967742
re2_tt,gemma-4-26b-a4b,1,3.0,T,31,0.0,0.7741935483870968,1.0,0.7741935483870968
re2_tt,gemma-4-26b-a4b,1,3.0,V,31,0.0,0.7096774193548387,1.0,0.7096774193548387
re2_tt,gemma-4-26b-a4b,2,1.0,CONTEXTV,25,0.4,0.4,0.0,0.4
re2_tt,gemma-4-26b-a4b,2,1.0,PATHV,25,0.12,0.28,0.0,0.28
re2_tt,gemma-4-26b-a4b,2,1.0,S,25,0.0,0.0,0.0,0.0
re2_tt,gemma-4-26b-a4b,2,1.0,T,25,0.4,0.4,0.0,0.4
re2_tt,gemma-4-26b-a4b,2,1.0,V,25,0.08,0.16,0.0,0.16
re2_tt,gemma-4-26b-a4b,2,2.0,CONTEXTV,37,0.4594594594594595,0.5405405405405406,0.0,0.5405405405405406
re2_tt,gemma-4-26b-a4b,2,2.0,PATHV,37,0.21621621621621623,0.40540540540540543,0.0,0.40540540540540543
re2_tt,gemma-4-26b-a4b,2,2.0,S,37,0.02702702702702703,0.02702702702702703,0.0,0.02702702702702703
re2_tt,gemma-4-26b-a4b,2,2.0,T,37,0.4864864864864865,0.5405405405405406,0.0,0.5405405405405406
re2_tt,gemma-4-26b-a4b,2,2.0,V,37,0.13513513513513514,0.1891891891891892,0.0,0.1891891891891892
re2_tt,gemma-4-26b-a4b,2,3.0,CONTEXTV,28,0.0,0.6071428571428571,1.0,0.6071428571428571
re2_tt,gemma-4-26b-a4b,2,3.0,PATHV,28,0.0,0.5357142857142857,1.0,0.5357142857142857
re2_tt,gemma-4-26b-a4b,2,3.0,S,28,0.0,0.07142857142857142,1.0,0.07142857142857142
re2_tt,gemma-4-26b-a4b,2,3.0,T,28,0.0,0.5714285714285714,1.0,0.5714285714285714
re2_tt,gemma-4-26b-a4b,2,3.0,V,28,0.0,0.4642857142857143,1.0,0.4642857142857143
re2_tt,gemma-4-26b-a4b,3,1.0,CONTEXTV,24,0.125,0.125,0.0,0.125
re2_tt,gemma-4-26b-a4b,3,1.0,PATHV,24,0.0,0.0,0.0,0.0
re2_tt,gemma-4-26b-a4b,3,1.0,S,24,0.0,0.0,0.0,0.0
re2_tt,gemma-4-26b-a4b,3,1.0,T,24,0.125,0.125,0.0,0.125
re2_tt,gemma-4-26b-a4b,3,1.0,V,24,0.0,0.041666666666666664,0.0,0.041666666666666664
re2_tt,gemma-4-26b-a4b,3,2.0,CONTEXTV,46,0.1956521739130435,0.2826086956521739,0.0,0.2826086956521739
re2_tt,gemma-4-26b-a4b,3,2.0,PATHV,46,0.0,0.10869565217391304,0.0,0.10869565217391304
re2_tt,gemma-4-26b-a4b,3,2.0,S,46,0.0,0.0,0.0,0.0
re2_tt,gemma-4-26b-a4b,3,2.0,T,46,0.1956521739130435,0.391304347826087,0.0,0.391304347826087
re2_tt,gemma-4-26b-a4b,3,2.0,V,46,0.0,0.08695652173913043,0.0,0.08695652173913043
re2_tt,gemma-4-26b-a4b,3,3.0,CONTEXTV,20,0.0,0.55,1.0,0.55
re2_tt,gemma-4-26b-a4b,3,3.0,PATHV,20,0.0,0.6,1.0,0.6
re2_tt,gemma-4-26b-a4b,3,3.0,S,20,0.0,0.05,1.0,0.05
re2_tt,gemma-4-26b-a4b,3,3.0,T,20,0.0,0.7,1.0,0.7
re2_tt,gemma-4-26b-a4b,3,3.0,V,20,0.0,0.5,1.0,0.5
re2_tt,gemma-4-26b-a4b,4,1.0,S,32,0.0,0.0,0.0,0.0
re2_tt,gemma-4-26b-a4b,4,1.0,T,32,0.0,0.0,0.0,0.0
re2_tt,gemma-4-26b-a4b,4,1.0,V,32,0.0,0.0,0.0,0.0
re2_tt,gemma-4-26b-a4b,4,2.0,S,30,0.0,0.0,0.0,0.0
re2_tt,gemma-4-26b-a4b,4,2.0,T,30,0.0,0.1,0.0,0.1
re2_tt,gemma-4-26b-a4b,4,2.0,V,30,0.0,0.03333333333333333,0.0,0.03333333333333333
re2_tt,gemma-4-26b-a4b,4,3.0,S,28,0.0,0.0,1.0,0.0
re2_tt,gemma-4-26b-a4b,4,3.0,T,28,0.0,0.4642857142857143,1.0,0.4642857142857143
re2_tt,gemma-4-26b-a4b,4,3.0,V,28,0.0,0.21428571428571427,1.0,0.21428571428571427
re2_tt,qwen3.8-27b,1,1.0,CONTEXTV,31,0.7096774193548387,0.7096774193548387,0.0,0.7096774193548387
re2_tt,qwen3.8-27b,1,1.0,PATHV,31,0.3548387096774194,0.6774193548387096,0.0,0.6774193548387096
re2_tt,qwen3.8-27b,1,1.0,S,31,0.0967741935483871,0.0967741935483871,0.0,0.0967741935483871
re2_tt,qwen3.8-27b,1,1.0,T,31,0.45161290322580644,0.45161290322580644,0.0,0.45161290322580644
re2_tt,qwen3.8-27b,1,1.0,V,31,0.16129032258064516,0.45161290322580644,0.0,0.45161290322580644
re2_tt,qwen3.8-27b,1,2.0,CONTEXTV,28,0.7857142857142857,0.7857142857142857,0.0,0.7857142857142857
re2_tt,qwen3.8-27b,1,2.0,PATHV,28,0.5357142857142857,0.75,0.0,0.75
re2_tt,qwen3.8-27b,1,2.0,S,28,0.39285714285714285,0.39285714285714285,0.0,0.39285714285714285
re2_tt,qwen3.8-27b,1,2.0,T,28,0.7857142857142857,0.7857142857142857,0.0,0.7857142857142857
re2_tt,qwen3.8-27b,1,2.0,V,28,0.5357142857142857,0.7857142857142857,0.0,0.7857142857142857
re2_tt,qwen3.8-27b,1,3.0,CONTEXTV,31,0.0,0.0,0.967741935483871,0.0
re2_tt,qwen3.8-27b,1,3.0,PATHV,31,0.0,0.0,0.9354838709677419,0.0
re2_tt,qwen3.8-27b,1,3.0,S,31,0.0,0.03225806451612903,0.7741935483870968,0.0
re2_tt,qwen3.8-27b,1,3.0,T,31,0.25806451612903225,0.6774193548387096,0.7419354838709677,0.6774193548387096
re2_tt,qwen3.8-27b,1,3.0,V,31,0.0,0.0,0.9354838709677419,0.0
re2_tt,qwen3.8-27b,2,1.0,CONTEXTV,25,0.48,0.48,0.0,0.48
re2_tt,qwen3.8-27b,2,1.0,PATHV,25,0.16,0.44,0.0,0.44
re2_tt,qwen3.8-27b,2,1.0,S,25,0.04,0.04,0.0,0.04
re2_tt,qwen3.8-27b,2,1.0,T,25,0.44,0.44,0.0,0.44
re2_tt,qwen3.8-27b,2,1.0,V,25,0.04,0.28,0.0,0.28
re2_tt,qwen3.8-27b,2,2.0,CONTEXTV,37,0.43243243243243246,0.5675675675675675,0.0,0.5675675675675675
re2_tt,qwen3.8-27b,2,2.0,PATHV,37,0.21621621621621623,0.5135135135135135,0.0,0.5135135135135135
re2_tt,qwen3.8-27b,2,2.0,S,37,0.13513513513513514,0.13513513513513514,0.0,0.13513513513513514
re2_tt,qwen3.8-27b,2,2.0,T,37,0.4594594594594595,0.5945945945945946,0.0,0.5945945945945946
re2_tt,qwen3.8-27b,2,2.0,V,37,0.21621621621621623,0.3783783783783784,0.0,0.3783783783783784
re2_tt,qwen3.8-27b,2,3.0,CONTEXTV,28,0.0,0.7142857142857143,1.0,0.7142857142857143
re2_tt,qwen3.8-27b,2,3.0,PATHV,28,0.0,0.4642857142857143,1.0,0.4642857142857143
re2_tt,qwen3.8-27b,2,3.0,S,28,0.0,0.21428571428571427,1.0,0.21428571428571427
re2_tt,qwen3.8-27b,2,3.0,T,28,0.0,0.6785714285714286,1.0,0.6785714285714286
re2_tt,qwen3.8-27b,2,3.0,V,28,0.0,0.5,1.0,0.5
re2_tt,qwen3.8-27b,3,1.0,CONTEXTV,24,0.20833333333333334,0.20833333333333334,0.0,0.20833333333333334
re2_tt,qwen3.8-27b,3,1.0,PATHV,24,0.0,0.16666666666666666,0.0,0.16666666666666666
re2_tt,qwen3.8-27b,3,1.0,S,24,0.0,0.0,0.0,0.0
re2_tt,qwen3.8-27b,3,1.0,T,24,0.20833333333333334,0.20833333333333334,0.0,0.20833333333333334
re2_tt,qwen3.8-27b,3,1.0,V,24,0.0,0.125,0.0,0.125
re2_tt,qwen3.8-27b,3,2.0,CONTEXTV,46,0.2391304347826087,0.4782608695652174,0.0,0.4782608695652174
re2_tt,qwen3.8-27b,3,2.0,PATHV,46,0.0,0.2608695652173913,0.0,0.2608695652173913
re2_tt,qwen3.8-27b,3,2.0,S,46,0.06521739130434782,0.06521739130434782,0.0,0.06521739130434782
re2_tt,qwen3.8-27b,3,2.0,T,46,0.2826086956521739,0.41304347826086957,0.0,0.41304347826086957
re2_tt,qwen3.8-27b,3,2.0,V,46,0.0,0.2391304347826087,0.0,0.2391304347826087
re2_tt,qwen3.8-27b,3,3.0,CONTEXTV,20,0.0,0.65,0.95,0.65
re2_tt,qwen3.8-27b,3,3.0,PATHV,20,0.0,0.45,0.95,0.45
re2_tt,qwen3.8-27b,3,3.0,S,20,0.0,0.1,1.0,0.1
re2_tt,qwen3.8-27b,3,3.0,T,20,0.0,0.65,1.0,0.65
re2_tt,qwen3.8-27b,3,3.0,V,20,0.0,0.45,0.95,0.45
re2_tt,qwen3.8-27b,4,1.0,S,32,0.0,0.0,0.0,0.0
re2_tt,qwen3.8-27b,4,1.0,T,32,0.0,0.0,0.0,0.0
re2_tt,qwen3.8-27b,4,1.0,V,32,0.0,0.03125,0.0,0.03125
re2_tt,qwen3.8-27b,4,2.0,S,30,0.0,0.03333333333333333,0.0,0.03333333333333333
re2_tt,qwen3.8-27b,4,2.0,T,30,0.03333333333333333,0.3,0.0,0.3
re2_tt,qwen3.8-27b,4,2.0,V,30,0.0,0.06666666666666667,0.0,0.06666666666666667
re2_tt,qwen3.8-27b,4,3.0,S,28,0.0,0.03571428571428571,1.0,0.03571428571428571
re2_tt,qwen3.8-27b,4,3.0,T,28,0.0,0.4642857142857143,1.0,0.4642857142857143
re2_tt,qwen3.8-27b,4,3.0,V,28,0.0,0.39285714285714285,1.0,0.39285714285714285
