model,arm,n,paired_executable,same_request,same_packet
gemma-4-26b-a4b,P0__T,480,480,480,480
gemma-4-26b-a4b,P0__V,480,480,480,480
gemma-4-26b-a4b,P_BARO_RS__T,480,480,0,0
gemma-4-26b-a4b,P_BARO_RS__V,480,480,0,0
gemma-4-26b-a4b,P_COVERAGE__T,480,480,0,0
gemma-4-26b-a4b,P_COVERAGE__V,480,411,0,0
gemma-4-26b-a4b,P_DIVERSITY__T,480,480,0,0
gemma-4-26b-a4b,P_DIVERSITY__V,480,417,0,0
gemma-4-26b-a4b,P_LOG_FREQ__T,480,480,5,5
gemma-4-26b-a4b,P_LOG_FREQ__V,480,423,5,5
gemma-4-26b-a4b,P_RANDOM__T,480,480,0,0
gemma-4-26b-a4b,P_RANDOM__V,480,390,0,0
gemma-4-26b-a4b,P_SIGMA__T,480,480,11,11
gemma-4-26b-a4b,P_SIGMA__V,480,480,11,11
gemma-4-26b-a4b,P_TRACE_SC__T,480,480,8,8
gemma-4-26b-a4b,P_TRACE_SC__V,480,480,8,8
qwen3.8-27b,P0__T,480,480,480,480
qwen3.8-27b,P0__V,480,480,480,480
qwen3.8-27b,P_BARO_RS__T,480,480,0,0
qwen3.8-27b,P_BARO_RS__V,480,480,0,0
qwen3.8-27b,P_COVERAGE__T,480,480,0,0
qwen3.8-27b,P_COVERAGE__V,480,411,0,0
qwen3.8-27b,P_DIVERSITY__T,480,480,0,0
qwen3.8-27b,P_DIVERSITY__V,480,417,0,0
qwen3.8-27b,P_LOG_FREQ__T,480,480,5,5
qwen3.8-27b,P_LOG_FREQ__V,480,423,5,5
qwen3.8-27b,P_RANDOM__T,480,480,0,0
qwen3.8-27b,P_RANDOM__V,480,390,0,0
qwen3.8-27b,P_SIGMA__T,480,480,11,11
qwen3.8-27b,P_SIGMA__V,480,480,11,11
qwen3.8-27b,P_TRACE_SC__T,480,480,8,8
qwen3.8-27b,P_TRACE_SC__V,480,480,8,8
