model,dataset,phase,n,pool_M,pool_R,pool_L,pool_G,pool_candidate_count,pool_missing_fraction,pool_root_M,pool_root_R,pool_root_L,pool_root_metric_max_z,ever_direct_rate,ever_top5_rate
qwen3.8-27b,aiops2022,R1,16,1538.5,65.5,16903.5,142.0,85.0,0.37533282739659185,40.5,1.5,421.5,999.0,1.0,1.0
qwen3.8-27b,aiops2022,R17-38,11,1542.0,62.0,14495.0,142.0,85.0,0.37572165850244926,93.0,2.0,1339.0,456.2,1.0,1.0
qwen3.8-27b,aiops2022,R2-16,42,1487.5,63.5,15612.0,142.0,85.0,0.3755614698146382,42.0,1.0,319.5,999.0,1.0,1.0
qwen3.8-27b,aiops2022,uncovered,31,1513.0,60.0,16930.0,142.0,85.0,0.37545592705167175,38.0,0.0,130.0,144.9,1.0,0.7419354838709677
qwen3.8-27b,aiops2025,R1,24,508.0,11.5,9021.5,15.0,63.0,0.53125,50.0,1.0,758.5,999.0,1.0,1.0
qwen3.8-27b,aiops2025,R17-38,10,484.5,9.0,8883.0,15.0,63.0,0.47953095463137996,28.5,0.5,223.5,10.243500000000001,1.0,1.0
qwen3.8-27b,aiops2025,R2-16,33,499.0,13.0,9524.0,15.0,63.0,0.5,38.0,1.0,315.0,49.5,1.0,1.0
qwen3.8-27b,aiops2025,uncovered,33,496.0,11.0,9564.0,15.0,63.0,0.45867598684210525,12.0,0.0,0.0,7.08,1.0,0.7575757575757576
qwen3.8-27b,aegislab,R1,34,1150.0,156.0,24277.0,107.0,104.0,0.484375,29.0,9.5,575.5,999.0,1.0,1.0
qwen3.8-27b,aegislab,R17-38,3,1044.0,87.0,20429.0,106.0,104.0,0.484375,46.0,15.0,4407.0,17.49,1.0,1.0
qwen3.8-27b,aegislab,R2-16,50,1062.0,144.5,23605.0,107.0,104.0,0.484375,46.0,9.0,2101.0,199.75,1.0,1.0
qwen3.8-27b,aegislab,uncovered,13,1050.0,121.0,21787.0,107.0,104.0,0.484375,46.0,9.0,2255.0,59.42,1.0,1.0
qwen3.8-27b,re2_ob,R1,53,43.0,27.0,3410.0,9.0,11.0,0.0,5.0,2.0,128.0,999.0,1.0,1.0
qwen3.8-27b,re2_ob,R17-38,4,42.0,30.0,3319.5,9.0,11.0,0.0,4.0,6.0,242.5,536.95,1.0,1.0
qwen3.8-27b,re2_ob,R2-16,28,44.0,30.0,3390.5,9.0,11.0,0.0,5.0,3.0,133.5,999.0,1.0,1.0
qwen3.8-27b,re2_ob,uncovered,5,43.0,17.0,3336.0,9.0,11.0,0.0,4.0,3.0,0.0,999.0,1.0,1.0
qwen3.8-27b,re2_tt,R1,39,294.0,76.0,26003.0,55.0,68.0,0.0,6.0,5.0,1704.0,393.9,1.0,1.0
qwen3.8-27b,re2_tt,R17-38,11,293.0,76.0,25484.0,55.0,68.0,0.0,6.0,3.0,361.0,355.6,1.0,1.0
qwen3.8-27b,re2_tt,R2-16,36,294.5,88.0,26274.5,55.0,68.0,0.0,6.0,3.0,967.5,280.45,1.0,1.0
qwen3.8-27b,re2_tt,uncovered,4,283.0,38.5,16417.5,37.5,68.0,0.0,6.0,3.0,245.5,546.345,1.0,1.0
qwen3.8-27b,aiops_combined,R1,40,536.0,23.0,14001.0,15.0,63.0,0.4348742461076571,44.5,1.0,641.5,999.0,1.0,1.0
qwen3.8-27b,aiops_combined,R17-38,21,1357.0,50.0,12130.0,121.0,85.0,0.4376321353065539,45.0,1.0,394.0,106.5,1.0,1.0
qwen3.8-27b,aiops_combined,R2-16,75,1401.0,38.0,14236.0,121.0,85.0,0.37667624521072796,41.0,1.0,318.0,999.0,1.0,1.0
qwen3.8-27b,aiops_combined,uncovered,64,546.5,23.0,14462.5,16.0,65.0,0.39340807434317304,31.5,0.0,0.0,22.45,1.0,0.75
qwen3.8-27b,primary,R1,74,1064.0,65.5,16903.5,107.0,85.0,0.484375,42.0,3.5,582.0,999.0,1.0,1.0
qwen3.8-27b,primary,R17-38,24,1050.5,50.0,13146.5,106.5,85.0,0.4407002751934414,45.5,1.0,961.5,31.32,1.0,1.0
qwen3.8-27b,primary,R2-16,125,1147.0,61.0,16152.0,107.0,85.0,0.484375,44.0,3.0,772.0,343.5,1.0,1.0
qwen3.8-27b,primary,uncovered,77,1049.0,42.0,15261.0,107.0,85.0,0.41281059837728196,37.0,0.0,233.0,24.56,1.0,0.7922077922077922
qwen3.8-27b,all,R1,166,296.5,40.0,14203.0,38.0,68.0,0.0,6.0,3.0,351.0,999.0,1.0,1.0
qwen3.8-27b,all,R17-38,39,475.0,50.0,13549.0,55.0,68.0,0.375,23.0,3.0,380.0,308.1,1.0,1.0
qwen3.8-27b,all,R2-16,189,548.0,54.0,16299.0,55.0,68.0,0.37583841463414636,35.0,3.0,389.0,430.8,1.0,1.0
qwen3.8-27b,all,uncovered,86,1046.0,31.0,14789.0,103.0,85.0,0.402085359922179,35.5,0.5,165.5,32.96,1.0,0.813953488372093
gemma-4-26b-a4b,aiops2022,R1,13,1528.0,57.0,15836.0,142.0,85.0,0.3754259325681492,45.0,2.0,686.0,999.0,1.0,1.0
gemma-4-26b-a4b,aiops2022,R17-38,11,1524.0,62.0,16930.0,142.0,85.0,0.3757590215128383,62.0,2.0,717.0,300.3,1.0,1.0
gemma-4-26b-a4b,aiops2022,R2-16,47,1539.0,67.0,16842.0,142.0,85.0,0.37540584415584416,42.0,1.0,323.0,999.0,1.0,1.0
gemma-4-26b-a4b,aiops2022,uncovered,29,1502.0,57.0,16038.0,142.0,85.0,0.37528613472858074,38.0,0.0,0.0,43.12,1.0,0.8275862068965517
gemma-4-26b-a4b,aiops2025,R1,15,514.0,10.0,8533.0,15.0,63.0,0.5248883928571428,45.0,1.0,578.0,999.0,1.0,1.0
gemma-4-26b-a4b,aiops2025,R17-38,16,483.5,10.5,9331.0,15.0,63.0,0.45598806171944695,19.0,0.0,132.5,7.316000000000001,1.0,1.0
gemma-4-26b-a4b,aiops2025,R2-16,43,499.0,13.0,9564.0,15.0,63.0,0.515625,43.0,1.0,537.0,467.5,1.0,1.0
gemma-4-26b-a4b,aiops2025,uncovered,26,495.5,10.0,11534.0,15.0,63.0,0.484375,11.5,0.0,0.0,7.282,1.0,0.5769230769230769
gemma-4-26b-a4b,aegislab,R1,33,1064.0,184.0,25754.0,107.0,104.0,0.484375,38.0,11.0,867.0,999.0,1.0,1.0
gemma-4-26b-a4b,aegislab,R17-38,6,1106.5,101.5,26081.5,107.0,104.0,0.484375,46.0,10.0,2015.5,72.305,1.0,1.0
gemma-4-26b-a4b,aegislab,R2-16,55,1145.0,130.0,21622.0,107.0,104.0,0.484375,46.0,8.0,1894.0,213.5,1.0,1.0
gemma-4-26b-a4b,aegislab,uncovered,6,1049.5,98.0,23908.0,107.0,104.0,0.484375,46.0,9.0,4614.5,35.935,1.0,1.0
gemma-4-26b-a4b,re2_ob,R1,39,43.0,26.0,3407.0,9.0,11.0,0.0,5.0,3.0,128.0,999.0,1.0,1.0
gemma-4-26b-a4b,re2_ob,R17-38,2,43.5,29.0,3317.0,9.0,11.0,0.0,5.0,2.5,89.5,522.715,1.0,1.0
gemma-4-26b-a4b,re2_ob,R2-16,47,44.0,29.0,3391.0,9.0,11.0,0.0,5.0,3.0,128.0,999.0,1.0,1.0
gemma-4-26b-a4b,re2_ob,uncovered,2,42.5,37.0,3342.5,9.0,11.0,0.0,4.0,2.5,32.0,645.75,1.0,1.0
gemma-4-26b-a4b,re2_tt,R1,35,294.0,76.0,26217.0,55.0,68.0,0.0,6.0,5.0,1529.0,536.1,1.0,1.0
gemma-4-26b-a4b,re2_tt,R17-38,3,294.0,103.0,26136.0,55.0,68.0,0.0,6.0,9.0,3595.0,10.53,1.0,1.0
gemma-4-26b-a4b,re2_tt,R2-16,49,294.0,83.0,26069.0,55.0,68.0,0.0,6.0,3.0,1564.0,250.4,1.0,1.0
gemma-4-26b-a4b,re2_tt,uncovered,3,291.0,60.0,25626.0,55.0,68.0,0.0,6.0,3.0,4.0,999.0,1.0,1.0
gemma-4-26b-a4b,aiops_combined,R1,28,559.5,21.0,12475.0,16.0,65.0,0.4348746357779649,45.0,1.0,632.0,999.0,1.0,1.0
gemma-4-26b-a4b,aiops_combined,R17-38,27,504.0,20.0,13408.0,15.0,63.0,0.4078065134099617,40.0,0.0,318.0,186.0,1.0,1.0
gemma-4-26b-a4b,aiops_combined,R2-16,90,1352.0,33.5,14024.5,121.0,85.0,0.3775006529147672,43.0,1.0,372.5,999.0,1.0,1.0
gemma-4-26b-a4b,aiops_combined,uncovered,55,1372.0,36.0,14410.0,121.0,85.0,0.3785339765100671,36.0,0.0,0.0,21.82,1.0,0.7090909090909091
gemma-4-26b-a4b,primary,R1,61,1059.0,70.0,17536.0,107.0,103.0,0.484375,42.0,5.0,793.0,999.0,1.0,1.0
gemma-4-26b-a4b,primary,R17-38,33,1047.0,29.0,15000.0,107.0,85.0,0.43858348540145986,40.0,1.0,356.0,98.48,1.0,1.0
gemma-4-26b-a4b,primary,R2-16,145,1147.0,58.0,16299.0,107.0,85.0,0.484375,44.0,2.0,772.0,735.1,1.0,1.0
gemma-4-26b-a4b,primary,uncovered,61,1054.0,38.0,14604.0,107.0,85.0,0.40625,37.0,0.0,0.0,21.82,1.0,0.7377049180327869
gemma-4-26b-a4b,all,R1,135,298.0,55.0,14910.0,55.0,68.0,0.0,6.0,3.0,363.0,999.0,1.0,1.0
gemma-4-26b-a4b,all,R17-38,38,513.0,29.5,15137.0,55.0,68.0,0.4148407567049809,38.5,1.0,375.0,94.695,1.0,1.0
gemma-4-26b-a4b,all,R2-16,241,505.0,45.0,15679.0,55.0,68.0,0.375362202189311,29.0,3.0,364.0,806.1,1.0,1.0
gemma-4-26b-a4b,all,uncovered,66,1049.0,37.5,14626.5,107.0,85.0,0.3846109902711626,36.0,0.0,0.0,24.259999999999998,1.0,0.7575757575757576
