model,scope,a,b,n,interaction,p,p_holm
qwen3.8-27b,all,V_CONTRAST,C_CONTRAST,450,-0.05425925925925926,0.008768069350544111,0.043840346752720555
qwen3.8-27b,primary,V_CONTRAST,C_CONTRAST,281,-0.07236061684460261,0.001996706573611892,0.011980239441671352
qwen3.8-27b,aiops,V_CONTRAST,C_CONTRAST,188,-0.05035460992907802,0.05219058165217896,0.3131434899130738
qwen3.8-27b,all,M_TEXT,C_CONTRAST,453,-0.01394407652685799,0.6224055671208046,1.0
qwen3.8-27b,primary,M_TEXT,C_CONTRAST,284,0.006514084507042251,0.7250526344824328,1.0
qwen3.8-27b,aiops,M_TEXT,C_CONTRAST,190,0.006228070175438594,0.5016012786729775,1.0
qwen3.8-27b,all,V_CONTRAST,V_STANDARD,460,-0.025978260869565218,0.15015209693339066,0.500109033583523
qwen3.8-27b,primary,V_CONTRAST,V_STANDARD,284,-0.029284037558685444,0.19165892599319523,0.7666357039727809
qwen3.8-27b,aiops,V_CONTRAST,V_STANDARD,191,-0.011082024432809772,0.4983482951436624,1.0
gemma-4-26b-a4b,all,V_CONTRAST,C_CONTRAST,480,-0.042708333333333334,0.12502725839588075,0.500109033583523
gemma-4-26b-a4b,primary,V_CONTRAST,C_CONTRAST,300,-0.028333333333333332,0.3781364351492089,1.0
gemma-4-26b-a4b,aiops,V_CONTRAST,C_CONTRAST,200,0.0225,0.4321679551756431,1.0
gemma-4-26b-a4b,all,M_TEXT,C_CONTRAST,480,-0.065625,0.002726801777667994,0.016360810666007964
gemma-4-26b-a4b,primary,M_TEXT,C_CONTRAST,300,-0.085,0.002557661178469736,0.012788305892348681
gemma-4-26b-a4b,aiops,M_TEXT,C_CONTRAST,200,-0.0675,0.06084741314598558,0.3131434899130738
gemma-4-26b-a4b,all,V_CONTRAST,V_STANDARD,480,-0.0125,0.8251430262945636,1.0
gemma-4-26b-a4b,primary,V_CONTRAST,V_STANDARD,300,0.016666666666666666,0.607314673398182,1.0
gemma-4-26b-a4b,aiops,V_CONTRAST,V_STANDARD,200,0.02,0.5164122683960384,1.0
