population,model,arm,scope,n,mrr,ac@1,ac@3,ac@5,avg@3,avg@5,n_candidates,input_tokens,output_tokens,image_tokens,text_tokens,wall_time_s,single_candidate
common,gemma-4-26b-a4b,E_P_D_P,macro,120,0.31819444444444445,0.2416666666666667,0.3916666666666666,0.4583333333333333,0.3138888888888889,0.3666666666666667,3.9,13288.741666666667,150.7,0.0,13288.741666666667,43.54882833663332,14
common,gemma-4-26b-a4b,E_P_D_P,pooled,120,0.3181944444444444,0.24166666666666667,0.39166666666666666,0.4583333333333333,0.3138888888888889,0.36666666666666664,3.9,13288.741666666667,150.7,0.0,13288.741666666667,43.54882833663332,14
common,gemma-4-26b-a4b,E_P_D_P,aiops_combined,80,0.28625,0.225,0.35,0.4,0.2833333333333333,0.325,3.825,12834.6625,151.9125,0.0,12834.6625,40.78685983614996,9
common,gemma-4-26b-a4b,E_P_D_P,aiops2022,40,0.2625,0.175,0.35,0.4,0.26666666666666666,0.32,3.45,13328.4,151.525,0.0,13328.4,45.411371848499854,8
common,gemma-4-26b-a4b,E_P_D_P,aiops2025,40,0.31,0.275,0.35,0.4,0.3,0.33,4.2,12340.925,152.3,0.0,12340.925,36.16234782380006,1
common,gemma-4-26b-a4b,E_P_D_P,aegislab,40,0.3820833333333334,0.275,0.475,0.575,0.375,0.45,4.05,14196.9,148.275,0.0,14196.9,49.072765337600046,5
common,gemma-4-26b-a4b,E_P_D_S,macro,120,0.33194444444444443,0.30833333333333335,0.35833333333333334,0.375,0.33055555555555555,0.34833333333333333,1.725,13164.741666666667,138.14166666666668,0.0,13164.741666666667,39.73854191584175,91
common,gemma-4-26b-a4b,E_P_D_S,pooled,120,0.33194444444444443,0.30833333333333335,0.35833333333333334,0.375,0.33055555555555555,0.34833333333333333,1.725,13164.741666666667,138.14166666666668,0.0,13164.741666666667,39.73854191584175,91
common,gemma-4-26b-a4b,E_P_D_S,aiops_combined,80,0.271875,0.25,0.3,0.3125,0.2708333333333333,0.2875,1.6625,12710.6625,136.6625,0.0,12710.6625,36.41432407842517,61
common,gemma-4-26b-a4b,E_P_D_S,aiops2022,40,0.2375,0.225,0.25,0.25,0.24166666666666664,0.24500000000000002,1.25,13204.4,136.175,0.0,13204.4,41.0147070426252,36
common,gemma-4-26b-a4b,E_P_D_S,aiops2025,40,0.30625,0.275,0.35,0.375,0.3,0.33,2.075,12216.925,137.15,0.0,12216.925,31.813941114225145,25
common,gemma-4-26b-a4b,E_P_D_S,aegislab,40,0.4520833333333334,0.425,0.475,0.5,0.45,0.4699999999999999,1.85,14072.9,141.1,0.0,14072.9,46.3869775906749,30
common,gemma-4-26b-a4b,E_S_D_P,macro,120,0.4290277777777778,0.3416666666666666,0.5583333333333333,0.5833333333333334,0.43333333333333335,0.49000000000000005,3.6083333333333334,14337.791666666666,159.5,0.0,14337.791666666666,45.97659587261672,12
common,gemma-4-26b-a4b,E_S_D_P,pooled,120,0.4290277777777778,0.3416666666666667,0.5583333333333333,0.5833333333333334,0.43333333333333335,0.49,3.6083333333333334,14337.791666666666,159.5,0.0,14337.791666666666,45.97659587261672,12
common,gemma-4-26b-a4b,E_S_D_P,aiops_combined,80,0.4375,0.375,0.525,0.525,0.45,0.4800000000000001,3.5375,12474.9875,156.875,0.0,12474.9875,41.866846877187484,8
common,gemma-4-26b-a4b,E_S_D_P,aiops2022,40,0.4208333333333334,0.35,0.5,0.5,0.4416666666666666,0.465,3.375,18875.75,159.175,0.0,18875.75,47.956776480100054,5
common,gemma-4-26b-a4b,E_S_D_P,aiops2025,40,0.4541666666666666,0.4,0.55,0.55,0.4583333333333333,0.495,3.7,6074.225,154.575,0.0,6074.225,35.77691727427491,3
common,gemma-4-26b-a4b,E_S_D_P,aegislab,40,0.41208333333333336,0.275,0.625,0.7,0.39999999999999997,0.51,3.75,18063.4,164.75,0.0,18063.4,54.1960938634752,4
common,gemma-4-26b-a4b,E_S_D_S,macro,120,0.38763888888888887,0.3333333333333333,0.45,0.4833333333333334,0.3888888888888889,0.4216666666666667,2.566666666666667,14213.791666666666,163.60833333333332,0.0,14213.791666666666,46.9674586161667,52
common,gemma-4-26b-a4b,E_S_D_S,pooled,120,0.38763888888888887,0.3333333333333333,0.45,0.48333333333333334,0.3888888888888889,0.4216666666666667,2.566666666666667,14213.791666666666,163.60833333333332,0.0,14213.791666666666,46.9674586161667,52
common,gemma-4-26b-a4b,E_S_D_S,aiops_combined,80,0.39791666666666664,0.3625,0.45,0.45,0.4041666666666666,0.4225,2.375,12350.9875,157.9,0.0,12350.9875,42.201210630474904,37
common,gemma-4-26b-a4b,E_S_D_S,aiops2022,40,0.31250000000000006,0.275,0.375,0.375,0.3166666666666667,0.33999999999999997,2.275,18751.75,157.525,0.0,18751.75,47.72553937437478,20
common,gemma-4-26b-a4b,E_S_D_S,aiops2025,40,0.4833333333333333,0.45,0.525,0.525,0.4916666666666666,0.505,2.475,5950.225,158.275,0.0,5950.225,36.67688188657503,17
common,gemma-4-26b-a4b,E_S_D_S,aegislab,40,0.3670833333333333,0.275,0.45,0.55,0.3583333333333333,0.4200000000000001,2.95,17939.4,175.025,0.0,17939.4,56.49995458755029,15
common,gemma-4-26b-a4b,E_S_G_P_V_S,macro,120,0.42277777777777786,0.3416666666666666,0.525,0.5750000000000001,0.41944444444444445,0.47833333333333333,3.7,14306.791666666666,161.85,0.0,14306.791666666666,46.49020964949159,16
common,gemma-4-26b-a4b,E_S_G_P_V_S,pooled,120,0.4227777777777778,0.3416666666666667,0.525,0.575,0.4194444444444444,0.4783333333333333,3.7,14306.791666666666,161.85,0.0,14306.791666666666,46.49020964949159,16
common,gemma-4-26b-a4b,E_S_G_P_V_S,aiops_combined,80,0.4354166666666666,0.3625,0.525,0.55,0.4416666666666666,0.48500000000000004,3.675,12443.9875,160.4625,0.0,12443.9875,42.85840029652486,9
common,gemma-4-26b-a4b,E_S_G_P_V_S,aiops2022,40,0.36875,0.3,0.45,0.475,0.375,0.41500000000000004,3.475,18844.75,161.4,0.0,18844.75,48.61159314642491,6
common,gemma-4-26b-a4b,E_S_G_P_V_S,aiops2025,40,0.5020833333333333,0.425,0.6,0.625,0.5083333333333333,0.555,3.875,6043.225,159.525,0.0,6043.225,37.10520744662481,3
common,gemma-4-26b-a4b,E_S_G_P_V_S,aegislab,40,0.39749999999999996,0.3,0.525,0.625,0.375,0.465,3.75,18032.4,164.625,0.0,18032.4,53.75382835542505,7
common,gemma-4-26b-a4b,E_S_G_S_V_P,macro,120,0.39208333333333334,0.325,0.4666666666666666,0.5083333333333333,0.39444444444444443,0.43333333333333335,3.183333333333333,14244.791666666666,168.46666666666667,0.0,14244.791666666666,48.4273924605665,33
common,gemma-4-26b-a4b,E_S_G_S_V_P,pooled,120,0.3920833333333333,0.325,0.4666666666666667,0.5083333333333333,0.39444444444444443,0.43333333333333335,3.183333333333333,14244.791666666666,168.46666666666667,0.0,14244.791666666666,48.4273924605665,33
common,gemma-4-26b-a4b,E_S_G_S_V_P,aiops_combined,80,0.4125,0.3625,0.475,0.475,0.425,0.445,3.125,12381.9875,165.8875,0.0,12381.9875,44.38897585818718,23
common,gemma-4-26b-a4b,E_S_G_S_V_P,aiops2022,40,0.3375,0.275,0.425,0.425,0.35,0.38,2.95,18782.75,169.65,0.0,18782.75,50.57415834319981,15
common,gemma-4-26b-a4b,E_S_G_S_V_P,aiops2025,40,0.4875,0.45,0.525,0.525,0.5,0.51,3.3,5981.225,162.125,0.0,5981.225,38.20379337317454,8
common,gemma-4-26b-a4b,E_S_G_S_V_P,aegislab,40,0.35125,0.25,0.45,0.575,0.3333333333333333,0.41,3.3,17970.4,173.625,0.0,17970.4,56.50422566532516,10
common,gemma-4-26b-a4b,MORE,macro,120,0.39444444444444443,0.3833333333333333,0.4083333333333334,0.4083333333333334,0.3972222222222222,0.40166666666666667,1.2666666666666666,16777.933333333334,113.8,1085.025,15692.908333333333,33.6803302006917,107
common,gemma-4-26b-a4b,MORE,pooled,120,0.3944444444444445,0.38333333333333336,0.4083333333333333,0.4083333333333333,0.39722222222222225,0.40166666666666667,1.2666666666666666,16777.933333333334,113.8,1085.025,15692.908333333333,33.6803302006917,107
common,gemma-4-26b-a4b,MORE,aiops_combined,80,0.3375,0.325,0.35,0.35,0.3416666666666667,0.34500000000000003,1.275,16282.8375,112.35,1084.225,15198.6125,30.57349036673754,70
common,gemma-4-26b-a4b,MORE,aiops2022,40,0.275,0.275,0.275,0.275,0.275,0.275,1.1,16850.325,109.975,1084.575,15765.75,32.741818349724966,38
common,gemma-4-26b-a4b,MORE,aiops2025,40,0.4,0.375,0.425,0.425,0.4083333333333333,0.41500000000000004,1.45,15715.35,114.725,1083.875,14631.475,28.40516238375012,32
common,gemma-4-26b-a4b,MORE,aegislab,40,0.5083333333333333,0.5,0.525,0.525,0.5083333333333333,0.515,1.25,17768.125,116.7,1086.625,16681.5,39.89400986860001,37
common,gemma-4-26b-a4b,SIRCL_IDS_NATIVE,macro,120,0.31666666666666665,0.2833333333333334,0.3666666666666667,0.3666666666666667,0.3222222222222222,0.34,1.7083333333333333,14687.483333333334,66.78333333333333,0.0,14687.483333333334,21.195376276324865,77
common,gemma-4-26b-a4b,SIRCL_IDS_NATIVE,pooled,120,0.31666666666666665,0.2833333333333333,0.36666666666666664,0.36666666666666664,0.3222222222222222,0.33999999999999997,1.7083333333333333,14687.483333333334,66.78333333333333,0.0,14687.483333333334,21.195376276324865,77
common,gemma-4-26b-a4b,SIRCL_IDS_NATIVE,aiops_combined,80,0.33125,0.3125,0.35,0.35,0.3375,0.3425,1.5625,12814.1,69.0375,0.0,12814.1,20.089110088299822,57
common,gemma-4-26b-a4b,SIRCL_IDS_NATIVE,aiops2022,40,0.2125,0.175,0.25,0.25,0.225,0.23499999999999996,1.35,19224.15,71.65,0.0,19224.15,23.044739421249595,33
common,gemma-4-26b-a4b,SIRCL_IDS_NATIVE,aiops2025,40,0.45,0.45,0.45,0.45,0.45,0.45,1.775,6404.05,66.425,0.0,6404.05,17.133480755350046,24
common,gemma-4-26b-a4b,SIRCL_IDS_NATIVE,aegislab,40,0.2875,0.225,0.4,0.4,0.29166666666666663,0.335,2.0,18434.25,62.275,0.0,18434.25,23.407908652374953,20
common,gemma-4-26b-a4b,TPV,macro,120,0.3541666666666667,0.35000000000000003,0.35833333333333334,0.35833333333333334,0.35555555555555557,0.3566666666666667,1.1333333333333333,14789.508333333333,109.34166666666667,1085.025,13704.483333333334,32.74628788314973,113
common,gemma-4-26b-a4b,TPV,pooled,120,0.3541666666666667,0.35,0.35833333333333334,0.35833333333333334,0.35555555555555557,0.35666666666666663,1.1333333333333333,14789.508333333333,109.34166666666667,1085.025,13704.483333333334,32.74628788314973,113
common,gemma-4-26b-a4b,TPV,aiops_combined,80,0.2875,0.2875,0.2875,0.2875,0.2875,0.2875,1.1,14302.3,108.3875,1084.225,13218.075,29.995289536374592,76
common,gemma-4-26b-a4b,TPV,aiops2022,40,0.25,0.25,0.25,0.25,0.25,0.25,1.05,14869.225,107.4,1084.575,13784.65,32.35022195102456,39
common,gemma-4-26b-a4b,TPV,aiops2025,40,0.325,0.325,0.325,0.325,0.325,0.325,1.15,13735.375,109.375,1083.875,12651.5,27.640357121724627,37
common,gemma-4-26b-a4b,TPV,aegislab,40,0.4875,0.475,0.5,0.5,0.4916666666666666,0.495,1.2,15763.925,111.25,1086.625,14677.3,38.24828457670001,37
common,gemma-4-26b-a4b,T_NATIVE,macro,120,0.30486111111111114,0.27499999999999997,0.3333333333333333,0.34166666666666673,0.31111111111111106,0.3233333333333333,1.6166666666666667,14268.858333333334,113.21666666666667,0.0,14268.858333333334,33.27976664238319,86
common,gemma-4-26b-a4b,T_NATIVE,pooled,120,0.30486111111111114,0.275,0.3333333333333333,0.3416666666666667,0.3111111111111111,0.3233333333333333,1.6166666666666667,14268.858333333334,113.21666666666667,0.0,14268.858333333334,33.27976664238319,86
common,gemma-4-26b-a4b,T_NATIVE,aiops_combined,80,0.2479166666666667,0.2375,0.2625,0.2625,0.25,0.255,1.525,13722.0625,110.1125,0.0,13722.0625,30.021548398524782,59
common,gemma-4-26b-a4b,T_NATIVE,aiops2022,40,0.2833333333333333,0.275,0.3,0.3,0.2833333333333333,0.29,1.4,14322.4,108.05,0.0,14322.4,32.84839833854967,32
common,gemma-4-26b-a4b,T_NATIVE,aiops2025,40,0.2125,0.2,0.225,0.225,0.21666666666666665,0.22000000000000003,1.65,13121.725,112.175,0.0,13121.725,27.194698458499897,27
common,gemma-4-26b-a4b,T_NATIVE,aegislab,40,0.41875,0.35,0.475,0.5,0.4333333333333333,0.45999999999999996,1.8,15362.45,119.425,0.0,15362.45,39.796203130100004,27
common,gemma-4-26b-a4b,W_NO_K,macro,120,0.32916666666666666,0.325,0.3333333333333333,0.3333333333333333,0.33055555555555555,0.33166666666666667,1.05,16142.05,115.85,1085.025,15057.025,34.559465641925335,117
common,gemma-4-26b-a4b,W_NO_K,pooled,120,0.32916666666666666,0.325,0.3333333333333333,0.3333333333333333,0.3305555555555556,0.33166666666666667,1.05,16142.05,115.85,1085.025,15057.025,34.559465641925335,117
common,gemma-4-26b-a4b,W_NO_K,aiops_combined,80,0.29375,0.2875,0.3,0.3,0.2958333333333333,0.2975,1.05,15718.2375,114.9,1084.225,14634.0125,31.599202498037766,78
common,gemma-4-26b-a4b,W_NO_K,aiops2022,40,0.3125,0.3,0.325,0.325,0.31666666666666665,0.32,1.05,16383.55,116.3,1084.575,15298.975,34.97165119685015,39
common,gemma-4-26b-a4b,W_NO_K,aiops2025,40,0.275,0.275,0.275,0.275,0.275,0.275,1.05,15052.925,113.5,1083.875,13969.05,28.22675379922539,39
common,gemma-4-26b-a4b,W_NO_K,aegislab,40,0.4,0.4,0.4,0.4,0.4,0.4,1.05,16989.675,117.75,1086.625,15903.05,40.47999192970046,39
common,qwen3.8-27b,E_P_D_P,macro,97,0.4618121693121693,0.3450396825396826,0.6040674603174603,0.6462301587301588,0.47331349206349205,0.5381746031746032,4.072164948453608,11839.969072164948,279.97938144329896,0.0,11839.969072164948,147.37653259508232,0
common,qwen3.8-27b,E_P_D_P,pooled,97,0.45601374570446734,0.3402061855670103,0.5979381443298969,0.6391752577319587,0.46735395189003437,0.5319587628865979,4.072164948453608,11839.969072164948,279.97938144329896,0.0,11839.969072164948,147.37653259508232,0
common,qwen3.8-27b,E_P_D_P,aiops_combined,67,0.3674129353233831,0.2537313432835821,0.5223880597014925,0.5522388059701493,0.37810945273631835,0.44477611940298506,3.925373134328358,11392.298507462687,290.0,0.0,11392.298507462687,143.43864886423876,0
common,qwen3.8-27b,E_P_D_P,aiops2022,32,0.3291666666666666,0.1875,0.53125,0.5625,0.34375,0.425,4.15625,11854.09375,326.625,0.0,11854.09375,164.56907304275,0
common,qwen3.8-27b,E_P_D_P,aiops2025,35,0.40238095238095234,0.3142857142857143,0.5142857142857142,0.5428571428571428,0.4095238095238095,0.4628571428571429,3.7142857142857144,10970.085714285715,256.51428571428573,0.0,10970.085714285715,124.11940390102848,0
common,qwen3.8-27b,E_P_D_P,aegislab,30,0.6538888888888889,0.5333333333333333,0.7666666666666667,0.8333333333333334,0.6666666666666666,0.7266666666666667,4.4,12839.766666666666,257.6,0.0,12839.766666666666,156.1711395939663,0
common,qwen3.8-27b,E_P_D_S,macro,97,0.4377083333333333,0.33710317460317457,0.5648809523809524,0.604563492063492,0.44460978835978837,0.5044642857142857,4.412371134020619,11724.969072164948,280.22680412371136,0.0,11724.969072164948,143.3031084228659,0
common,qwen3.8-27b,E_P_D_S,pooled,97,0.4302405498281787,0.32989690721649484,0.5567010309278351,0.5979381443298969,0.4364261168384879,0.4969072164948453,4.412371134020619,11724.969072164948,280.22680412371136,0.0,11724.969072164948,143.3031084228659,0
common,qwen3.8-27b,E_P_D_S,aiops_combined,67,0.3213930348258706,0.22388059701492538,0.44776119402985076,0.4925373134328358,0.3233830845771144,0.3880597014925373,4.298507462686567,11277.298507462687,275.25373134328356,0.0,11277.298507462687,136.23124552958188,0
common,qwen3.8-27b,E_P_D_S,aiops2022,32,0.2864583333333333,0.1875,0.4375,0.4375,0.3020833333333333,0.35625,4.34375,11739.09375,286.0,0.0,11739.09375,154.877784298312,0
common,qwen3.8-27b,E_P_D_S,aiops2025,35,0.35333333333333333,0.2571428571428571,0.45714285714285713,0.5428571428571428,0.34285714285714286,0.4171428571428572,4.257142857142857,10855.085714285715,265.42857142857144,0.0,10855.085714285715,119.18298151245722,0
common,qwen3.8-27b,E_P_D_S,aegislab,30,0.6733333333333333,0.5666666666666667,0.8,0.8333333333333334,0.6888888888888888,0.74,4.666666666666667,12724.766666666666,291.3333333333333,0.0,12724.766666666666,159.09693555120018,0
common,qwen3.8-27b,E_S_D_P,macro,97,0.4279927248677249,0.3517857142857143,0.5262896825396824,0.5374007936507936,0.44047619047619047,0.4792460317460317,3.329896907216495,13357.309278350516,250.82474226804123,0.0,13357.309278350516,137.82906817369098,0
common,qwen3.8-27b,E_S_D_P,pooled,97,0.4269759450171821,0.35051546391752575,0.5257731958762887,0.5360824742268041,0.43986254295532645,0.4783505154639175,3.329896907216495,13357.309278350516,250.82474226804123,0.0,13357.309278350516,137.82906817369098,0
common,qwen3.8-27b,E_S_D_P,aiops_combined,67,0.41044776119402987,0.3283582089552239,0.5223880597014925,0.5223880597014925,0.4278606965174129,0.46567164179104475,3.388059701492537,11704.76119402985,249.40298507462686,0.0,11704.76119402985,129.98414109392567,0
common,qwen3.8-27b,E_S_D_P,aiops2022,32,0.40104166666666663,0.3125,0.53125,0.53125,0.41666666666666663,0.4625,3.625,18079.46875,234.9375,0.0,18079.46875,142.2597236656875,0
common,qwen3.8-27b,E_S_D_P,aiops2025,35,0.41904761904761906,0.34285714285714286,0.5142857142857142,0.5142857142857142,0.43809523809523804,0.4685714285714285,3.1714285714285713,5876.457142857143,262.62857142857143,0.0,5876.457142857143,118.76075131402915,0
common,qwen3.8-27b,E_S_D_P,aegislab,30,0.46388888888888885,0.4,0.5333333333333333,0.5666666666666667,0.4666666666666667,0.5066666666666667,3.2,17048.0,254.0,0.0,17048.0,155.34940531850017,0
common,qwen3.8-27b,E_S_D_S,macro,97,0.39790013227513227,0.3239087301587302,0.4761904761904762,0.5079365079365079,0.4052579365079365,0.4463293650793651,3.6082474226804124,13242.309278350516,328.62886597938143,0.0,13242.309278350516,147.9580947528661,0
common,qwen3.8-27b,E_S_D_S,pooled,97,0.3943298969072165,0.31958762886597936,0.4742268041237113,0.5051546391752577,0.4020618556701031,0.44329896907216493,3.6082474226804124,13242.309278350516,328.62886597938143,0.0,13242.309278350516,147.9580947528661,0
common,qwen3.8-27b,E_S_D_S,aiops_combined,67,0.3569651741293532,0.26865671641791045,0.4626865671641791,0.47761194029850745,0.3731343283582089,0.4149253731343283,3.671641791044776,11589.76119402985,374.5820895522388,0.0,11589.76119402985,148.74474882155243,0
common,qwen3.8-27b,E_S_D_S,aiops2022,32,0.3802083333333333,0.28125,0.5,0.5,0.40625,0.44375,3.65625,17964.46875,342.28125,0.0,17964.46875,165.04303290709368,0
common,qwen3.8-27b,E_S_D_S,aiops2025,35,0.3357142857142857,0.2571428571428571,0.42857142857142855,0.45714285714285713,0.34285714285714286,0.38857142857142857,3.6857142857142855,5761.457142857143,404.1142857142857,0.0,5761.457142857143,133.84346051477186,0
common,qwen3.8-27b,E_S_D_S,aegislab,30,0.4777777777777778,0.43333333333333335,0.5,0.5666666666666667,0.4666666666666667,0.5066666666666667,3.466666666666667,16933.0,226.0,0.0,16933.0,146.20123399946655,0
common,qwen3.8-27b,E_S_G_P_V_S,macro,97,0.44673280423280426,0.37103174603174605,0.5453373015873015,0.5564484126984127,0.45988756613756615,0.49628968253968253,3.402061855670103,13330.309278350516,333.4845360824742,0.0,13330.309278350516,152.50372683532984,0
common,qwen3.8-27b,E_S_G_P_V_S,pooled,97,0.4470790378006872,0.3711340206185567,0.5463917525773195,0.5567010309278351,0.46048109965635736,0.49690721649484537,3.402061855670103,13330.309278350516,333.4845360824742,0.0,13330.309278350516,152.50372683532984,0
common,qwen3.8-27b,E_S_G_P_V_S,aiops_combined,67,0.44776119402985076,0.373134328358209,0.5522388059701493,0.5522388059701493,0.4626865671641791,0.49850746268656715,3.462686567164179,11677.76119402985,369.089552238806,0.0,11677.76119402985,151.83470753799995,0
common,qwen3.8-27b,E_S_G_P_V_S,aiops2022,32,0.4375,0.375,0.53125,0.53125,0.44791666666666663,0.48124999999999996,3.53125,18052.46875,403.65625,0.0,18052.46875,177.30956432368714,0
common,qwen3.8-27b,E_S_G_P_V_S,aiops2025,35,0.45714285714285713,0.37142857142857144,0.5714285714285714,0.5714285714285714,0.4761904761904761,0.5142857142857142,3.4,5849.457142857143,337.48571428571427,0.0,5849.457142857143,128.54340990537167,0
common,qwen3.8-27b,E_S_G_P_V_S,aegislab,30,0.4455555555555556,0.36666666666666664,0.5333333333333333,0.5666666666666667,0.45555555555555555,0.4933333333333333,3.2666666666666666,17021.0,253.96666666666667,0.0,17021.0,153.9978699326999,0
common,qwen3.8-27b,E_S_G_S_V_P,macro,97,0.3924503968253968,0.32301587301587303,0.46488095238095234,0.4871031746031746,0.40459656084656087,0.4353769841269841,3.515463917525773,13269.309278350516,264.4020618556701,0.0,13269.309278350516,139.76370156760825,0
common,qwen3.8-27b,E_S_G_S_V_P,pooled,97,0.3895189003436426,0.31958762886597936,0.4639175257731959,0.4845360824742268,0.4020618556701031,0.4329896907216495,3.515463917525773,13269.309278350516,264.4020618556701,0.0,13269.309278350516,139.76370156760825,0
common,qwen3.8-27b,E_S_G_S_V_P,aiops_combined,67,0.3482587064676617,0.26865671641791045,0.44776119402985076,0.44776119402985076,0.3681592039800995,0.39999999999999997,3.626865671641791,11616.76119402985,281.67164179104475,0.0,11616.76119402985,136.03599729874634,0
common,qwen3.8-27b,E_S_G_S_V_P,aiops2022,32,0.33854166666666663,0.25,0.4375,0.4375,0.3645833333333333,0.39375000000000004,3.8125,17991.46875,282.8125,0.0,17991.46875,155.48719962743758,0
common,qwen3.8-27b,E_S_G_S_V_P,aiops2025,35,0.35714285714285715,0.2857142857142857,0.45714285714285713,0.45714285714285713,0.37142857142857144,0.40571428571428575,3.4571428571428573,5788.457142857143,280.62857142857143,0.0,5788.457142857143,118.25204088394291,0
common,qwen3.8-27b,E_S_G_S_V_P,aegislab,30,0.48166666666666663,0.43333333333333335,0.5,0.5666666666666667,0.47777777777777775,0.5066666666666667,3.2666666666666666,16960.0,225.83333333333334,0.0,16960.0,148.08890776806658,0
common,qwen3.8-27b,MORE,macro,97,0.46704695767195764,0.3738095238095238,0.5599206349206349,0.5807539682539683,0.4878306878306878,0.525,3.4123711340206184,16309.288659793814,166.79381443298968,2088.2886597938145,14221.0,122.7015189569072,0
common,qwen3.8-27b,MORE,pooled,97,0.4639175257731959,0.3711340206185567,0.5567010309278351,0.5773195876288659,0.4845360824742268,0.5216494845360825,3.4123711340206184,16309.288659793814,166.79381443298968,2088.2886597938145,14221.0,122.7015189569072,0
common,qwen3.8-27b,MORE,aiops_combined,67,0.3980099502487562,0.31343283582089554,0.47761194029850745,0.5074626865671642,0.41293532338308453,0.4507462686567164,3.462686567164179,15799.164179104477,171.0597014925373,2065.8507462686566,13733.313432835821,114.91563035598507,0
common,qwen3.8-27b,MORE,aiops2022,32,0.328125,0.25,0.375,0.4375,0.3333333333333333,0.375,3.65625,16344.46875,171.65625,2075.3125,14269.15625,137.3296143779687,0
common,qwen3.8-27b,MORE,aiops2025,35,0.4619047619047618,0.37142857142857144,0.5714285714285714,0.5714285714285714,0.4857142857142857,0.52,3.2857142857142856,15300.6,170.5142857142857,2057.2,13243.4,94.42284496445718,0
common,qwen3.8-27b,MORE,aegislab,30,0.611111111111111,0.5,0.7333333333333333,0.7333333333333333,0.6444444444444444,0.68,3.3,17448.566666666666,157.26666666666668,2138.4,15310.166666666666,140.09000349896658,0
common,qwen3.8-27b,SIRCL_IDS_NATIVE,macro,97,0.3704199735449736,0.2884920634920635,0.47460317460317464,0.4857142857142857,0.384755291005291,0.4251388888888889,3.2061855670103094,13710.938144329897,105.64948453608247,0.0,13710.938144329897,105.55670131938145,0
common,qwen3.8-27b,SIRCL_IDS_NATIVE,pooled,97,0.37027491408934704,0.28865979381443296,0.4742268041237113,0.4845360824742268,0.3848797250859106,0.42474226804123716,3.2061855670103094,13710.938144329897,105.64948453608247,0.0,13710.938144329897,105.55670131938145,0
common,qwen3.8-27b,SIRCL_IDS_NATIVE,aiops_combined,67,0.38557213930348255,0.31343283582089554,0.47761194029850745,0.47761194029850745,0.40298507462686567,0.43283582089552236,3.208955223880597,12048.432835820895,106.14925373134328,0.0,12048.432835820895,98.88908621658206,0
common,qwen3.8-27b,SIRCL_IDS_NATIVE,aiops2022,32,0.4322916666666667,0.375,0.5,0.5,0.4479166666666667,0.46874999999999994,3.3125,18432.84375,116.28125,0.0,18432.84375,120.08684604471875,0
common,qwen3.8-27b,SIRCL_IDS_NATIVE,aiops2025,35,0.34285714285714286,0.2571428571428571,0.45714285714285713,0.45714285714285713,0.3619047619047619,0.4,3.1142857142857143,6211.257142857143,96.88571428571429,0.0,6211.257142857143,79.50827723085708,0
common,qwen3.8-27b,SIRCL_IDS_NATIVE,aegislab,30,0.3361111111111111,0.23333333333333334,0.4666666666666667,0.5,0.3444444444444444,0.4066666666666667,3.2,17423.866666666665,104.53333333333333,0.0,17423.866666666665,120.44770838230009,0
common,qwen3.8-27b,TPV,macro,97,0.4468832671957672,0.36339285714285713,0.518452380952381,0.549702380952381,0.4630621693121693,0.49771825396825403,3.3092783505154637,14465.0206185567,165.90721649484536,2088.2886597938145,12376.731958762886,119.69687118026818,0
common,qwen3.8-27b,TPV,pooled,97,0.44415807560137455,0.36082474226804123,0.5154639175257731,0.5463917525773195,0.46048109965635736,0.4948453608247423,3.3092783505154637,14465.0206185567,165.90721649484536,2088.2886597938145,12376.731958762886,119.69687118026818,0
common,qwen3.8-27b,TPV,aiops_combined,67,0.376865671641791,0.29850746268656714,0.43283582089552236,0.47761194029850745,0.3880597014925373,0.42388059701492536,3.388059701492537,13965.925373134329,166.49253731343285,2065.8507462686566,11900.074626865671,111.6981440780748,0
common,qwen3.8-27b,TPV,aiops2022,32,0.2890625,0.21875,0.3125,0.40625,0.28125,0.33125000000000004,3.53125,14504.28125,157.34375,2075.3125,12428.96875,131.11963599975024,0
common,qwen3.8-27b,TPV,aiops2025,35,0.45714285714285713,0.37142857142857144,0.5428571428571428,0.5428571428571428,0.4857142857142857,0.5085714285714285,3.257142857142857,13473.714285714286,174.85714285714286,2057.2,11416.514285714286,93.94135146397156,0
common,qwen3.8-27b,TPV,aegislab,30,0.5944444444444444,0.5,0.7,0.7,0.6222222222222221,0.6533333333333332,3.1333333333333333,15579.666666666666,164.6,2138.4,13441.266666666666,137.56069504183336,0
common,qwen3.8-27b,T_NATIVE,macro,97,0.3616964285714286,0.24325396825396828,0.5239087301587302,0.5350198412698413,0.3821428571428571,0.44107142857142856,3.1237113402061856,12812.092783505155,166.83505154639175,0.0,12812.092783505155,119.112213021835,0
common,qwen3.8-27b,T_NATIVE,pooled,97,0.35429553264604813,0.23711340206185566,0.5154639175257731,0.5257731958762887,0.37457044673539514,0.4329896907216495,3.1237113402061856,12812.092783505155,166.83505154639175,0.0,12812.092783505155,119.112213021835,0
common,qwen3.8-27b,T_NATIVE,aiops_combined,67,0.24129353233830841,0.14925373134328357,0.373134328358209,0.373134328358209,0.25870646766169153,0.30447761194029854,3.1194029850746268,12276.835820895523,161.59701492537314,0.0,12276.835820895523,110.5806168762985,0
common,qwen3.8-27b,T_NATIVE,aiops2022,32,0.19270833333333331,0.125,0.28125,0.28125,0.20833333333333331,0.2375,3.03125,12850.09375,159.3125,0.0,12850.09375,129.0705114770626,0
common,qwen3.8-27b,T_NATIVE,aiops2025,35,0.28571428571428564,0.17142857142857143,0.45714285714285713,0.45714285714285713,0.30476190476190473,0.3657142857142857,3.2,11752.714285714286,163.68571428571428,0.0,11752.714285714286,93.67557038417134,0
common,qwen3.8-27b,T_NATIVE,aegislab,30,0.6066666666666668,0.43333333333333335,0.8333333333333334,0.8666666666666667,0.6333333333333333,0.7200000000000002,3.1333333333333333,14007.5,178.53333333333333,0.0,14007.5,138.1661110801998,0
common,qwen3.8-27b,W_NO_K,macro,97,0.48665674603174597,0.4166666666666667,0.5601190476190476,0.5601190476190476,0.508829365079365,0.529345238095238,3.1752577319587627,15724.37113402062,157.71134020618555,2088.2886597938145,13636.082474226803,121.93305200829896,0
common,qwen3.8-27b,W_NO_K,pooled,97,0.48281786941580757,0.41237113402061853,0.5567010309278351,0.5567010309278351,0.5051546391752577,0.5257731958762887,3.1752577319587627,15724.37113402062,157.71134020618555,2088.2886597938145,13636.082474226803,121.93305200829896,0
common,qwen3.8-27b,W_NO_K,aiops_combined,67,0.40796019900497515,0.3283582089552239,0.4925373134328358,0.4925373134328358,0.43283582089552236,0.45671641791044776,3.2238805970149254,15279.746268656716,158.8955223880597,2065.8507462686566,13213.89552238806,113.23640704632825,0
common,qwen3.8-27b,W_NO_K,aiops2022,32,0.33854166666666663,0.25,0.4375,0.4375,0.36458333333333337,0.39375,3.25,15927.0625,155.8125,2075.3125,13851.75,135.7698185315312,0
common,qwen3.8-27b,W_NO_K,aiops2025,35,0.4714285714285714,0.4,0.5428571428571428,0.5428571428571428,0.4952380952380952,0.5142857142857142,3.2,14687.914285714285,161.71428571428572,2057.2,12630.714285714286,92.63443083128556,0
common,qwen3.8-27b,W_NO_K,aegislab,30,0.65,0.6,0.7,0.7,0.6666666666666666,0.6799999999999999,3.066666666666667,16717.366666666665,155.06666666666666,2138.4,14578.966666666667,141.35555909003355,0
own_completed,gemma-4-26b-a4b,E_P_D_P,macro,120,0.31819444444444445,0.2416666666666667,0.3916666666666666,0.4583333333333333,0.3138888888888889,0.3666666666666667,3.9,13288.741666666667,150.7,0.0,13288.741666666667,43.54882833663332,14
own_completed,gemma-4-26b-a4b,E_P_D_P,pooled,120,0.3181944444444444,0.24166666666666667,0.39166666666666666,0.4583333333333333,0.3138888888888889,0.36666666666666664,3.9,13288.741666666667,150.7,0.0,13288.741666666667,43.54882833663332,14
own_completed,gemma-4-26b-a4b,E_P_D_P,aiops_combined,80,0.28625,0.225,0.35,0.4,0.2833333333333333,0.325,3.825,12834.6625,151.9125,0.0,12834.6625,40.78685983614996,9
own_completed,gemma-4-26b-a4b,E_P_D_P,aiops2022,40,0.2625,0.175,0.35,0.4,0.26666666666666666,0.32,3.45,13328.4,151.525,0.0,13328.4,45.411371848499854,8
own_completed,gemma-4-26b-a4b,E_P_D_P,aiops2025,40,0.31,0.275,0.35,0.4,0.3,0.33,4.2,12340.925,152.3,0.0,12340.925,36.16234782380006,1
own_completed,gemma-4-26b-a4b,E_P_D_P,aegislab,40,0.3820833333333334,0.275,0.475,0.575,0.375,0.45,4.05,14196.9,148.275,0.0,14196.9,49.072765337600046,5
own_completed,gemma-4-26b-a4b,E_P_D_S,macro,120,0.33194444444444443,0.30833333333333335,0.35833333333333334,0.375,0.33055555555555555,0.34833333333333333,1.725,13164.741666666667,138.14166666666668,0.0,13164.741666666667,39.73854191584175,91
own_completed,gemma-4-26b-a4b,E_P_D_S,pooled,120,0.33194444444444443,0.30833333333333335,0.35833333333333334,0.375,0.33055555555555555,0.34833333333333333,1.725,13164.741666666667,138.14166666666668,0.0,13164.741666666667,39.73854191584175,91
own_completed,gemma-4-26b-a4b,E_P_D_S,aiops_combined,80,0.271875,0.25,0.3,0.3125,0.2708333333333333,0.2875,1.6625,12710.6625,136.6625,0.0,12710.6625,36.41432407842517,61
own_completed,gemma-4-26b-a4b,E_P_D_S,aiops2022,40,0.2375,0.225,0.25,0.25,0.24166666666666664,0.24500000000000002,1.25,13204.4,136.175,0.0,13204.4,41.0147070426252,36
own_completed,gemma-4-26b-a4b,E_P_D_S,aiops2025,40,0.30625,0.275,0.35,0.375,0.3,0.33,2.075,12216.925,137.15,0.0,12216.925,31.813941114225145,25
own_completed,gemma-4-26b-a4b,E_P_D_S,aegislab,40,0.4520833333333334,0.425,0.475,0.5,0.45,0.4699999999999999,1.85,14072.9,141.1,0.0,14072.9,46.3869775906749,30
own_completed,gemma-4-26b-a4b,E_S_D_P,macro,120,0.4290277777777778,0.3416666666666666,0.5583333333333333,0.5833333333333334,0.43333333333333335,0.49000000000000005,3.6083333333333334,14337.791666666666,159.5,0.0,14337.791666666666,45.97659587261672,12
own_completed,gemma-4-26b-a4b,E_S_D_P,pooled,120,0.4290277777777778,0.3416666666666667,0.5583333333333333,0.5833333333333334,0.43333333333333335,0.49,3.6083333333333334,14337.791666666666,159.5,0.0,14337.791666666666,45.97659587261672,12
own_completed,gemma-4-26b-a4b,E_S_D_P,aiops_combined,80,0.4375,0.375,0.525,0.525,0.45,0.4800000000000001,3.5375,12474.9875,156.875,0.0,12474.9875,41.866846877187484,8
own_completed,gemma-4-26b-a4b,E_S_D_P,aiops2022,40,0.4208333333333334,0.35,0.5,0.5,0.4416666666666666,0.465,3.375,18875.75,159.175,0.0,18875.75,47.956776480100054,5
own_completed,gemma-4-26b-a4b,E_S_D_P,aiops2025,40,0.4541666666666666,0.4,0.55,0.55,0.4583333333333333,0.495,3.7,6074.225,154.575,0.0,6074.225,35.77691727427491,3
own_completed,gemma-4-26b-a4b,E_S_D_P,aegislab,40,0.41208333333333336,0.275,0.625,0.7,0.39999999999999997,0.51,3.75,18063.4,164.75,0.0,18063.4,54.1960938634752,4
own_completed,gemma-4-26b-a4b,E_S_D_S,macro,120,0.38763888888888887,0.3333333333333333,0.45,0.4833333333333334,0.3888888888888889,0.4216666666666667,2.566666666666667,14213.791666666666,163.60833333333332,0.0,14213.791666666666,46.9674586161667,52
own_completed,gemma-4-26b-a4b,E_S_D_S,pooled,120,0.38763888888888887,0.3333333333333333,0.45,0.48333333333333334,0.3888888888888889,0.4216666666666667,2.566666666666667,14213.791666666666,163.60833333333332,0.0,14213.791666666666,46.9674586161667,52
own_completed,gemma-4-26b-a4b,E_S_D_S,aiops_combined,80,0.39791666666666664,0.3625,0.45,0.45,0.4041666666666666,0.4225,2.375,12350.9875,157.9,0.0,12350.9875,42.201210630474904,37
own_completed,gemma-4-26b-a4b,E_S_D_S,aiops2022,40,0.31250000000000006,0.275,0.375,0.375,0.3166666666666667,0.33999999999999997,2.275,18751.75,157.525,0.0,18751.75,47.72553937437478,20
own_completed,gemma-4-26b-a4b,E_S_D_S,aiops2025,40,0.4833333333333333,0.45,0.525,0.525,0.4916666666666666,0.505,2.475,5950.225,158.275,0.0,5950.225,36.67688188657503,17
own_completed,gemma-4-26b-a4b,E_S_D_S,aegislab,40,0.3670833333333333,0.275,0.45,0.55,0.3583333333333333,0.4200000000000001,2.95,17939.4,175.025,0.0,17939.4,56.49995458755029,15
own_completed,gemma-4-26b-a4b,E_S_G_P_V_S,macro,120,0.42277777777777786,0.3416666666666666,0.525,0.5750000000000001,0.41944444444444445,0.47833333333333333,3.7,14306.791666666666,161.85,0.0,14306.791666666666,46.49020964949159,16
own_completed,gemma-4-26b-a4b,E_S_G_P_V_S,pooled,120,0.4227777777777778,0.3416666666666667,0.525,0.575,0.4194444444444444,0.4783333333333333,3.7,14306.791666666666,161.85,0.0,14306.791666666666,46.49020964949159,16
own_completed,gemma-4-26b-a4b,E_S_G_P_V_S,aiops_combined,80,0.4354166666666666,0.3625,0.525,0.55,0.4416666666666666,0.48500000000000004,3.675,12443.9875,160.4625,0.0,12443.9875,42.85840029652486,9
own_completed,gemma-4-26b-a4b,E_S_G_P_V_S,aiops2022,40,0.36875,0.3,0.45,0.475,0.375,0.41500000000000004,3.475,18844.75,161.4,0.0,18844.75,48.61159314642491,6
own_completed,gemma-4-26b-a4b,E_S_G_P_V_S,aiops2025,40,0.5020833333333333,0.425,0.6,0.625,0.5083333333333333,0.555,3.875,6043.225,159.525,0.0,6043.225,37.10520744662481,3
own_completed,gemma-4-26b-a4b,E_S_G_P_V_S,aegislab,40,0.39749999999999996,0.3,0.525,0.625,0.375,0.465,3.75,18032.4,164.625,0.0,18032.4,53.75382835542505,7
own_completed,gemma-4-26b-a4b,E_S_G_S_V_P,macro,120,0.39208333333333334,0.325,0.4666666666666666,0.5083333333333333,0.39444444444444443,0.43333333333333335,3.183333333333333,14244.791666666666,168.46666666666667,0.0,14244.791666666666,48.4273924605665,33
own_completed,gemma-4-26b-a4b,E_S_G_S_V_P,pooled,120,0.3920833333333333,0.325,0.4666666666666667,0.5083333333333333,0.39444444444444443,0.43333333333333335,3.183333333333333,14244.791666666666,168.46666666666667,0.0,14244.791666666666,48.4273924605665,33
own_completed,gemma-4-26b-a4b,E_S_G_S_V_P,aiops_combined,80,0.4125,0.3625,0.475,0.475,0.425,0.445,3.125,12381.9875,165.8875,0.0,12381.9875,44.38897585818718,23
own_completed,gemma-4-26b-a4b,E_S_G_S_V_P,aiops2022,40,0.3375,0.275,0.425,0.425,0.35,0.38,2.95,18782.75,169.65,0.0,18782.75,50.57415834319981,15
own_completed,gemma-4-26b-a4b,E_S_G_S_V_P,aiops2025,40,0.4875,0.45,0.525,0.525,0.5,0.51,3.3,5981.225,162.125,0.0,5981.225,38.20379337317454,8
own_completed,gemma-4-26b-a4b,E_S_G_S_V_P,aegislab,40,0.35125,0.25,0.45,0.575,0.3333333333333333,0.41,3.3,17970.4,173.625,0.0,17970.4,56.50422566532516,10
own_completed,gemma-4-26b-a4b,MORE,macro,120,0.39444444444444443,0.3833333333333333,0.4083333333333334,0.4083333333333334,0.3972222222222222,0.40166666666666667,1.2666666666666666,16777.933333333334,113.8,1085.025,15692.908333333333,33.6803302006917,107
own_completed,gemma-4-26b-a4b,MORE,pooled,120,0.3944444444444445,0.38333333333333336,0.4083333333333333,0.4083333333333333,0.39722222222222225,0.40166666666666667,1.2666666666666666,16777.933333333334,113.8,1085.025,15692.908333333333,33.6803302006917,107
own_completed,gemma-4-26b-a4b,MORE,aiops_combined,80,0.3375,0.325,0.35,0.35,0.3416666666666667,0.34500000000000003,1.275,16282.8375,112.35,1084.225,15198.6125,30.57349036673754,70
own_completed,gemma-4-26b-a4b,MORE,aiops2022,40,0.275,0.275,0.275,0.275,0.275,0.275,1.1,16850.325,109.975,1084.575,15765.75,32.741818349724966,38
own_completed,gemma-4-26b-a4b,MORE,aiops2025,40,0.4,0.375,0.425,0.425,0.4083333333333333,0.41500000000000004,1.45,15715.35,114.725,1083.875,14631.475,28.40516238375012,32
own_completed,gemma-4-26b-a4b,MORE,aegislab,40,0.5083333333333333,0.5,0.525,0.525,0.5083333333333333,0.515,1.25,17768.125,116.7,1086.625,16681.5,39.89400986860001,37
own_completed,gemma-4-26b-a4b,SIRCL_IDS_NATIVE,macro,120,0.31666666666666665,0.2833333333333334,0.3666666666666667,0.3666666666666667,0.3222222222222222,0.34,1.7083333333333333,14687.483333333334,66.78333333333333,0.0,14687.483333333334,21.195376276324865,77
own_completed,gemma-4-26b-a4b,SIRCL_IDS_NATIVE,pooled,120,0.31666666666666665,0.2833333333333333,0.36666666666666664,0.36666666666666664,0.3222222222222222,0.33999999999999997,1.7083333333333333,14687.483333333334,66.78333333333333,0.0,14687.483333333334,21.195376276324865,77
own_completed,gemma-4-26b-a4b,SIRCL_IDS_NATIVE,aiops_combined,80,0.33125,0.3125,0.35,0.35,0.3375,0.3425,1.5625,12814.1,69.0375,0.0,12814.1,20.089110088299822,57
own_completed,gemma-4-26b-a4b,SIRCL_IDS_NATIVE,aiops2022,40,0.2125,0.175,0.25,0.25,0.225,0.23499999999999996,1.35,19224.15,71.65,0.0,19224.15,23.044739421249595,33
own_completed,gemma-4-26b-a4b,SIRCL_IDS_NATIVE,aiops2025,40,0.45,0.45,0.45,0.45,0.45,0.45,1.775,6404.05,66.425,0.0,6404.05,17.133480755350046,24
own_completed,gemma-4-26b-a4b,SIRCL_IDS_NATIVE,aegislab,40,0.2875,0.225,0.4,0.4,0.29166666666666663,0.335,2.0,18434.25,62.275,0.0,18434.25,23.407908652374953,20
own_completed,gemma-4-26b-a4b,TPV,macro,120,0.3541666666666667,0.35000000000000003,0.35833333333333334,0.35833333333333334,0.35555555555555557,0.3566666666666667,1.1333333333333333,14789.508333333333,109.34166666666667,1085.025,13704.483333333334,32.74628788314973,113
own_completed,gemma-4-26b-a4b,TPV,pooled,120,0.3541666666666667,0.35,0.35833333333333334,0.35833333333333334,0.35555555555555557,0.35666666666666663,1.1333333333333333,14789.508333333333,109.34166666666667,1085.025,13704.483333333334,32.74628788314973,113
own_completed,gemma-4-26b-a4b,TPV,aiops_combined,80,0.2875,0.2875,0.2875,0.2875,0.2875,0.2875,1.1,14302.3,108.3875,1084.225,13218.075,29.995289536374592,76
own_completed,gemma-4-26b-a4b,TPV,aiops2022,40,0.25,0.25,0.25,0.25,0.25,0.25,1.05,14869.225,107.4,1084.575,13784.65,32.35022195102456,39
own_completed,gemma-4-26b-a4b,TPV,aiops2025,40,0.325,0.325,0.325,0.325,0.325,0.325,1.15,13735.375,109.375,1083.875,12651.5,27.640357121724627,37
own_completed,gemma-4-26b-a4b,TPV,aegislab,40,0.4875,0.475,0.5,0.5,0.4916666666666666,0.495,1.2,15763.925,111.25,1086.625,14677.3,38.24828457670001,37
own_completed,gemma-4-26b-a4b,T_NATIVE,macro,120,0.30486111111111114,0.27499999999999997,0.3333333333333333,0.34166666666666673,0.31111111111111106,0.3233333333333333,1.6166666666666667,14268.858333333334,113.21666666666667,0.0,14268.858333333334,33.27976664238319,86
own_completed,gemma-4-26b-a4b,T_NATIVE,pooled,120,0.30486111111111114,0.275,0.3333333333333333,0.3416666666666667,0.3111111111111111,0.3233333333333333,1.6166666666666667,14268.858333333334,113.21666666666667,0.0,14268.858333333334,33.27976664238319,86
own_completed,gemma-4-26b-a4b,T_NATIVE,aiops_combined,80,0.2479166666666667,0.2375,0.2625,0.2625,0.25,0.255,1.525,13722.0625,110.1125,0.0,13722.0625,30.021548398524782,59
own_completed,gemma-4-26b-a4b,T_NATIVE,aiops2022,40,0.2833333333333333,0.275,0.3,0.3,0.2833333333333333,0.29,1.4,14322.4,108.05,0.0,14322.4,32.84839833854967,32
own_completed,gemma-4-26b-a4b,T_NATIVE,aiops2025,40,0.2125,0.2,0.225,0.225,0.21666666666666665,0.22000000000000003,1.65,13121.725,112.175,0.0,13121.725,27.194698458499897,27
own_completed,gemma-4-26b-a4b,T_NATIVE,aegislab,40,0.41875,0.35,0.475,0.5,0.4333333333333333,0.45999999999999996,1.8,15362.45,119.425,0.0,15362.45,39.796203130100004,27
own_completed,gemma-4-26b-a4b,W_NO_K,macro,120,0.32916666666666666,0.325,0.3333333333333333,0.3333333333333333,0.33055555555555555,0.33166666666666667,1.05,16142.05,115.85,1085.025,15057.025,34.559465641925335,117
own_completed,gemma-4-26b-a4b,W_NO_K,pooled,120,0.32916666666666666,0.325,0.3333333333333333,0.3333333333333333,0.3305555555555556,0.33166666666666667,1.05,16142.05,115.85,1085.025,15057.025,34.559465641925335,117
own_completed,gemma-4-26b-a4b,W_NO_K,aiops_combined,80,0.29375,0.2875,0.3,0.3,0.2958333333333333,0.2975,1.05,15718.2375,114.9,1084.225,14634.0125,31.599202498037766,78
own_completed,gemma-4-26b-a4b,W_NO_K,aiops2022,40,0.3125,0.3,0.325,0.325,0.31666666666666665,0.32,1.05,16383.55,116.3,1084.575,15298.975,34.97165119685015,39
own_completed,gemma-4-26b-a4b,W_NO_K,aiops2025,40,0.275,0.275,0.275,0.275,0.275,0.275,1.05,15052.925,113.5,1083.875,13969.05,28.22675379922539,39
own_completed,gemma-4-26b-a4b,W_NO_K,aegislab,40,0.4,0.4,0.4,0.4,0.4,0.4,1.05,16989.675,117.75,1086.625,15903.05,40.47999192970046,39
own_completed,qwen3.8-27b,E_P_D_P,macro,118,0.4185599415204679,0.30526315789473685,0.5583333333333332,0.600438596491228,0.4289473684210526,0.4925438596491228,3.983050847457627,11951.661016949152,302.3813559322034,0.0,11951.661016949152,153.33622519198292,0
own_completed,qwen3.8-27b,E_P_D_P,pooled,118,0.4189265536723164,0.3050847457627119,0.559322033898305,0.6016949152542372,0.42937853107344637,0.4932203389830509,3.983050847457627,11951.661016949152,302.3813559322034,0.0,11951.661016949152,153.33622519198292,0
own_completed,qwen3.8-27b,E_P_D_P,aiops_combined,78,0.3391025641025641,0.23076923076923078,0.48717948717948717,0.5128205128205128,0.3504273504273504,0.41282051282051274,3.8461538461538463,11497.461538461539,287.14102564102564,0.0,11497.461538461539,143.43805994097428,0
own_completed,qwen3.8-27b,E_P_D_P,aiops2022,40,0.2841666666666666,0.15,0.475,0.5,0.3,0.375,4.025,11995.675,312.6,0.0,11995.675,160.65592125337497,0
own_completed,qwen3.8-27b,E_P_D_P,aiops2025,38,0.39692982456140347,0.3157894736842105,0.5,0.5263157894736842,0.40350877192982454,0.4526315789473684,3.6578947368421053,10973.026315789473,260.3421052631579,0.0,10973.026315789473,125.31399540160514,0
own_completed,qwen3.8-27b,E_P_D_P,aegislab,40,0.5745833333333333,0.45,0.7,0.775,0.5833333333333333,0.65,4.25,12837.35,332.1,0.0,12837.35,172.63764743144975,0
own_completed,qwen3.8-27b,E_P_D_S,macro,116,0.40528470778470777,0.29610187110187114,0.5299953799953799,0.5901074151074152,0.4090359590359591,0.4762866712866713,4.422413793103448,11801.51724137931,289.7068965517241,0.0,11801.51724137931,146.10060257868093,0
own_completed,qwen3.8-27b,E_P_D_S,pooled,116,0.4017241379310345,0.29310344827586204,0.5258620689655172,0.5862068965517241,0.4051724137931034,0.47241379310344833,4.422413793103448,11801.51724137931,289.7068965517241,0.0,11801.51724137931,146.10060257868093,0
own_completed,qwen3.8-27b,E_P_D_S,aiops_combined,79,0.3141350210970464,0.21518987341772153,0.43037974683544306,0.4936708860759494,0.31223628691983124,0.379746835443038,4.30379746835443,11362.772151898735,275.88607594936707,0.0,11362.772151898735,137.11413370783518,0
own_completed,qwen3.8-27b,E_P_D_S,aiops2022,39,0.267948717948718,0.15384615384615385,0.41025641025641024,0.46153846153846156,0.27350427350427353,0.34358974358974353,4.384615384615385,11869.538461538461,291.1025641025641,0.0,11869.538461538461,155.79611729148672,0
own_completed,qwen3.8-27b,E_P_D_S,aiops2025,40,0.3591666666666667,0.275,0.45,0.525,0.35,0.41500000000000004,4.225,10868.675,261.05,0.0,10868.675,118.89919971377495,0
own_completed,qwen3.8-27b,E_P_D_S,aegislab,37,0.5887387387387387,0.4594594594594595,0.7297297297297297,0.7837837837837838,0.6036036036036035,0.6702702702702703,4.675675675675675,12738.297297297297,319.2162162162162,0.0,12738.297297297297,165.28792800562184,0
own_completed,qwen3.8-27b,E_S_D_P,macro,119,0.41773504273504275,0.3284188034188034,0.5301282051282051,0.5472222222222222,0.43212250712250705,0.4764529914529914,3.302521008403361,13471.57142857143,265.78991596638656,0.0,13471.57142857143,141.69908660195821,0
own_completed,qwen3.8-27b,E_S_D_P,pooled,119,0.41694677871148456,0.3277310924369748,0.5294117647058824,0.5462184873949579,0.4313725490196078,0.4756302521008403,3.302521008403361,13471.57142857143,265.78991596638656,0.0,13471.57142857143,141.69908660195821,0
own_completed,qwen3.8-27b,E_S_D_P,aiops_combined,80,0.3708333333333333,0.2875,0.4875,0.4875,0.3875,0.42750000000000005,3.35,11732.4,260.925,0.0,11732.4,132.95123512522522,0
own_completed,qwen3.8-27b,E_S_D_P,aiops2022,40,0.3291666666666666,0.25,0.45,0.45,0.3416666666666666,0.385,3.5,17630.625,246.85,0.0,17630.625,143.67783155317503,0
own_completed,qwen3.8-27b,E_S_D_P,aiops2025,40,0.4125,0.325,0.525,0.525,0.4333333333333333,0.47000000000000003,3.2,5834.175,275.0,0.0,5834.175,122.22463869727544,0
own_completed,qwen3.8-27b,E_S_D_P,aegislab,39,0.5115384615384615,0.41025641025641024,0.6153846153846154,0.6666666666666666,0.5213675213675213,0.5743589743589744,3.2051282051282053,17039.102564102563,275.7692307692308,0.0,17039.102564102563,159.64339732346176,0
own_completed,qwen3.8-27b,E_S_D_S,macro,119,0.38264957264957267,0.2935897435897436,0.4782051282051281,0.5117521367521367,0.3942307692307692,0.4395726495726496,3.6218487394957983,13469.840336134454,315.79831932773106,0.0,13469.840336134454,147.2285156454959,0
own_completed,qwen3.8-27b,E_S_D_S,pooled,119,0.3833333333333334,0.29411764705882354,0.4789915966386555,0.5126050420168067,0.3949579831932773,0.44033613445378145,3.6218487394957983,13469.840336134454,315.79831932773106,0.0,13469.840336134454,147.2285156454959,0
own_completed,qwen3.8-27b,E_S_D_S,aiops_combined,79,0.3280590717299578,0.24050632911392406,0.43037974683544306,0.4430379746835443,0.3459915611814346,0.3848101265822785,3.6582278481012658,11686.620253164558,355.36708860759495,0.0,11686.620253164558,146.42061250627864,0
own_completed,qwen3.8-27b,E_S_D_S,aiops2022,40,0.35416666666666663,0.25,0.475,0.475,0.3833333333333333,0.42000000000000004,3.625,17515.625,317.325,0.0,17515.625,158.81662046029996,0
own_completed,qwen3.8-27b,E_S_D_S,aiops2025,39,0.30128205128205127,0.23076923076923078,0.38461538461538464,0.41025641025641024,0.3076923076923077,0.3487179487179487,3.6923076923076925,5708.153846153846,394.38461538461536,0.0,5708.153846153846,133.70675819446188,0
own_completed,qwen3.8-27b,E_S_D_S,aegislab,40,0.4925,0.4,0.575,0.65,0.4916666666666666,0.55,3.55,16991.7,237.65,0.0,16991.7,148.82412434544995,0
own_completed,qwen3.8-27b,E_S_G_P_V_S,macro,119,0.43104700854700856,0.3442307692307692,0.5452991452991452,0.5536324786324787,0.4475071225071225,0.48829059829059834,3.3949579831932772,13470.420168067227,312.73949579831935,0.0,13470.420168067227,149.253965438958,0
own_completed,qwen3.8-27b,E_S_G_P_V_S,pooled,119,0.4316526610644258,0.3445378151260504,0.5462184873949579,0.5546218487394958,0.44817927170868344,0.48907563025210077,3.3949579831932772,13470.420168067227,312.73949579831935,0.0,13470.420168067227,149.253965438958,0
own_completed,qwen3.8-27b,E_S_G_P_V_S,aiops_combined,79,0.4008438818565401,0.3291139240506329,0.5063291139240507,0.5063291139240507,0.41350210970464124,0.4506329113924051,3.4683544303797467,11642.93670886076,347.2151898734177,0.0,11642.93670886076,148.09069587441775,0
own_completed,qwen3.8-27b,E_S_G_P_V_S,aiops2022,39,0.358974358974359,0.3076923076923077,0.4358974358974359,0.4358974358974359,0.36752136752136755,0.39487179487179486,3.4871794871794872,17628.333333333332,376.9230769230769,0.0,17628.333333333332,170.98599594369202,0
own_completed,qwen3.8-27b,E_S_G_P_V_S,aiops2025,40,0.4416666666666666,0.35,0.575,0.575,0.4583333333333333,0.5050000000000001,3.45,5807.175,318.25,0.0,5807.175,125.76777830687533,0
own_completed,qwen3.8-27b,E_S_G_P_V_S,aegislab,40,0.4925,0.375,0.625,0.65,0.5166666666666666,0.5650000000000001,3.25,17079.7,244.65,0.0,17079.7,151.551422828925,0
own_completed,qwen3.8-27b,E_S_G_S_V_P,macro,119,0.38878561253561256,0.2935897435897436,0.4955128205128205,0.5205128205128206,0.40584045584045586,0.4483760683760684,3.53781512605042,13403.764705882353,284.7142857142857,0.0,13403.764705882353,144.38428024818492,0
own_completed,qwen3.8-27b,E_S_G_S_V_P,pooled,119,0.3892156862745098,0.29411764705882354,0.4957983193277311,0.5210084033613446,0.4061624649859944,0.44873949579831923,3.53781512605042,13403.764705882353,284.7142857142857,0.0,13403.764705882353,144.38428024818492,0
own_completed,qwen3.8-27b,E_S_G_S_V_P,aiops_combined,79,0.34177215189873417,0.25316455696202533,0.45569620253164556,0.45569620253164556,0.36286919831223624,0.4,3.6582278481012658,11573.417721518987,279.3544303797468,0.0,11573.417721518987,135.7605993907596,0
own_completed,qwen3.8-27b,E_S_G_S_V_P,aiops2022,39,0.3376068376068376,0.23076923076923078,0.46153846153846156,0.46153846153846156,0.3675213675213675,0.40512820512820513,3.8205128205128207,17550.076923076922,277.35897435897436,0.0,17550.076923076922,152.68829605446166,0
own_completed,qwen3.8-27b,E_S_G_S_V_P,aiops2025,40,0.3458333333333333,0.275,0.45,0.45,0.3583333333333333,0.395,3.5,5746.175,281.3,0.0,5746.175,119.25609514365014,0
own_completed,qwen3.8-27b,E_S_G_S_V_P,aegislab,40,0.48291666666666666,0.375,0.575,0.65,0.4916666666666666,0.545,3.3,17018.7,295.3,0.0,17018.7,161.41604994159988,0
own_completed,qwen3.8-27b,MORE,macro,115,0.441941941941942,0.35019635019635026,0.5338415338415338,0.5509355509355509,0.4639254639254639,0.49872949872949873,3.417391304347826,16397.50434782609,166.71304347826086,2087.695652173913,14309.808695652175,123.24268757657391,0
own_completed,qwen3.8-27b,MORE,pooled,115,0.4391304347826087,0.34782608695652173,0.5304347826086957,0.5478260869565217,0.46086956521739125,0.4956521739130435,3.417391304347826,16397.50434782609,166.71304347826086,2087.695652173913,14309.808695652175,123.24268757657391,0
own_completed,qwen3.8-27b,MORE,aiops_combined,78,0.3611111111111111,0.28205128205128205,0.4358974358974359,0.46153846153846156,0.37606837606837606,0.41025641025641024,3.4871794871794872,15892.692307692309,171.01282051282053,2066.9102564102564,13825.78205128205,114.8399399799744,0
own_completed,qwen3.8-27b,MORE,aiops2022,39,0.2692307692307692,0.20512820512820512,0.3076923076923077,0.358974358974359,0.2735042735042735,0.3076923076923077,3.58974358974359,16483.05128205128,171.17948717948718,2073.8205128205127,14409.23076923077,134.7476804665129,0
own_completed,qwen3.8-27b,MORE,aiops2025,39,0.45299145299145294,0.358974358974359,0.5641025641025641,0.5641025641025641,0.4786324786324786,0.5128205128205128,3.3846153846153846,15302.333333333334,170.84615384615384,2060.0,13242.333333333334,94.93219949343592,0
own_completed,qwen3.8-27b,MORE,aegislab,37,0.6036036036036035,0.4864864864864865,0.7297297297297297,0.7297297297297297,0.6396396396396397,0.6756756756756757,3.27027027027027,17461.702702702703,157.64864864864865,2131.5135135135133,15330.18918918919,140.95658791535124,0
own_completed,qwen3.8-27b,SIRCL_IDS_NATIVE,macro,117,0.363917004048583,0.28195006747638324,0.47007422402159244,0.47884615384615387,0.3787899235267656,0.41881241565452093,3.1794871794871793,13958.854700854701,105.00854700854701,0.0,13958.854700854701,105.52121776668376,0
own_completed,qwen3.8-27b,SIRCL_IDS_NATIVE,pooled,117,0.3639601139601139,0.28205128205128205,0.4700854700854701,0.47863247863247865,0.3789173789173789,0.4188034188034188,3.1794871794871793,13958.854700854701,105.00854700854701,0.0,13958.854700854701,105.52121776668376,0
own_completed,qwen3.8-27b,SIRCL_IDS_NATIVE,aiops_combined,79,0.3670886075949367,0.2911392405063291,0.46835443037974683,0.46835443037974683,0.38396624472573837,0.4177215189873418,3.189873417721519,12104.759493670887,105.9367088607595,0.0,12104.759493670887,99.0290540237469,0
own_completed,qwen3.8-27b,SIRCL_IDS_NATIVE,aiops2022,39,0.37179487179487186,0.3076923076923077,0.46153846153846156,0.46153846153846156,0.38461538461538464,0.41538461538461535,3.282051282051282,18192.71794871795,114.92307692307692,0.0,18192.71794871795,118.09525101928216,0
own_completed,qwen3.8-27b,SIRCL_IDS_NATIVE,aiops2025,40,0.36249999999999993,0.275,0.475,0.475,0.3833333333333333,0.41999999999999993,3.1,6169.0,97.175,0.0,6169.0,80.43951195310001,0
own_completed,qwen3.8-27b,SIRCL_IDS_NATIVE,aegislab,38,0.3574561403508772,0.2631578947368421,0.47368421052631576,0.5,0.3684210526315789,0.42105263157894735,3.1578947368421053,17813.42105263158,103.07894736842105,0.0,17813.42105263158,119.01808449542095,0
own_completed,qwen3.8-27b,TPV,macro,118,0.42859686609686604,0.34743589743589737,0.4997863247863248,0.5254273504273504,0.4461538461538462,0.47786324786324785,3.330508474576271,14550.652542372882,164.17796610169492,2090.728813559322,12459.92372881356,119.97953639467815,0
own_completed,qwen3.8-27b,TPV,pooled,118,0.42867231638418074,0.3474576271186441,0.5,0.5254237288135594,0.4463276836158192,0.47796610169491516,3.330508474576271,14550.652542372882,164.17796610169492,2090.728813559322,12459.92372881356,119.97953639467815,0
own_completed,qwen3.8-27b,TPV,aiops_combined,79,0.33860759493670883,0.26582278481012656,0.3924050632911392,0.43037974683544306,0.350210970464135,0.3822784810126582,3.4430379746835444,14041.06329113924,164.15189873417722,2068.0632911392404,11973.0,110.74050638659514,0
own_completed,qwen3.8-27b,TPV,aiops2022,39,0.23717948717948717,0.1794871794871795,0.2564102564102564,0.3333333333333333,0.23076923076923078,0.27179487179487183,3.58974358974359,14619.076923076924,154.82051282051282,2075.076923076923,12544.0,127.77998201230795,0
own_completed,qwen3.8-27b,TPV,aiops2025,40,0.4375,0.35,0.525,0.525,0.4666666666666666,0.48999999999999994,3.3,13477.5,173.25,2061.225,11416.275,94.12701765152515,0
own_completed,qwen3.8-27b,TPV,aegislab,39,0.611111111111111,0.5128205128205128,0.717948717948718,0.717948717948718,0.6410256410256411,0.6717948717948717,3.1025641025641026,15582.897435897436,164.23076923076923,2136.641025641026,13446.25641025641,138.69449461617964,0
own_completed,qwen3.8-27b,T_NATIVE,macro,118,0.33481725146198826,0.21885964912280698,0.4881578947368421,0.5048245614035088,0.3535087719298245,0.41236842105263155,3.135593220338983,12913.07627118644,167.01694915254237,0.0,12913.07627118644,119.32565604155931,0
own_completed,qwen3.8-27b,T_NATIVE,pooled,118,0.33714689265536724,0.22033898305084745,0.4915254237288136,0.5084745762711864,0.3559322033898305,0.4152542372881356,3.135593220338983,12913.07627118644,167.01694915254237,0.0,12913.07627118644,119.32565604155931,0
own_completed,qwen3.8-27b,T_NATIVE,aiops_combined,78,0.23717948717948717,0.15384615384615385,0.358974358974359,0.358974358974359,0.25213675213675213,0.2948717948717949,3.1025641025641026,12353.166666666666,162.5,0.0,12353.166666666666,110.51771187157689,0
own_completed,qwen3.8-27b,T_NATIVE,aiops2022,38,0.19736842105263155,0.13157894736842105,0.2894736842105263,0.2894736842105263,0.21052631578947367,0.2421052631578947,3.026315789473684,12970.736842105263,162.0,0.0,12970.736842105263,127.24636631842115,0
own_completed,qwen3.8-27b,T_NATIVE,aiops2025,40,0.275,0.175,0.425,0.425,0.29166666666666663,0.34500000000000003,3.175,11766.475,162.975,0.0,11766.475,94.62549014707483,0
own_completed,qwen3.8-27b,T_NATIVE,aegislab,40,0.5320833333333332,0.35,0.75,0.8,0.5583333333333332,0.65,3.2,14004.9,175.825,0.0,14004.9,136.50114717302503,0
own_completed,qwen3.8-27b,W_NO_K,macro,118,0.45904558404558404,0.3967948717948717,0.5241452991452992,0.5241452991452992,0.47884615384615387,0.49696581196581197,3.1779661016949152,15829.694915254237,158.91525423728814,2090.728813559322,13738.966101694916,122.81845227518644,0
own_completed,qwen3.8-27b,W_NO_K,pooled,118,0.4604519774011299,0.3983050847457627,0.5254237288135594,0.5254237288135594,0.48022598870056493,0.4983050847457627,3.1779661016949152,15829.694915254237,158.91525423728814,2090.728813559322,13738.966101694916,122.81845227518644,0
own_completed,qwen3.8-27b,W_NO_K,aiops_combined,78,0.37606837606837606,0.3076923076923077,0.44871794871794873,0.44871794871794873,0.3974358974358974,0.41794871794871796,3.2435897435897436,15376.141025641025,160.64102564102564,2067.5384615384614,13308.602564102564,112.98181149388448,0
own_completed,qwen3.8-27b,W_NO_K,aiops2022,39,0.2777777777777778,0.20512820512820512,0.358974358974359,0.358974358974359,0.29914529914529914,0.3230769230769231,3.2564102564102564,16035.74358974359,158.71794871794873,2075.076923076923,13960.666666666666,133.7276450252564,0
own_completed,qwen3.8-27b,W_NO_K,aiops2025,39,0.47435897435897434,0.41025641025641024,0.5384615384615384,0.5384615384615384,0.4957264957264957,0.5128205128205128,3.230769230769231,14716.538461538461,162.56410256410257,2060.0,12656.538461538461,92.23597796251255,0
own_completed,qwen3.8-27b,W_NO_K,aegislab,40,0.625,0.575,0.675,0.675,0.6416666666666666,0.655,3.05,16714.125,155.55,2135.95,14578.175,141.9999017987253,0
timeout_zero_sensitivity,gemma-4-26b-a4b,E_P_D_P,macro,120,0.31819444444444445,0.2416666666666667,0.3916666666666666,0.4583333333333333,0.3138888888888889,0.3666666666666667,3.9,13288.741666666667,150.7,0.0,13288.741666666667,43.54882833663332,14
timeout_zero_sensitivity,gemma-4-26b-a4b,E_P_D_P,pooled,120,0.3181944444444444,0.24166666666666667,0.39166666666666666,0.4583333333333333,0.3138888888888889,0.36666666666666664,3.9,13288.741666666667,150.7,0.0,13288.741666666667,43.54882833663332,14
timeout_zero_sensitivity,gemma-4-26b-a4b,E_P_D_P,aiops_combined,80,0.28625,0.225,0.35,0.4,0.2833333333333333,0.325,3.825,12834.6625,151.9125,0.0,12834.6625,40.78685983614996,9
timeout_zero_sensitivity,gemma-4-26b-a4b,E_P_D_P,aiops2022,40,0.2625,0.175,0.35,0.4,0.26666666666666666,0.32,3.45,13328.4,151.525,0.0,13328.4,45.411371848499854,8
timeout_zero_sensitivity,gemma-4-26b-a4b,E_P_D_P,aiops2025,40,0.31,0.275,0.35,0.4,0.3,0.33,4.2,12340.925,152.3,0.0,12340.925,36.16234782380006,1
timeout_zero_sensitivity,gemma-4-26b-a4b,E_P_D_P,aegislab,40,0.3820833333333334,0.275,0.475,0.575,0.375,0.45,4.05,14196.9,148.275,0.0,14196.9,49.072765337600046,5
timeout_zero_sensitivity,gemma-4-26b-a4b,E_P_D_S,macro,120,0.33194444444444443,0.30833333333333335,0.35833333333333334,0.375,0.33055555555555555,0.34833333333333333,1.725,13164.741666666667,138.14166666666668,0.0,13164.741666666667,39.73854191584175,91
timeout_zero_sensitivity,gemma-4-26b-a4b,E_P_D_S,pooled,120,0.33194444444444443,0.30833333333333335,0.35833333333333334,0.375,0.33055555555555555,0.34833333333333333,1.725,13164.741666666667,138.14166666666668,0.0,13164.741666666667,39.73854191584175,91
timeout_zero_sensitivity,gemma-4-26b-a4b,E_P_D_S,aiops_combined,80,0.271875,0.25,0.3,0.3125,0.2708333333333333,0.2875,1.6625,12710.6625,136.6625,0.0,12710.6625,36.41432407842517,61
timeout_zero_sensitivity,gemma-4-26b-a4b,E_P_D_S,aiops2022,40,0.2375,0.225,0.25,0.25,0.24166666666666664,0.24500000000000002,1.25,13204.4,136.175,0.0,13204.4,41.0147070426252,36
timeout_zero_sensitivity,gemma-4-26b-a4b,E_P_D_S,aiops2025,40,0.30625,0.275,0.35,0.375,0.3,0.33,2.075,12216.925,137.15,0.0,12216.925,31.813941114225145,25
timeout_zero_sensitivity,gemma-4-26b-a4b,E_P_D_S,aegislab,40,0.4520833333333334,0.425,0.475,0.5,0.45,0.4699999999999999,1.85,14072.9,141.1,0.0,14072.9,46.3869775906749,30
timeout_zero_sensitivity,gemma-4-26b-a4b,E_S_D_P,macro,120,0.4290277777777778,0.3416666666666666,0.5583333333333333,0.5833333333333334,0.43333333333333335,0.49000000000000005,3.6083333333333334,14337.791666666666,159.5,0.0,14337.791666666666,45.97659587261672,12
timeout_zero_sensitivity,gemma-4-26b-a4b,E_S_D_P,pooled,120,0.4290277777777778,0.3416666666666667,0.5583333333333333,0.5833333333333334,0.43333333333333335,0.49,3.6083333333333334,14337.791666666666,159.5,0.0,14337.791666666666,45.97659587261672,12
timeout_zero_sensitivity,gemma-4-26b-a4b,E_S_D_P,aiops_combined,80,0.4375,0.375,0.525,0.525,0.45,0.4800000000000001,3.5375,12474.9875,156.875,0.0,12474.9875,41.866846877187484,8
timeout_zero_sensitivity,gemma-4-26b-a4b,E_S_D_P,aiops2022,40,0.4208333333333334,0.35,0.5,0.5,0.4416666666666666,0.465,3.375,18875.75,159.175,0.0,18875.75,47.956776480100054,5
timeout_zero_sensitivity,gemma-4-26b-a4b,E_S_D_P,aiops2025,40,0.4541666666666666,0.4,0.55,0.55,0.4583333333333333,0.495,3.7,6074.225,154.575,0.0,6074.225,35.77691727427491,3
timeout_zero_sensitivity,gemma-4-26b-a4b,E_S_D_P,aegislab,40,0.41208333333333336,0.275,0.625,0.7,0.39999999999999997,0.51,3.75,18063.4,164.75,0.0,18063.4,54.1960938634752,4
timeout_zero_sensitivity,gemma-4-26b-a4b,E_S_D_S,macro,120,0.38763888888888887,0.3333333333333333,0.45,0.4833333333333334,0.3888888888888889,0.4216666666666667,2.566666666666667,14213.791666666666,163.60833333333332,0.0,14213.791666666666,46.9674586161667,52
timeout_zero_sensitivity,gemma-4-26b-a4b,E_S_D_S,pooled,120,0.38763888888888887,0.3333333333333333,0.45,0.48333333333333334,0.3888888888888889,0.4216666666666667,2.566666666666667,14213.791666666666,163.60833333333332,0.0,14213.791666666666,46.9674586161667,52
timeout_zero_sensitivity,gemma-4-26b-a4b,E_S_D_S,aiops_combined,80,0.39791666666666664,0.3625,0.45,0.45,0.4041666666666666,0.4225,2.375,12350.9875,157.9,0.0,12350.9875,42.201210630474904,37
timeout_zero_sensitivity,gemma-4-26b-a4b,E_S_D_S,aiops2022,40,0.31250000000000006,0.275,0.375,0.375,0.3166666666666667,0.33999999999999997,2.275,18751.75,157.525,0.0,18751.75,47.72553937437478,20
timeout_zero_sensitivity,gemma-4-26b-a4b,E_S_D_S,aiops2025,40,0.4833333333333333,0.45,0.525,0.525,0.4916666666666666,0.505,2.475,5950.225,158.275,0.0,5950.225,36.67688188657503,17
timeout_zero_sensitivity,gemma-4-26b-a4b,E_S_D_S,aegislab,40,0.3670833333333333,0.275,0.45,0.55,0.3583333333333333,0.4200000000000001,2.95,17939.4,175.025,0.0,17939.4,56.49995458755029,15
timeout_zero_sensitivity,gemma-4-26b-a4b,E_S_G_P_V_S,macro,120,0.42277777777777786,0.3416666666666666,0.525,0.5750000000000001,0.41944444444444445,0.47833333333333333,3.7,14306.791666666666,161.85,0.0,14306.791666666666,46.49020964949159,16
timeout_zero_sensitivity,gemma-4-26b-a4b,E_S_G_P_V_S,pooled,120,0.4227777777777778,0.3416666666666667,0.525,0.575,0.4194444444444444,0.4783333333333333,3.7,14306.791666666666,161.85,0.0,14306.791666666666,46.49020964949159,16
timeout_zero_sensitivity,gemma-4-26b-a4b,E_S_G_P_V_S,aiops_combined,80,0.4354166666666666,0.3625,0.525,0.55,0.4416666666666666,0.48500000000000004,3.675,12443.9875,160.4625,0.0,12443.9875,42.85840029652486,9
timeout_zero_sensitivity,gemma-4-26b-a4b,E_S_G_P_V_S,aiops2022,40,0.36875,0.3,0.45,0.475,0.375,0.41500000000000004,3.475,18844.75,161.4,0.0,18844.75,48.61159314642491,6
timeout_zero_sensitivity,gemma-4-26b-a4b,E_S_G_P_V_S,aiops2025,40,0.5020833333333333,0.425,0.6,0.625,0.5083333333333333,0.555,3.875,6043.225,159.525,0.0,6043.225,37.10520744662481,3
timeout_zero_sensitivity,gemma-4-26b-a4b,E_S_G_P_V_S,aegislab,40,0.39749999999999996,0.3,0.525,0.625,0.375,0.465,3.75,18032.4,164.625,0.0,18032.4,53.75382835542505,7
timeout_zero_sensitivity,gemma-4-26b-a4b,E_S_G_S_V_P,macro,120,0.39208333333333334,0.325,0.4666666666666666,0.5083333333333333,0.39444444444444443,0.43333333333333335,3.183333333333333,14244.791666666666,168.46666666666667,0.0,14244.791666666666,48.4273924605665,33
timeout_zero_sensitivity,gemma-4-26b-a4b,E_S_G_S_V_P,pooled,120,0.3920833333333333,0.325,0.4666666666666667,0.5083333333333333,0.39444444444444443,0.43333333333333335,3.183333333333333,14244.791666666666,168.46666666666667,0.0,14244.791666666666,48.4273924605665,33
timeout_zero_sensitivity,gemma-4-26b-a4b,E_S_G_S_V_P,aiops_combined,80,0.4125,0.3625,0.475,0.475,0.425,0.445,3.125,12381.9875,165.8875,0.0,12381.9875,44.38897585818718,23
timeout_zero_sensitivity,gemma-4-26b-a4b,E_S_G_S_V_P,aiops2022,40,0.3375,0.275,0.425,0.425,0.35,0.38,2.95,18782.75,169.65,0.0,18782.75,50.57415834319981,15
timeout_zero_sensitivity,gemma-4-26b-a4b,E_S_G_S_V_P,aiops2025,40,0.4875,0.45,0.525,0.525,0.5,0.51,3.3,5981.225,162.125,0.0,5981.225,38.20379337317454,8
timeout_zero_sensitivity,gemma-4-26b-a4b,E_S_G_S_V_P,aegislab,40,0.35125,0.25,0.45,0.575,0.3333333333333333,0.41,3.3,17970.4,173.625,0.0,17970.4,56.50422566532516,10
timeout_zero_sensitivity,gemma-4-26b-a4b,MORE,macro,120,0.39444444444444443,0.3833333333333333,0.4083333333333334,0.4083333333333334,0.3972222222222222,0.40166666666666667,1.2666666666666666,16777.933333333334,113.8,1085.025,15692.908333333333,33.6803302006917,107
timeout_zero_sensitivity,gemma-4-26b-a4b,MORE,pooled,120,0.3944444444444445,0.38333333333333336,0.4083333333333333,0.4083333333333333,0.39722222222222225,0.40166666666666667,1.2666666666666666,16777.933333333334,113.8,1085.025,15692.908333333333,33.6803302006917,107
timeout_zero_sensitivity,gemma-4-26b-a4b,MORE,aiops_combined,80,0.3375,0.325,0.35,0.35,0.3416666666666667,0.34500000000000003,1.275,16282.8375,112.35,1084.225,15198.6125,30.57349036673754,70
timeout_zero_sensitivity,gemma-4-26b-a4b,MORE,aiops2022,40,0.275,0.275,0.275,0.275,0.275,0.275,1.1,16850.325,109.975,1084.575,15765.75,32.741818349724966,38
timeout_zero_sensitivity,gemma-4-26b-a4b,MORE,aiops2025,40,0.4,0.375,0.425,0.425,0.4083333333333333,0.41500000000000004,1.45,15715.35,114.725,1083.875,14631.475,28.40516238375012,32
timeout_zero_sensitivity,gemma-4-26b-a4b,MORE,aegislab,40,0.5083333333333333,0.5,0.525,0.525,0.5083333333333333,0.515,1.25,17768.125,116.7,1086.625,16681.5,39.89400986860001,37
timeout_zero_sensitivity,gemma-4-26b-a4b,SIRCL_IDS_NATIVE,macro,120,0.31666666666666665,0.2833333333333334,0.3666666666666667,0.3666666666666667,0.3222222222222222,0.34,1.7083333333333333,14687.483333333334,66.78333333333333,0.0,14687.483333333334,21.195376276324865,77
timeout_zero_sensitivity,gemma-4-26b-a4b,SIRCL_IDS_NATIVE,pooled,120,0.31666666666666665,0.2833333333333333,0.36666666666666664,0.36666666666666664,0.3222222222222222,0.33999999999999997,1.7083333333333333,14687.483333333334,66.78333333333333,0.0,14687.483333333334,21.195376276324865,77
timeout_zero_sensitivity,gemma-4-26b-a4b,SIRCL_IDS_NATIVE,aiops_combined,80,0.33125,0.3125,0.35,0.35,0.3375,0.3425,1.5625,12814.1,69.0375,0.0,12814.1,20.089110088299822,57
timeout_zero_sensitivity,gemma-4-26b-a4b,SIRCL_IDS_NATIVE,aiops2022,40,0.2125,0.175,0.25,0.25,0.225,0.23499999999999996,1.35,19224.15,71.65,0.0,19224.15,23.044739421249595,33
timeout_zero_sensitivity,gemma-4-26b-a4b,SIRCL_IDS_NATIVE,aiops2025,40,0.45,0.45,0.45,0.45,0.45,0.45,1.775,6404.05,66.425,0.0,6404.05,17.133480755350046,24
timeout_zero_sensitivity,gemma-4-26b-a4b,SIRCL_IDS_NATIVE,aegislab,40,0.2875,0.225,0.4,0.4,0.29166666666666663,0.335,2.0,18434.25,62.275,0.0,18434.25,23.407908652374953,20
timeout_zero_sensitivity,gemma-4-26b-a4b,TPV,macro,120,0.3541666666666667,0.35000000000000003,0.35833333333333334,0.35833333333333334,0.35555555555555557,0.3566666666666667,1.1333333333333333,14789.508333333333,109.34166666666667,1085.025,13704.483333333334,32.74628788314973,113
timeout_zero_sensitivity,gemma-4-26b-a4b,TPV,pooled,120,0.3541666666666667,0.35,0.35833333333333334,0.35833333333333334,0.35555555555555557,0.35666666666666663,1.1333333333333333,14789.508333333333,109.34166666666667,1085.025,13704.483333333334,32.74628788314973,113
timeout_zero_sensitivity,gemma-4-26b-a4b,TPV,aiops_combined,80,0.2875,0.2875,0.2875,0.2875,0.2875,0.2875,1.1,14302.3,108.3875,1084.225,13218.075,29.995289536374592,76
timeout_zero_sensitivity,gemma-4-26b-a4b,TPV,aiops2022,40,0.25,0.25,0.25,0.25,0.25,0.25,1.05,14869.225,107.4,1084.575,13784.65,32.35022195102456,39
timeout_zero_sensitivity,gemma-4-26b-a4b,TPV,aiops2025,40,0.325,0.325,0.325,0.325,0.325,0.325,1.15,13735.375,109.375,1083.875,12651.5,27.640357121724627,37
timeout_zero_sensitivity,gemma-4-26b-a4b,TPV,aegislab,40,0.4875,0.475,0.5,0.5,0.4916666666666666,0.495,1.2,15763.925,111.25,1086.625,14677.3,38.24828457670001,37
timeout_zero_sensitivity,gemma-4-26b-a4b,T_NATIVE,macro,120,0.30486111111111114,0.27499999999999997,0.3333333333333333,0.34166666666666673,0.31111111111111106,0.3233333333333333,1.6166666666666667,14268.858333333334,113.21666666666667,0.0,14268.858333333334,33.27976664238319,86
timeout_zero_sensitivity,gemma-4-26b-a4b,T_NATIVE,pooled,120,0.30486111111111114,0.275,0.3333333333333333,0.3416666666666667,0.3111111111111111,0.3233333333333333,1.6166666666666667,14268.858333333334,113.21666666666667,0.0,14268.858333333334,33.27976664238319,86
timeout_zero_sensitivity,gemma-4-26b-a4b,T_NATIVE,aiops_combined,80,0.2479166666666667,0.2375,0.2625,0.2625,0.25,0.255,1.525,13722.0625,110.1125,0.0,13722.0625,30.021548398524782,59
timeout_zero_sensitivity,gemma-4-26b-a4b,T_NATIVE,aiops2022,40,0.2833333333333333,0.275,0.3,0.3,0.2833333333333333,0.29,1.4,14322.4,108.05,0.0,14322.4,32.84839833854967,32
timeout_zero_sensitivity,gemma-4-26b-a4b,T_NATIVE,aiops2025,40,0.2125,0.2,0.225,0.225,0.21666666666666665,0.22000000000000003,1.65,13121.725,112.175,0.0,13121.725,27.194698458499897,27
timeout_zero_sensitivity,gemma-4-26b-a4b,T_NATIVE,aegislab,40,0.41875,0.35,0.475,0.5,0.4333333333333333,0.45999999999999996,1.8,15362.45,119.425,0.0,15362.45,39.796203130100004,27
timeout_zero_sensitivity,gemma-4-26b-a4b,W_NO_K,macro,120,0.32916666666666666,0.325,0.3333333333333333,0.3333333333333333,0.33055555555555555,0.33166666666666667,1.05,16142.05,115.85,1085.025,15057.025,34.559465641925335,117
timeout_zero_sensitivity,gemma-4-26b-a4b,W_NO_K,pooled,120,0.32916666666666666,0.325,0.3333333333333333,0.3333333333333333,0.3305555555555556,0.33166666666666667,1.05,16142.05,115.85,1085.025,15057.025,34.559465641925335,117
timeout_zero_sensitivity,gemma-4-26b-a4b,W_NO_K,aiops_combined,80,0.29375,0.2875,0.3,0.3,0.2958333333333333,0.2975,1.05,15718.2375,114.9,1084.225,14634.0125,31.599202498037766,78
timeout_zero_sensitivity,gemma-4-26b-a4b,W_NO_K,aiops2022,40,0.3125,0.3,0.325,0.325,0.31666666666666665,0.32,1.05,16383.55,116.3,1084.575,15298.975,34.97165119685015,39
timeout_zero_sensitivity,gemma-4-26b-a4b,W_NO_K,aiops2025,40,0.275,0.275,0.275,0.275,0.275,0.275,1.05,15052.925,113.5,1083.875,13969.05,28.22675379922539,39
timeout_zero_sensitivity,gemma-4-26b-a4b,W_NO_K,aegislab,40,0.4,0.4,0.4,0.4,0.4,0.4,1.05,16989.675,117.75,1086.625,15903.05,40.47999192970046,39
timeout_zero_sensitivity,qwen3.8-27b,E_P_D_P,macro,120,0.41194444444444445,0.3,0.5499999999999999,0.5916666666666667,0.4222222222222222,0.48499999999999993,3.983050847457627,11951.661016949152,302.3813559322034,0.0,11951.661016949152,153.33622519198292,0
timeout_zero_sensitivity,qwen3.8-27b,E_P_D_P,pooled,120,0.4119444444444445,0.3,0.55,0.5916666666666667,0.4222222222222223,0.485,3.983050847457627,11951.661016949152,302.3813559322034,0.0,11951.661016949152,153.33622519198292,0
timeout_zero_sensitivity,qwen3.8-27b,E_P_D_P,aiops_combined,80,0.330625,0.225,0.475,0.5,0.3416666666666667,0.4025,3.8461538461538463,11497.461538461539,287.14102564102564,0.0,11497.461538461539,143.43805994097428,0
timeout_zero_sensitivity,qwen3.8-27b,E_P_D_P,aiops2022,40,0.2841666666666666,0.15,0.475,0.5,0.3,0.375,4.025,11995.675,312.6,0.0,11995.675,160.65592125337497,0
timeout_zero_sensitivity,qwen3.8-27b,E_P_D_P,aiops2025,40,0.3770833333333333,0.3,0.475,0.5,0.38333333333333336,0.43000000000000005,3.6578947368421053,10973.026315789473,260.3421052631579,0.0,10973.026315789473,125.31399540160514,0
timeout_zero_sensitivity,qwen3.8-27b,E_P_D_P,aegislab,40,0.5745833333333333,0.45,0.7,0.775,0.5833333333333333,0.65,4.25,12837.35,332.1,0.0,12837.35,172.63764743144975,0
timeout_zero_sensitivity,qwen3.8-27b,E_P_D_S,macro,120,0.38833333333333336,0.2833333333333333,0.5083333333333334,0.5666666666666668,0.3916666666666666,0.4566666666666667,4.422413793103448,11801.51724137931,289.7068965517241,0.0,11801.51724137931,146.10060257868093,0
timeout_zero_sensitivity,qwen3.8-27b,E_P_D_S,pooled,120,0.3883333333333333,0.2833333333333333,0.5083333333333333,0.5666666666666667,0.39166666666666666,0.45666666666666667,4.422413793103448,11801.51724137931,289.7068965517241,0.0,11801.51724137931,146.10060257868093,0
timeout_zero_sensitivity,qwen3.8-27b,E_P_D_S,aiops_combined,80,0.3102083333333333,0.2125,0.425,0.4875,0.3083333333333333,0.375,4.30379746835443,11362.772151898735,275.88607594936707,0.0,11362.772151898735,137.11413370783518,0
timeout_zero_sensitivity,qwen3.8-27b,E_P_D_S,aiops2022,40,0.26125,0.15,0.4,0.45,0.26666666666666666,0.33499999999999996,4.384615384615385,11869.538461538461,291.1025641025641,0.0,11869.538461538461,155.79611729148672,0
timeout_zero_sensitivity,qwen3.8-27b,E_P_D_S,aiops2025,40,0.3591666666666667,0.275,0.45,0.525,0.35,0.41500000000000004,4.225,10868.675,261.05,0.0,10868.675,118.89919971377495,0
timeout_zero_sensitivity,qwen3.8-27b,E_P_D_S,aegislab,40,0.5445833333333333,0.425,0.675,0.725,0.5583333333333333,0.6199999999999999,4.675675675675675,12738.297297297297,319.2162162162162,0.0,12738.297297297297,165.28792800562184,0
timeout_zero_sensitivity,qwen3.8-27b,E_S_D_P,macro,120,0.4134722222222222,0.325,0.525,0.5416666666666666,0.42777777777777776,0.4716666666666667,3.302521008403361,13471.57142857143,265.78991596638656,0.0,13471.57142857143,141.69908660195821,0
timeout_zero_sensitivity,qwen3.8-27b,E_S_D_P,pooled,120,0.4134722222222222,0.325,0.525,0.5416666666666666,0.42777777777777776,0.4716666666666666,3.302521008403361,13471.57142857143,265.78991596638656,0.0,13471.57142857143,141.69908660195821,0
timeout_zero_sensitivity,qwen3.8-27b,E_S_D_P,aiops_combined,80,0.3708333333333333,0.2875,0.4875,0.4875,0.3875,0.42750000000000005,3.35,11732.4,260.925,0.0,11732.4,132.95123512522522,0
timeout_zero_sensitivity,qwen3.8-27b,E_S_D_P,aiops2022,40,0.3291666666666666,0.25,0.45,0.45,0.3416666666666666,0.385,3.5,17630.625,246.85,0.0,17630.625,143.67783155317503,0
timeout_zero_sensitivity,qwen3.8-27b,E_S_D_P,aiops2025,40,0.4125,0.325,0.525,0.525,0.4333333333333333,0.47000000000000003,3.2,5834.175,275.0,0.0,5834.175,122.22463869727544,0
timeout_zero_sensitivity,qwen3.8-27b,E_S_D_P,aegislab,40,0.49874999999999997,0.4,0.6,0.65,0.5083333333333333,0.5599999999999999,3.2051282051282053,17039.102564102563,275.7692307692308,0.0,17039.102564102563,159.64339732346176,0
timeout_zero_sensitivity,qwen3.8-27b,E_S_D_S,macro,120,0.38013888888888886,0.2916666666666667,0.4749999999999999,0.5083333333333333,0.39166666666666666,0.4366666666666667,3.6218487394957983,13469.840336134454,315.79831932773106,0.0,13469.840336134454,147.2285156454959,0
timeout_zero_sensitivity,qwen3.8-27b,E_S_D_S,pooled,120,0.3801388888888889,0.2916666666666667,0.475,0.5083333333333333,0.39166666666666666,0.43666666666666665,3.6218487394957983,13469.840336134454,315.79831932773106,0.0,13469.840336134454,147.2285156454959,0
timeout_zero_sensitivity,qwen3.8-27b,E_S_D_S,aiops_combined,80,0.3239583333333333,0.2375,0.425,0.4375,0.3416666666666667,0.38,3.6582278481012658,11686.620253164558,355.36708860759495,0.0,11686.620253164558,146.42061250627864,0
timeout_zero_sensitivity,qwen3.8-27b,E_S_D_S,aiops2022,40,0.35416666666666663,0.25,0.475,0.475,0.3833333333333333,0.42000000000000004,3.625,17515.625,317.325,0.0,17515.625,158.81662046029996,0
timeout_zero_sensitivity,qwen3.8-27b,E_S_D_S,aiops2025,40,0.29375,0.225,0.375,0.4,0.29999999999999993,0.33999999999999997,3.6923076923076925,5708.153846153846,394.38461538461536,0.0,5708.153846153846,133.70675819446188,0
timeout_zero_sensitivity,qwen3.8-27b,E_S_D_S,aegislab,40,0.4925,0.4,0.575,0.65,0.4916666666666666,0.55,3.55,16991.7,237.65,0.0,16991.7,148.82412434544995,0
timeout_zero_sensitivity,qwen3.8-27b,E_S_G_P_V_S,macro,120,0.4280555555555556,0.3416666666666666,0.5416666666666666,0.5499999999999999,0.4444444444444444,0.48500000000000004,3.3949579831932772,13470.420168067227,312.73949579831935,0.0,13470.420168067227,149.253965438958,0
timeout_zero_sensitivity,qwen3.8-27b,E_S_G_P_V_S,pooled,120,0.4280555555555555,0.3416666666666667,0.5416666666666666,0.55,0.4444444444444444,0.485,3.3949579831932772,13470.420168067227,312.73949579831935,0.0,13470.420168067227,149.253965438958,0
timeout_zero_sensitivity,qwen3.8-27b,E_S_G_P_V_S,aiops_combined,80,0.3958333333333333,0.325,0.5,0.5,0.4083333333333333,0.445,3.4683544303797467,11642.93670886076,347.2151898734177,0.0,11642.93670886076,148.09069587441775,0
timeout_zero_sensitivity,qwen3.8-27b,E_S_G_P_V_S,aiops2022,40,0.35,0.3,0.425,0.425,0.3583333333333333,0.385,3.4871794871794872,17628.333333333332,376.9230769230769,0.0,17628.333333333332,170.98599594369202,0
timeout_zero_sensitivity,qwen3.8-27b,E_S_G_P_V_S,aiops2025,40,0.4416666666666666,0.35,0.575,0.575,0.4583333333333333,0.5050000000000001,3.45,5807.175,318.25,0.0,5807.175,125.76777830687533,0
timeout_zero_sensitivity,qwen3.8-27b,E_S_G_P_V_S,aegislab,40,0.4925,0.375,0.625,0.65,0.5166666666666666,0.5650000000000001,3.25,17079.7,244.65,0.0,17079.7,151.551422828925,0
timeout_zero_sensitivity,qwen3.8-27b,E_S_G_S_V_P,macro,120,0.38597222222222216,0.2916666666666667,0.49166666666666664,0.5166666666666667,0.40277777777777773,0.445,3.53781512605042,13403.764705882353,284.7142857142857,0.0,13403.764705882353,144.38428024818492,0
timeout_zero_sensitivity,qwen3.8-27b,E_S_G_S_V_P,pooled,120,0.38597222222222227,0.2916666666666667,0.49166666666666664,0.5166666666666667,0.40277777777777773,0.44499999999999995,3.53781512605042,13403.764705882353,284.7142857142857,0.0,13403.764705882353,144.38428024818492,0
timeout_zero_sensitivity,qwen3.8-27b,E_S_G_S_V_P,aiops_combined,80,0.33749999999999997,0.25,0.45,0.45,0.3583333333333333,0.3949999999999999,3.6582278481012658,11573.417721518987,279.3544303797468,0.0,11573.417721518987,135.7605993907596,0
timeout_zero_sensitivity,qwen3.8-27b,E_S_G_S_V_P,aiops2022,40,0.32916666666666666,0.225,0.45,0.45,0.3583333333333333,0.395,3.8205128205128207,17550.076923076922,277.35897435897436,0.0,17550.076923076922,152.68829605446166,0
timeout_zero_sensitivity,qwen3.8-27b,E_S_G_S_V_P,aiops2025,40,0.3458333333333333,0.275,0.45,0.45,0.3583333333333333,0.395,3.5,5746.175,281.3,0.0,5746.175,119.25609514365014,0
timeout_zero_sensitivity,qwen3.8-27b,E_S_G_S_V_P,aegislab,40,0.48291666666666666,0.375,0.575,0.65,0.4916666666666666,0.545,3.3,17018.7,295.3,0.0,17018.7,161.41604994159988,0
timeout_zero_sensitivity,qwen3.8-27b,MORE,macro,120,0.42083333333333334,0.3333333333333333,0.5083333333333334,0.525,0.4416666666666666,0.47500000000000003,3.417391304347826,16397.50434782609,166.71304347826086,2087.695652173913,14309.808695652175,123.24268757657391,0
timeout_zero_sensitivity,qwen3.8-27b,MORE,pooled,120,0.42083333333333334,0.3333333333333333,0.5083333333333333,0.525,0.44166666666666665,0.475,3.417391304347826,16397.50434782609,166.71304347826086,2087.695652173913,14309.808695652175,123.24268757657391,0
timeout_zero_sensitivity,qwen3.8-27b,MORE,aiops_combined,80,0.35208333333333336,0.275,0.425,0.45,0.36666666666666664,0.4,3.4871794871794872,15892.692307692309,171.01282051282053,2066.9102564102564,13825.78205128205,114.8399399799744,0
timeout_zero_sensitivity,qwen3.8-27b,MORE,aiops2022,40,0.2625,0.2,0.3,0.35,0.26666666666666666,0.3,3.58974358974359,16483.05128205128,171.17948717948718,2073.8205128205127,14409.23076923077,134.7476804665129,0
timeout_zero_sensitivity,qwen3.8-27b,MORE,aiops2025,40,0.4416666666666666,0.35,0.55,0.55,0.4666666666666666,0.5,3.3846153846153846,15302.333333333334,170.84615384615384,2060.0,13242.333333333334,94.93219949343592,0
timeout_zero_sensitivity,qwen3.8-27b,MORE,aegislab,40,0.5583333333333333,0.45,0.675,0.675,0.5916666666666666,0.625,3.27027027027027,17461.702702702703,157.64864864864865,2131.5135135135133,15330.18918918919,140.95658791535124,0
timeout_zero_sensitivity,qwen3.8-27b,SIRCL_IDS_NATIVE,macro,120,0.3548611111111111,0.275,0.4583333333333333,0.4666666666666666,0.36944444444444446,0.4083333333333334,3.1794871794871793,13958.854700854701,105.00854700854701,0.0,13958.854700854701,105.52121776668376,0
timeout_zero_sensitivity,qwen3.8-27b,SIRCL_IDS_NATIVE,pooled,120,0.35486111111111107,0.275,0.4583333333333333,0.4666666666666667,0.3694444444444444,0.4083333333333333,3.1794871794871793,13958.854700854701,105.00854700854701,0.0,13958.854700854701,105.52121776668376,0
timeout_zero_sensitivity,qwen3.8-27b,SIRCL_IDS_NATIVE,aiops_combined,80,0.36249999999999993,0.2875,0.4625,0.4625,0.37916666666666665,0.4125,3.189873417721519,12104.759493670887,105.9367088607595,0.0,12104.759493670887,99.0290540237469,0
timeout_zero_sensitivity,qwen3.8-27b,SIRCL_IDS_NATIVE,aiops2022,40,0.3625,0.3,0.45,0.45,0.375,0.40499999999999997,3.282051282051282,18192.71794871795,114.92307692307692,0.0,18192.71794871795,118.09525101928216,0
timeout_zero_sensitivity,qwen3.8-27b,SIRCL_IDS_NATIVE,aiops2025,40,0.36249999999999993,0.275,0.475,0.475,0.3833333333333333,0.41999999999999993,3.1,6169.0,97.175,0.0,6169.0,80.43951195310001,0
timeout_zero_sensitivity,qwen3.8-27b,SIRCL_IDS_NATIVE,aegislab,40,0.3395833333333333,0.25,0.45,0.475,0.35,0.4,3.1578947368421053,17813.42105263158,103.07894736842105,0.0,17813.42105263158,119.01808449542095,0
timeout_zero_sensitivity,qwen3.8-27b,TPV,macro,120,0.4215277777777778,0.3416666666666666,0.4916666666666667,0.5166666666666666,0.4388888888888889,0.47000000000000003,3.330508474576271,14550.652542372882,164.17796610169492,2090.728813559322,12459.92372881356,119.97953639467815,0
timeout_zero_sensitivity,qwen3.8-27b,TPV,pooled,120,0.4215277777777777,0.3416666666666667,0.49166666666666664,0.5166666666666667,0.4388888888888889,0.47,3.330508474576271,14550.652542372882,164.17796610169492,2090.728813559322,12459.92372881356,119.97953639467815,0
timeout_zero_sensitivity,qwen3.8-27b,TPV,aiops_combined,80,0.334375,0.2625,0.3875,0.425,0.3458333333333333,0.3775,3.4430379746835444,14041.06329113924,164.15189873417722,2068.0632911392404,11973.0,110.74050638659514,0
timeout_zero_sensitivity,qwen3.8-27b,TPV,aiops2022,40,0.23125,0.175,0.25,0.325,0.225,0.265,3.58974358974359,14619.076923076924,154.82051282051282,2075.076923076923,12544.0,127.77998201230795,0
timeout_zero_sensitivity,qwen3.8-27b,TPV,aiops2025,40,0.4375,0.35,0.525,0.525,0.4666666666666666,0.48999999999999994,3.3,13477.5,173.25,2061.225,11416.275,94.12701765152515,0
timeout_zero_sensitivity,qwen3.8-27b,TPV,aegislab,40,0.5958333333333333,0.5,0.7,0.7,0.625,0.655,3.1025641025641026,15582.897435897436,164.23076923076923,2136.641025641026,13446.25641025641,138.69449461617964,0
timeout_zero_sensitivity,qwen3.8-27b,T_NATIVE,macro,120,0.33152777777777775,0.21666666666666665,0.48333333333333334,0.5000000000000001,0.3499999999999999,0.4083333333333334,3.135593220338983,12913.07627118644,167.01694915254237,0.0,12913.07627118644,119.32565604155931,0
timeout_zero_sensitivity,qwen3.8-27b,T_NATIVE,pooled,120,0.3315277777777778,0.21666666666666667,0.48333333333333334,0.5,0.35,0.40833333333333327,3.135593220338983,12913.07627118644,167.01694915254237,0.0,12913.07627118644,119.32565604155931,0
timeout_zero_sensitivity,qwen3.8-27b,T_NATIVE,aiops_combined,80,0.23125,0.15,0.35,0.35,0.2458333333333333,0.2875,3.1025641025641026,12353.166666666666,162.5,0.0,12353.166666666666,110.51771187157689,0
timeout_zero_sensitivity,qwen3.8-27b,T_NATIVE,aiops2022,40,0.1875,0.125,0.275,0.275,0.2,0.22999999999999998,3.026315789473684,12970.736842105263,162.0,0.0,12970.736842105263,127.24636631842115,0
timeout_zero_sensitivity,qwen3.8-27b,T_NATIVE,aiops2025,40,0.275,0.175,0.425,0.425,0.29166666666666663,0.34500000000000003,3.175,11766.475,162.975,0.0,11766.475,94.62549014707483,0
timeout_zero_sensitivity,qwen3.8-27b,T_NATIVE,aegislab,40,0.5320833333333332,0.35,0.75,0.8,0.5583333333333332,0.65,3.2,14004.9,175.825,0.0,14004.9,136.50114717302503,0
timeout_zero_sensitivity,qwen3.8-27b,W_NO_K,macro,120,0.4527777777777778,0.3916666666666666,0.5166666666666666,0.5166666666666666,0.47222222222222215,0.49,3.1779661016949152,15829.694915254237,158.91525423728814,2090.728813559322,13738.966101694916,122.81845227518644,0
timeout_zero_sensitivity,qwen3.8-27b,W_NO_K,pooled,120,0.4527777777777778,0.39166666666666666,0.5166666666666667,0.5166666666666667,0.4722222222222222,0.49,3.1779661016949152,15829.694915254237,158.91525423728814,2090.728813559322,13738.966101694916,122.81845227518644,0
timeout_zero_sensitivity,qwen3.8-27b,W_NO_K,aiops_combined,80,0.3666666666666667,0.3,0.4375,0.4375,0.38749999999999996,0.4074999999999999,3.2435897435897436,15376.141025641025,160.64102564102564,2067.5384615384614,13308.602564102564,112.98181149388448,0
timeout_zero_sensitivity,qwen3.8-27b,W_NO_K,aiops2022,40,0.27083333333333337,0.2,0.35,0.35,0.29166666666666663,0.31500000000000006,3.2564102564102564,16035.74358974359,158.71794871794873,2075.076923076923,13960.666666666666,133.7276450252564,0
timeout_zero_sensitivity,qwen3.8-27b,W_NO_K,aiops2025,40,0.4625,0.4,0.525,0.525,0.4833333333333333,0.5,3.230769230769231,14716.538461538461,162.56410256410257,2060.0,12656.538461538461,92.23597796251255,0
timeout_zero_sensitivity,qwen3.8-27b,W_NO_K,aegislab,40,0.625,0.575,0.675,0.675,0.6416666666666666,0.655,3.05,16714.125,155.55,2135.95,14578.175,141.9999017987253,0
