model,arm,granularity,first_kind,count
gemma-4-26b-a4b,E_P_D_P,node,node,9
gemma-4-26b-a4b,E_P_D_P,node,pod,2
gemma-4-26b-a4b,E_P_D_P,node,service,6
gemma-4-26b-a4b,E_P_D_P,pod,node,4
gemma-4-26b-a4b,E_P_D_P,pod,pod,5
gemma-4-26b-a4b,E_P_D_P,pod,service,8
gemma-4-26b-a4b,E_P_D_P,pod+service,node,1
gemma-4-26b-a4b,E_P_D_P,pod+service,pod,1
gemma-4-26b-a4b,E_P_D_P,pod+service,service,5
gemma-4-26b-a4b,E_P_D_P,service,node,6
gemma-4-26b-a4b,E_P_D_P,service,pod,17
gemma-4-26b-a4b,E_P_D_P,service,service,56
gemma-4-26b-a4b,E_P_D_S,node,node,10
gemma-4-26b-a4b,E_P_D_S,node,pod,3
gemma-4-26b-a4b,E_P_D_S,node,service,4
gemma-4-26b-a4b,E_P_D_S,pod,node,5
gemma-4-26b-a4b,E_P_D_S,pod,pod,7
gemma-4-26b-a4b,E_P_D_S,pod,service,5
gemma-4-26b-a4b,E_P_D_S,pod+service,node,2
gemma-4-26b-a4b,E_P_D_S,pod+service,pod,2
gemma-4-26b-a4b,E_P_D_S,pod+service,service,3
gemma-4-26b-a4b,E_P_D_S,service,node,13
gemma-4-26b-a4b,E_P_D_S,service,pod,15
gemma-4-26b-a4b,E_P_D_S,service,service,51
gemma-4-26b-a4b,E_S_D_P,node,node,4
gemma-4-26b-a4b,E_S_D_P,node,pod,13
gemma-4-26b-a4b,E_S_D_P,pod,pod,17
gemma-4-26b-a4b,E_S_D_P,pod+service,pod,3
gemma-4-26b-a4b,E_S_D_P,pod+service,service,4
gemma-4-26b-a4b,E_S_D_P,service,pod,22
gemma-4-26b-a4b,E_S_D_P,service,service,57
gemma-4-26b-a4b,E_S_D_S,node,node,8
gemma-4-26b-a4b,E_S_D_S,node,pod,8
gemma-4-26b-a4b,E_S_D_S,node,service,1
gemma-4-26b-a4b,E_S_D_S,pod,node,4
gemma-4-26b-a4b,E_S_D_S,pod,pod,13
gemma-4-26b-a4b,E_S_D_S,pod+service,pod,3
gemma-4-26b-a4b,E_S_D_S,pod+service,service,4
gemma-4-26b-a4b,E_S_D_S,service,node,18
gemma-4-26b-a4b,E_S_D_S,service,pod,14
gemma-4-26b-a4b,E_S_D_S,service,service,47
gemma-4-26b-a4b,E_S_G_P_V_S,node,node,2
gemma-4-26b-a4b,E_S_G_P_V_S,node,pod,15
gemma-4-26b-a4b,E_S_G_P_V_S,pod,pod,17
gemma-4-26b-a4b,E_S_G_P_V_S,pod+service,pod,3
gemma-4-26b-a4b,E_S_G_P_V_S,pod+service,service,4
gemma-4-26b-a4b,E_S_G_P_V_S,service,node,1
gemma-4-26b-a4b,E_S_G_P_V_S,service,pod,22
gemma-4-26b-a4b,E_S_G_P_V_S,service,service,56
gemma-4-26b-a4b,E_S_G_S_V_P,node,node,10
gemma-4-26b-a4b,E_S_G_S_V_P,node,pod,5
gemma-4-26b-a4b,E_S_G_S_V_P,node,service,2
gemma-4-26b-a4b,E_S_G_S_V_P,pod,node,6
gemma-4-26b-a4b,E_S_G_S_V_P,pod,pod,11
gemma-4-26b-a4b,E_S_G_S_V_P,pod+service,pod,2
gemma-4-26b-a4b,E_S_G_S_V_P,pod+service,service,5
gemma-4-26b-a4b,E_S_G_S_V_P,service,node,12
gemma-4-26b-a4b,E_S_G_S_V_P,service,pod,17
gemma-4-26b-a4b,E_S_G_S_V_P,service,service,50
gemma-4-26b-a4b,MORE,node,node,9
gemma-4-26b-a4b,MORE,node,pod,5
gemma-4-26b-a4b,MORE,node,service,3
gemma-4-26b-a4b,MORE,pod,node,4
gemma-4-26b-a4b,MORE,pod,pod,9
gemma-4-26b-a4b,MORE,pod,service,4
gemma-4-26b-a4b,MORE,pod+service,pod,3
gemma-4-26b-a4b,MORE,pod+service,service,4
gemma-4-26b-a4b,MORE,service,node,7
gemma-4-26b-a4b,MORE,service,pod,30
gemma-4-26b-a4b,MORE,service,service,42
gemma-4-26b-a4b,SIRCL_IDS_NATIVE,node,node,8
gemma-4-26b-a4b,SIRCL_IDS_NATIVE,node,pod,7
gemma-4-26b-a4b,SIRCL_IDS_NATIVE,node,service,2
gemma-4-26b-a4b,SIRCL_IDS_NATIVE,pod,node,10
gemma-4-26b-a4b,SIRCL_IDS_NATIVE,pod,pod,7
gemma-4-26b-a4b,SIRCL_IDS_NATIVE,pod+service,pod,3
gemma-4-26b-a4b,SIRCL_IDS_NATIVE,pod+service,service,4
gemma-4-26b-a4b,SIRCL_IDS_NATIVE,service,node,17
gemma-4-26b-a4b,SIRCL_IDS_NATIVE,service,pod,19
gemma-4-26b-a4b,SIRCL_IDS_NATIVE,service,service,43
gemma-4-26b-a4b,TPV,node,node,9
gemma-4-26b-a4b,TPV,node,pod,4
gemma-4-26b-a4b,TPV,node,service,4
gemma-4-26b-a4b,TPV,pod,node,5
gemma-4-26b-a4b,TPV,pod,pod,9
gemma-4-26b-a4b,TPV,pod,service,3
gemma-4-26b-a4b,TPV,pod+service,pod,3
gemma-4-26b-a4b,TPV,pod+service,service,4
gemma-4-26b-a4b,TPV,service,node,7
gemma-4-26b-a4b,TPV,service,pod,34
gemma-4-26b-a4b,TPV,service,service,38
gemma-4-26b-a4b,T_NATIVE,node,node,7
gemma-4-26b-a4b,T_NATIVE,node,pod,3
gemma-4-26b-a4b,T_NATIVE,node,service,7
gemma-4-26b-a4b,T_NATIVE,pod,node,2
gemma-4-26b-a4b,T_NATIVE,pod,pod,8
gemma-4-26b-a4b,T_NATIVE,pod,service,7
gemma-4-26b-a4b,T_NATIVE,pod+service,node,1
gemma-4-26b-a4b,T_NATIVE,pod+service,pod,2
gemma-4-26b-a4b,T_NATIVE,pod+service,service,4
gemma-4-26b-a4b,T_NATIVE,service,node,8
gemma-4-26b-a4b,T_NATIVE,service,pod,23
gemma-4-26b-a4b,T_NATIVE,service,service,48
gemma-4-26b-a4b,W_NO_K,node,node,9
gemma-4-26b-a4b,W_NO_K,node,pod,4
gemma-4-26b-a4b,W_NO_K,node,service,4
gemma-4-26b-a4b,W_NO_K,pod,node,4
gemma-4-26b-a4b,W_NO_K,pod,pod,9
gemma-4-26b-a4b,W_NO_K,pod,service,4
gemma-4-26b-a4b,W_NO_K,pod+service,pod,3
gemma-4-26b-a4b,W_NO_K,pod+service,service,4
gemma-4-26b-a4b,W_NO_K,service,node,7
gemma-4-26b-a4b,W_NO_K,service,pod,36
gemma-4-26b-a4b,W_NO_K,service,service,36
qwen3.8-27b,E_P_D_P,node,node,3
qwen3.8-27b,E_P_D_P,node,pod,4
qwen3.8-27b,E_P_D_P,node,service,2
qwen3.8-27b,E_P_D_P,pod,node,1
qwen3.8-27b,E_P_D_P,pod,pod,9
qwen3.8-27b,E_P_D_P,pod,service,6
qwen3.8-27b,E_P_D_P,pod+service,service,6
qwen3.8-27b,E_P_D_P,service,node,5
qwen3.8-27b,E_P_D_P,service,pod,10
qwen3.8-27b,E_P_D_P,service,service,51
qwen3.8-27b,E_P_D_S,node,node,4
qwen3.8-27b,E_P_D_S,node,pod,1
qwen3.8-27b,E_P_D_S,node,service,4
qwen3.8-27b,E_P_D_S,pod,node,2
qwen3.8-27b,E_P_D_S,pod,pod,6
qwen3.8-27b,E_P_D_S,pod,service,8
qwen3.8-27b,E_P_D_S,pod+service,pod,1
qwen3.8-27b,E_P_D_S,pod+service,service,5
qwen3.8-27b,E_P_D_S,service,node,5
qwen3.8-27b,E_P_D_S,service,pod,15
qwen3.8-27b,E_P_D_S,service,service,46
qwen3.8-27b,E_S_D_P,node,node,3
qwen3.8-27b,E_S_D_P,node,pod,4
qwen3.8-27b,E_S_D_P,node,service,2
qwen3.8-27b,E_S_D_P,pod,node,3
qwen3.8-27b,E_S_D_P,pod,pod,11
qwen3.8-27b,E_S_D_P,pod,service,2
qwen3.8-27b,E_S_D_P,pod+service,pod,3
qwen3.8-27b,E_S_D_P,pod+service,service,3
qwen3.8-27b,E_S_D_P,service,node,6
qwen3.8-27b,E_S_D_P,service,pod,15
qwen3.8-27b,E_S_D_P,service,service,45
qwen3.8-27b,E_S_D_S,node,node,5
qwen3.8-27b,E_S_D_S,node,pod,4
qwen3.8-27b,E_S_D_S,pod,node,4
qwen3.8-27b,E_S_D_S,pod,pod,10
qwen3.8-27b,E_S_D_S,pod,service,2
qwen3.8-27b,E_S_D_S,pod+service,node,1
qwen3.8-27b,E_S_D_S,pod+service,pod,3
qwen3.8-27b,E_S_D_S,pod+service,service,2
qwen3.8-27b,E_S_D_S,service,node,11
qwen3.8-27b,E_S_D_S,service,pod,18
qwen3.8-27b,E_S_D_S,service,service,37
qwen3.8-27b,E_S_G_P_V_S,node,node,4
qwen3.8-27b,E_S_G_P_V_S,node,pod,4
qwen3.8-27b,E_S_G_P_V_S,node,service,1
qwen3.8-27b,E_S_G_P_V_S,pod,node,2
qwen3.8-27b,E_S_G_P_V_S,pod,pod,11
qwen3.8-27b,E_S_G_P_V_S,pod,service,3
qwen3.8-27b,E_S_G_P_V_S,pod+service,pod,3
qwen3.8-27b,E_S_G_P_V_S,pod+service,service,3
qwen3.8-27b,E_S_G_P_V_S,service,node,6
qwen3.8-27b,E_S_G_P_V_S,service,pod,16
qwen3.8-27b,E_S_G_P_V_S,service,service,44
qwen3.8-27b,E_S_G_S_V_P,node,node,5
qwen3.8-27b,E_S_G_S_V_P,node,pod,4
qwen3.8-27b,E_S_G_S_V_P,pod,node,4
qwen3.8-27b,E_S_G_S_V_P,pod,pod,10
qwen3.8-27b,E_S_G_S_V_P,pod,service,2
qwen3.8-27b,E_S_G_S_V_P,pod+service,node,1
qwen3.8-27b,E_S_G_S_V_P,pod+service,pod,3
qwen3.8-27b,E_S_G_S_V_P,pod+service,service,2
qwen3.8-27b,E_S_G_S_V_P,service,node,11
qwen3.8-27b,E_S_G_S_V_P,service,pod,17
qwen3.8-27b,E_S_G_S_V_P,service,service,38
qwen3.8-27b,MORE,node,node,1
qwen3.8-27b,MORE,node,pod,2
qwen3.8-27b,MORE,node,service,6
qwen3.8-27b,MORE,pod,node,4
qwen3.8-27b,MORE,pod,pod,6
qwen3.8-27b,MORE,pod,service,6
qwen3.8-27b,MORE,pod+service,node,2
qwen3.8-27b,MORE,pod+service,service,4
qwen3.8-27b,MORE,service,node,2
qwen3.8-27b,MORE,service,pod,14
qwen3.8-27b,MORE,service,service,50
qwen3.8-27b,SIRCL_IDS_NATIVE,node,node,5
qwen3.8-27b,SIRCL_IDS_NATIVE,node,pod,2
qwen3.8-27b,SIRCL_IDS_NATIVE,node,service,2
qwen3.8-27b,SIRCL_IDS_NATIVE,pod,node,5
qwen3.8-27b,SIRCL_IDS_NATIVE,pod,pod,9
qwen3.8-27b,SIRCL_IDS_NATIVE,pod,service,2
qwen3.8-27b,SIRCL_IDS_NATIVE,pod+service,node,1
qwen3.8-27b,SIRCL_IDS_NATIVE,pod+service,pod,3
qwen3.8-27b,SIRCL_IDS_NATIVE,pod+service,service,2
qwen3.8-27b,SIRCL_IDS_NATIVE,service,node,14
qwen3.8-27b,SIRCL_IDS_NATIVE,service,pod,17
qwen3.8-27b,SIRCL_IDS_NATIVE,service,service,35
qwen3.8-27b,TPV,node,node,1
qwen3.8-27b,TPV,node,pod,2
qwen3.8-27b,TPV,node,service,6
qwen3.8-27b,TPV,pod,node,4
qwen3.8-27b,TPV,pod,pod,5
qwen3.8-27b,TPV,pod,service,7
qwen3.8-27b,TPV,pod+service,node,2
qwen3.8-27b,TPV,pod+service,pod,1
qwen3.8-27b,TPV,pod+service,service,3
qwen3.8-27b,TPV,service,node,3
qwen3.8-27b,TPV,service,pod,13
qwen3.8-27b,TPV,service,service,50
qwen3.8-27b,T_NATIVE,node,node,3
qwen3.8-27b,T_NATIVE,node,service,6
qwen3.8-27b,T_NATIVE,pod,pod,4
qwen3.8-27b,T_NATIVE,pod,service,12
qwen3.8-27b,T_NATIVE,pod+service,pod,2
qwen3.8-27b,T_NATIVE,pod+service,service,4
qwen3.8-27b,T_NATIVE,service,node,4
qwen3.8-27b,T_NATIVE,service,pod,7
qwen3.8-27b,T_NATIVE,service,service,55
qwen3.8-27b,W_NO_K,node,node,3
qwen3.8-27b,W_NO_K,node,pod,3
qwen3.8-27b,W_NO_K,node,service,3
qwen3.8-27b,W_NO_K,pod,node,6
qwen3.8-27b,W_NO_K,pod,pod,4
qwen3.8-27b,W_NO_K,pod,service,6
qwen3.8-27b,W_NO_K,pod+service,node,1
qwen3.8-27b,W_NO_K,pod+service,pod,1
qwen3.8-27b,W_NO_K,pod+service,service,4
qwen3.8-27b,W_NO_K,service,node,3
qwen3.8-27b,W_NO_K,service,pod,10
qwen3.8-27b,W_NO_K,service,service,53
