feature,model,contrast,true_n,false_n,true_delta,false_delta,p,holm
root_in_G,gemma-4-26b-a4b,NO_ONSET-FULL_G,127,53,-0.0013123359580052482,0.0,0.8924769526312685,1.0
root_in_G,gemma-4-26b-a4b,NO_ONSET-FULL_T,127,53,0.015091863517060369,-0.03773584905660377,0.4109400664743922,1.0
root_in_G,gemma-4-26b-a4b,NO_RANK-FULL_T,127,53,0.008136482939632546,-0.018867924528301886,0.7521051184120281,1.0
root_in_G,gemma-4-26b-a4b,NO_SEVERITY-FULL_G,127,53,0.01968503937007874,-0.018867924528301886,0.39082855107678094,1.0
root_in_G,qwen3.8-27b,NO_ONSET-FULL_G,117,46,-0.025641025641025644,-0.03260869565217391,0.8814818176098964,1.0
root_in_G,qwen3.8-27b,NO_ONSET-FULL_T,117,46,0.026780626780626773,0.06159420289855073,0.9056163785336632,1.0
root_in_G,qwen3.8-27b,NO_RANK-FULL_T,117,46,-0.022792022792022786,0.021739130434782608,0.3688133777909247,1.0
root_in_G,qwen3.8-27b,NO_SEVERITY-FULL_G,117,46,0.037037037037037035,-0.007246376811594202,0.14792556248220814,1.0
root_G_earliest,gemma-4-26b-a4b,NO_ONSET-FULL_G,34,146,-0.029411764705882353,0.005707762557077626,0.6485296147047069,1.0
root_G_earliest,gemma-4-26b-a4b,NO_ONSET-FULL_T,34,146,-0.10294117647058823,0.023401826484018267,0.03306093527320436,0.5950968349176785
root_G_earliest,gemma-4-26b-a4b,NO_RANK-FULL_T,34,146,-0.16568627450980392,0.03881278538812786,0.002250888245275823,0.04726865315079228
root_G_earliest,gemma-4-26b-a4b,NO_SEVERITY-FULL_G,34,146,0.0,0.010273972602739725,0.8845024723815855,1.0
root_G_earliest,qwen3.8-27b,NO_ONSET-FULL_G,30,133,-0.04722222222222223,-0.023182957393483715,1.0,1.0
root_G_earliest,qwen3.8-27b,NO_ONSET-FULL_T,30,133,-0.10833333333333334,0.0692982456140351,0.007035929213294585,0.1407185842658917
root_G_earliest,qwen3.8-27b,NO_RANK-FULL_T,30,133,-0.09444444444444443,0.008771929824561406,0.0978863037777204,1.0
root_G_earliest,qwen3.8-27b,NO_SEVERITY-FULL_G,30,133,0.013888888888888892,0.02694235588972431,0.9748838150555498,1.0
root_G_rank1,gemma-4-26b-a4b,NO_ONSET-FULL_G,25,155,-0.04,0.005376344086021506,0.5828019995657425,1.0
root_G_rank1,gemma-4-26b-a4b,NO_ONSET-FULL_T,25,155,-0.14,0.022043010752688174,0.014456637490743406,0.2746761123241247
root_G_rank1,gemma-4-26b-a4b,NO_RANK-FULL_T,25,155,-0.23333333333333336,0.0378494623655914,5.6886067668157784e-05,0.0013652656240357869
root_G_rank1,gemma-4-26b-a4b,NO_SEVERITY-FULL_G,25,155,0.0,0.00967741935483871,0.9048209567038689,1.0
root_G_rank1,qwen3.8-27b,NO_ONSET-FULL_G,22,141,-0.07954545454545454,-0.01950354609929078,0.38411965606956877,1.0
root_G_rank1,qwen3.8-27b,NO_ONSET-FULL_T,22,141,-0.1628787878787879,0.0677304964539007,0.0003122982887136784,0.007182860640414603
root_G_rank1,qwen3.8-27b,NO_RANK-FULL_T,22,141,-0.1590909090909091,0.013002364066193853,0.0006721531321454249,0.014787368907199347
root_G_rank1,qwen3.8-27b,NO_SEVERITY-FULL_G,22,141,0.0037878787878787945,0.02777777777777778,0.6234487483702451,1.0
