family,stat_family,model,contrast,mode,n,delta,p,dz,better,worse,ties,holm
g_components,B1_primary,qwen3.8-27b,NO_RANK-FULL_T,contrast_complete,176,-0.003787878787875001,0.6142677164591647,-0.01611882793536794,15,18,143,1.0
g_components,B1_primary,qwen3.8-27b,NO_RANK-FULL_T,timeout_zero,180,0.012962962962966666,0.9477639421100192,0.04878864692398387,18,18,144,1.0
g_components,B1_primary,gemma-4-26b-a4b,NO_RANK-FULL_T,contrast_complete,180,0.00018518518518333414,0.8602481546637003,0.0006097194854750896,12,13,155,1.0
g_components,B1_primary,gemma-4-26b-a4b,NO_RANK-FULL_T,timeout_zero,180,0.00018518518518333414,0.8602481546637003,0.0006097194854750896,12,13,155,1.0
g_components,B1_carrier_interaction,qwen3.8-27b,NO_RANK_carrier_interaction,contrast_complete,173,-0.0048169556840173405,0.5656437916129048,-0.015593639384259174,28,23,122,1.0
g_components,B1_carrier_interaction,qwen3.8-27b,NO_RANK_carrier_interaction,timeout_zero,180,-0.03240740740741667,0.941982075719191,-0.0899639293466991,28,27,125,1.0
g_components,B1_carrier_interaction,gemma-4-26b-a4b,NO_RANK_carrier_interaction,contrast_complete,180,0.0016666666666666657,0.7588281881110656,0.004545291909219778,17,15,148,1.0
g_components,B1_carrier_interaction,gemma-4-26b-a4b,NO_RANK_carrier_interaction,timeout_zero,180,0.0016666666666666657,0.7588281881110656,0.004545291909219778,17,15,148,1.0
g_components,B1_primary,qwen3.8-27b,NO_SEVERITY-FULL_T,contrast_complete,172,0.014534883720936047,0.6716139030367543,0.06115241997849665,15,13,144,1.0
g_components,B1_primary,qwen3.8-27b,NO_SEVERITY-FULL_T,timeout_zero,180,0.030555555555561113,0.32954540298382995,0.11549554576468071,18,13,149,1.0
g_components,B1_primary,gemma-4-26b-a4b,NO_SEVERITY-FULL_T,contrast_complete,180,0.0075925925925944444,0.6595669441685403,0.025482652133462937,11,9,160,1.0
g_components,B1_primary,gemma-4-26b-a4b,NO_SEVERITY-FULL_T,timeout_zero,180,0.0075925925925944444,0.6595669441685403,0.025482652133462937,11,9,160,1.0
g_components,B1_carrier_interaction,qwen3.8-27b,NO_SEVERITY_carrier_interaction,contrast_complete,168,0.011904761904749999,0.3319975290659235,0.04401905139288867,21,15,132,1.0
g_components,B1_carrier_interaction,qwen3.8-27b,NO_SEVERITY_carrier_interaction,timeout_zero,180,-0.011111111111122222,0.8257726332805355,-0.0369156610992088,21,19,140,1.0
g_components,B1_carrier_interaction,gemma-4-26b-a4b,NO_SEVERITY_carrier_interaction,contrast_complete,180,0.000740740740738889,0.9990663100316184,0.002154900230586073,13,13,154,1.0
g_components,B1_carrier_interaction,gemma-4-26b-a4b,NO_SEVERITY_carrier_interaction,timeout_zero,180,0.000740740740738889,0.9990663100316184,0.002154900230586073,13,13,154,1.0
g_components,B1_primary,qwen3.8-27b,NO_ONSET-FULL_T,contrast_complete,176,0.04526515151515909,0.024198161984159867,0.15817108616765618,29,14,133,0.4839632396831973
g_components,B1_primary,qwen3.8-27b,NO_ONSET-FULL_T,timeout_zero,180,0.0664814814814889,0.0053576975308477544,0.21024925415914783,33,14,133,0.1071539506169551
g_components,B1_primary,gemma-4-26b-a4b,NO_ONSET-FULL_T,contrast_complete,180,-0.00046296296296111095,0.843341690701296,-0.001473365821517236,10,11,159,1.0
g_components,B1_primary,gemma-4-26b-a4b,NO_ONSET-FULL_T,timeout_zero,180,-0.00046296296296111095,0.843341690701296,-0.001473365821517236,10,11,159,1.0
g_components,B1_carrier_interaction,qwen3.8-27b,NO_ONSET_carrier_interaction,contrast_complete,175,-0.07314285714286857,0.03303642967164606,-0.20219054920085655,21,36,118,0.33036429671646056
g_components,B1_carrier_interaction,qwen3.8-27b,NO_ONSET_carrier_interaction,timeout_zero,180,-0.09333333333334445,0.008462191835784545,-0.2442426913553491,21,40,119,0.08462191835784545
g_components,B1_carrier_interaction,gemma-4-26b-a4b,NO_ONSET_carrier_interaction,contrast_complete,180,-0.000462962962966667,0.8977787075587317,-0.0011462287496595315,18,17,145,1.0
g_components,B1_carrier_interaction,gemma-4-26b-a4b,NO_ONSET_carrier_interaction,timeout_zero,180,-0.000462962962966667,0.8977787075587317,-0.0011462287496595315,18,17,145,1.0
g_components,B1_primary,qwen3.8-27b,STRUCTURE-FULL_T,contrast_complete,175,0.028857142857154287,0.2277874543169468,0.08222938941947494,32,23,120,1.0
g_components,B1_primary,qwen3.8-27b,STRUCTURE-FULL_T,timeout_zero,180,0.05027777777778889,0.08129940348475277,0.13421321920173832,36,23,121,1.0
g_components,B1_primary,gemma-4-26b-a4b,STRUCTURE-FULL_T,contrast_complete,180,0.030740740740744447,0.4444763226173081,0.07829756958327097,18,14,148,1.0
g_components,B1_primary,gemma-4-26b-a4b,STRUCTURE-FULL_T,timeout_zero,180,0.030740740740744447,0.4444763226173081,0.07829756958327097,18,14,148,1.0
g_components,B1_carrier_interaction,qwen3.8-27b,STRUCTURE_carrier_interaction,contrast_complete,173,-0.03381502890175144,0.39053007328419753,-0.08138317827094377,31,37,105,1.0
g_components,B1_carrier_interaction,qwen3.8-27b,STRUCTURE_carrier_interaction,timeout_zero,180,-0.05472222222223889,0.169462503591996,-0.12677091480892835,31,41,108,1.0
g_components,B1_carrier_interaction,gemma-4-26b-a4b,STRUCTURE_carrier_interaction,contrast_complete,180,0.0035185185185111108,0.6537515693890252,0.008859595057680454,19,16,145,1.0
g_components,B1_carrier_interaction,gemma-4-26b-a4b,STRUCTURE_carrier_interaction,timeout_zero,180,0.0035185185185111108,0.6537515693890252,0.008859595057680454,19,16,145,1.0
g_components,B1_primary,qwen3.8-27b,NO_CALLS-FULL_T,contrast_complete,176,0.017803030303034092,0.49049943732292245,0.06916261909187113,21,17,138,1.0
g_components,B1_primary,qwen3.8-27b,NO_CALLS-FULL_T,timeout_zero,180,0.03962962962963333,0.18402503366754286,0.13524833337513745,25,17,138,1.0
g_components,B1_primary,gemma-4-26b-a4b,NO_CALLS-FULL_T,contrast_complete,180,0.019444444444444445,0.5322058936867053,0.05948473946939849,14,11,155,1.0
g_components,B1_primary,gemma-4-26b-a4b,NO_CALLS-FULL_T,timeout_zero,180,0.019444444444444445,0.5322058936867053,0.05948473946939849,14,11,155,1.0
g_components,B1_carrier_interaction,qwen3.8-27b,NO_CALLS_carrier_interaction,contrast_complete,174,-0.028065134099632183,0.5063058243075949,-0.07733332371527629,28,32,114,1.0
g_components,B1_carrier_interaction,qwen3.8-27b,NO_CALLS_carrier_interaction,timeout_zero,180,-0.04935185185186667,0.22535701637804406,-0.12830452938333337,28,36,116,1.0
g_components,B1_carrier_interaction,gemma-4-26b-a4b,NO_CALLS_carrier_interaction,contrast_complete,180,-0.019444444444444445,0.5702557306566052,-0.053520896648835456,14,17,149,1.0
g_components,B1_carrier_interaction,gemma-4-26b-a4b,NO_CALLS_carrier_interaction,timeout_zero,180,-0.019444444444444445,0.5702557306566052,-0.053520896648835456,14,17,149,1.0
scope_competition,B2_primary,qwen3.8-27b,HOST_average_T,contrast_complete,178,0.01123595505616854,0.19230509263597373,0.06193811297468922,17,10,151,1.0
scope_competition,B2_primary,qwen3.8-27b,HOST_average_T,timeout_zero,180,0.013888888888877777,0.14142375304464944,0.07546892142495835,18,10,152,1.0
scope_competition,B2_primary,gemma-4-26b-a4b,HOST_average_T,contrast_complete,180,-0.008333333333333333,0.25683925795785656,-0.08458295678644139,2,5,173,1.0
scope_competition,B2_primary,gemma-4-26b-a4b,HOST_average_T,timeout_zero,180,-0.008333333333333333,0.25683925795785656,-0.08458295678644139,2,5,173,1.0
scope_competition,B2_primary,qwen3.8-27b,PEER_average_T,contrast_complete,178,-0.0037453183520617978,0.7621880764651823,-0.014739716857614708,19,17,142,1.0
scope_competition,B2_primary,qwen3.8-27b,PEER_average_T,timeout_zero,180,-0.006481481481483333,0.8992675174781353,-0.02538105510977723,19,18,143,1.0
scope_competition,B2_primary,gemma-4-26b-a4b,PEER_average_T,contrast_complete,180,-0.002777777777777778,0.9936071648611997,-0.02241647733276419,4,4,172,1.0
scope_competition,B2_primary,gemma-4-26b-a4b,PEER_average_T,timeout_zero,180,-0.002777777777777778,0.9936071648611997,-0.02241647733276419,4,4,172,1.0
scope_competition,B2_primary,qwen3.8-27b,HOST_PEER_interaction_T,contrast_complete,178,-0.0056179775280898875,0.4295815576256131,-0.021432908862163483,9,13,156,1.0
scope_competition,B2_primary,qwen3.8-27b,HOST_PEER_interaction_T,timeout_zero,180,0.0,0.579861534209994,0.0,10,13,157,1.0
scope_competition,B2_primary,gemma-4-26b-a4b,HOST_PEER_interaction_T,contrast_complete,180,0.016666666666666666,0.25683925795785656,0.08458295678644139,5,2,173,1.0
scope_competition,B2_primary,gemma-4-26b-a4b,HOST_PEER_interaction_T,timeout_zero,180,0.016666666666666666,0.25683925795785656,0.08458295678644139,5,2,173,1.0
scope_competition,B2_primary,qwen3.8-27b,DEDUP_minus_HP_T,contrast_complete,177,-0.009416195856870056,0.5569746310628496,-0.056268247303469396,5,7,165,1.0
scope_competition,B2_primary,qwen3.8-27b,DEDUP_minus_HP_T,timeout_zero,180,-0.012037037037033333,0.40010095778473276,-0.07083853281274381,5,8,167,1.0
scope_competition,B2_primary,gemma-4-26b-a4b,DEDUP_minus_HP_T,contrast_complete,180,0.005555555555555556,0.5637028616507731,0.04295323522633641,2,1,177,1.0
scope_competition,B2_primary,gemma-4-26b-a4b,DEDUP_minus_HP_T,timeout_zero,180,0.005555555555555556,0.5637028616507731,0.04295323522633641,2,1,177,1.0
relation_binding,B3_primary,qwen3.8-27b,CALL-ALL_ID_T,contrast_complete,179,-0.001117318435759778,0.9989910922476106,-0.005275585811822868,11,11,157,1.0
relation_binding,B3_primary,qwen3.8-27b,CALL-ALL_ID_T,timeout_zero,180,0.0007407407407333317,0.8387929499344995,0.00348314911728357,12,11,157,1.0
relation_binding,B3_primary,gemma-4-26b-a4b,CALL-ALL_ID_T,contrast_complete,180,0.022222222222222223,0.15729920705028502,0.10570493405534791,6,2,172,1.0
relation_binding,B3_primary,gemma-4-26b-a4b,CALL-ALL_ID_T,timeout_zero,180,0.022222222222222223,0.15729920705028502,0.10570493405534791,6,2,172,1.0
relation_binding,B3_primary,qwen3.8-27b,DEPLOY-ALL_ID_T,contrast_complete,176,0.03579545454544318,0.07666169972371964,0.1324242383140983,25,14,137,1.0
relation_binding,B3_primary,qwen3.8-27b,DEPLOY-ALL_ID_T,timeout_zero,180,0.02944444444443333,0.127415632479362,0.09893063096119378,26,16,138,1.0
relation_binding,B3_primary,gemma-4-26b-a4b,DEPLOY-ALL_ID_T,contrast_complete,180,0.05555555555555555,0.018422125454099002,0.17796124644732128,14,4,162,0.29475400726558404
relation_binding,B3_primary,gemma-4-26b-a4b,DEPLOY-ALL_ID_T,timeout_zero,180,0.05555555555555555,0.018422125454099002,0.17796124644732128,14,4,162,0.29475400726558404
relation_binding,B3_primary,qwen3.8-27b,CALL-ALL_BIND_T,contrast_complete,180,0.009722222222216666,0.6110825562475332,0.04617806149966665,9,7,164,1.0
relation_binding,B3_primary,qwen3.8-27b,CALL-ALL_BIND_T,timeout_zero,180,0.009722222222216666,0.6110825562475332,0.04617806149966665,9,7,164,1.0
relation_binding,B3_primary,gemma-4-26b-a4b,CALL-ALL_BIND_T,contrast_complete,180,0.008333333333333333,0.7551650502447069,0.03484562929385187,6,5,169,1.0
relation_binding,B3_primary,gemma-4-26b-a4b,CALL-ALL_BIND_T,timeout_zero,180,0.008333333333333333,0.7551650502447069,0.03484562929385187,6,5,169,1.0
relation_binding,B3_primary,qwen3.8-27b,DEPLOY-ALL_BIND_T,contrast_complete,180,0.025462962962955554,0.24213601598052437,0.09002267082831114,22,15,143,1.0
relation_binding,B3_primary,qwen3.8-27b,DEPLOY-ALL_BIND_T,timeout_zero,180,0.025462962962955554,0.24213601598052437,0.09002267082831114,22,15,143,1.0
relation_binding,B3_primary,gemma-4-26b-a4b,DEPLOY-ALL_BIND_T,contrast_complete,180,0.019444444444444445,0.4582947872941826,0.06467057194040379,10,7,163,1.0
relation_binding,B3_primary,gemma-4-26b-a4b,DEPLOY-ALL_BIND_T,timeout_zero,180,0.019444444444444445,0.4582947872941826,0.06467057194040379,10,7,163,1.0
relation_binding,B3_binding,qwen3.8-27b,ALL_BIND-ID_T,contrast_complete,179,-0.009031657355681566,0.6345382311992017,-0.04796877292011451,8,10,161,1.0
relation_binding,B3_binding,qwen3.8-27b,ALL_BIND-ID_T,timeout_zero,180,-0.003425925925927779,0.8228015803521942,-0.016938367245916602,9,10,161,1.0
relation_binding,B3_binding,gemma-4-26b-a4b,ALL_BIND-ID_T,contrast_complete,180,0.013888888888888888,0.32008360879711206,0.06483102571585295,6,3,171,1.0
relation_binding,B3_binding,gemma-4-26b-a4b,ALL_BIND-ID_T,timeout_zero,180,0.013888888888888888,0.32008360879711206,0.06483102571585295,6,3,171,1.0
relation_binding,B3_binding,qwen3.8-27b,CALL_BIND-ID_T,contrast_complete,180,0.005555555555555556,0.31731050786291415,0.074535599249993,1,0,179,1.0
relation_binding,B3_binding,qwen3.8-27b,CALL_BIND-ID_T,timeout_zero,180,0.005555555555555556,0.31731050786291415,0.074535599249993,1,0,179,1.0
relation_binding,B3_binding,gemma-4-26b-a4b,CALL_BIND-ID_T,contrast_complete,180,0.0,1.0,,0,0,180,1.0
relation_binding,B3_binding,gemma-4-26b-a4b,CALL_BIND-ID_T,timeout_zero,180,0.0,1.0,,0,0,180,1.0
relation_binding,B3_binding,qwen3.8-27b,DEPLOY_BIND-ID_T,contrast_complete,177,-0.01883239171374576,0.22053311688617672,-0.09152741599665705,6,11,160,1.0
relation_binding,B3_binding,qwen3.8-27b,DEPLOY_BIND-ID_T,timeout_zero,180,-0.007407407407405555,0.4957320315073922,-0.03214691123976391,8,11,161,1.0
relation_binding,B3_binding,gemma-4-26b-a4b,DEPLOY_BIND-ID_T,contrast_complete,180,-0.022222222222222223,0.15729920705028502,-0.10570493405534791,2,6,172,1.0
relation_binding,B3_binding,gemma-4-26b-a4b,DEPLOY_BIND-ID_T,timeout_zero,180,-0.022222222222222223,0.15729920705028502,-0.10570493405534791,2,6,172,1.0
g_components,B1_primary,qwen3.8-27b,NO_RANK-FULL_G,contrast_complete,177,-0.014124293785316384,0.9141678412308482,-0.055008159002690335,13,12,152,1.0
g_components,B1_primary,qwen3.8-27b,NO_RANK-FULL_G,timeout_zero,180,-0.01944444444445,0.918940166876819,-0.07337363255597175,13,13,154,1.0
g_components,B1_primary,gemma-4-26b-a4b,NO_RANK-FULL_G,contrast_complete,180,0.0018518518518499999,0.9919069962711896,0.0066350127267290155,8,8,164,1.0
g_components,B1_primary,gemma-4-26b-a4b,NO_RANK-FULL_G,timeout_zero,180,0.0018518518518499999,0.9919069962711896,0.0066350127267290155,8,8,164,1.0
g_components,B1_primary,qwen3.8-27b,NO_SEVERITY-FULL_G,contrast_complete,176,0.025568181818176137,0.09857797940700107,0.14301636161754197,13,6,157,1.0
g_components,B1_primary,qwen3.8-27b,NO_SEVERITY-FULL_G,timeout_zero,180,0.019444444444438887,0.17035375474720438,0.10095525523446164,13,7,160,1.0
g_components,B1_primary,gemma-4-26b-a4b,NO_SEVERITY-FULL_G,contrast_complete,180,0.008333333333333333,0.7551650502447069,0.03484562929385187,6,5,169,1.0
g_components,B1_primary,gemma-4-26b-a4b,NO_SEVERITY-FULL_G,timeout_zero,180,0.008333333333333333,0.7551650502447069,0.03484562929385187,6,5,169,1.0
g_components,B1_primary,qwen3.8-27b,NO_ONSET-FULL_G,contrast_complete,179,-0.027001862197402235,0.25343361095878425,-0.12182500844345208,8,13,158,1.0
g_components,B1_primary,qwen3.8-27b,NO_ONSET-FULL_G,timeout_zero,180,-0.026851851851861112,0.25355647751043164,-0.12148299388393258,8,13,159,1.0
g_components,B1_primary,gemma-4-26b-a4b,NO_ONSET-FULL_G,contrast_complete,180,-0.000925925925927778,0.8373116996109372,-0.002878013999181593,10,11,159,1.0
g_components,B1_primary,gemma-4-26b-a4b,NO_ONSET-FULL_G,timeout_zero,180,-0.000925925925927778,0.8373116996109372,-0.002878013999181593,10,11,159,1.0
g_components,B1_primary,qwen3.8-27b,STRUCTURE-FULL_G,contrast_complete,178,-0.0044943820224775275,0.8759284001248544,-0.017604406180391646,14,13,151,1.0
g_components,B1_primary,qwen3.8-27b,STRUCTURE-FULL_G,timeout_zero,180,-0.00444444444445,0.8755844382003901,-0.017506849886514686,14,13,153,1.0
g_components,B1_primary,gemma-4-26b-a4b,STRUCTURE-FULL_G,contrast_complete,180,0.034259259259255555,0.12813774922863658,0.12431576790213386,11,5,164,1.0
g_components,B1_primary,gemma-4-26b-a4b,STRUCTURE-FULL_G,timeout_zero,180,0.034259259259255555,0.12813774922863658,0.12431576790213386,11,5,164,1.0
g_components,B1_primary,qwen3.8-27b,NO_CALLS-FULL_G,contrast_complete,178,-0.009831460674162922,0.8241063949027553,-0.038471674909711484,15,16,147,1.0
g_components,B1_primary,qwen3.8-27b,NO_CALLS-FULL_G,timeout_zero,180,-0.009722222222227779,0.8245054931293984,-0.038258230780548796,15,16,149,1.0
g_components,B1_primary,gemma-4-26b-a4b,NO_CALLS-FULL_G,contrast_complete,180,0.0,0.7962532881949457,0.0,6,7,167,1.0
g_components,B1_primary,gemma-4-26b-a4b,NO_CALLS-FULL_G,timeout_zero,180,0.0,0.7962532881949457,0.0,6,7,167,1.0
scope_competition,B2_primary,qwen3.8-27b,HOST_average_G,contrast_complete,175,0.0040476190476171426,0.13820786530183893,0.04916308912046899,8,3,164,1.0
scope_competition,B2_primary,qwen3.8-27b,HOST_average_G,timeout_zero,180,0.006712962962961111,0.11373251607361935,0.0721588830270582,10,4,166,1.0
scope_competition,B2_primary,gemma-4-26b-a4b,HOST_average_G,contrast_complete,180,0.0037037037037055557,0.18218236357113837,0.06144732602355285,4,1,175,1.0
scope_competition,B2_primary,gemma-4-26b-a4b,HOST_average_G,timeout_zero,180,0.0037037037037055557,0.18218236357113837,0.06144732602355285,4,1,175,1.0
scope_competition,B2_primary,qwen3.8-27b,PEER_average_G,contrast_complete,175,0.005000000000005715,0.8299933165546904,0.026823259719000632,12,11,152,1.0
scope_competition,B2_primary,qwen3.8-27b,PEER_average_G,timeout_zero,180,0.0048611111111166675,0.9757367915590149,0.02566596265469535,13,13,154,1.0
scope_competition,B2_primary,gemma-4-26b-a4b,PEER_average_G,contrast_complete,180,-0.006481481481483333,0.7038883306951859,-0.053317554984758514,3,4,173,1.0
scope_competition,B2_primary,gemma-4-26b-a4b,PEER_average_G,timeout_zero,180,-0.006481481481483333,0.7038883306951859,-0.053317554984758514,3,4,173,1.0
scope_competition,B2_primary,qwen3.8-27b,HOST_PEER_interaction_G,contrast_complete,175,-0.007142857142862858,0.5235123081667712,-0.04884962348155021,4,6,165,1.0
scope_competition,B2_primary,qwen3.8-27b,HOST_PEER_interaction_G,timeout_zero,180,-0.018055555555561112,0.3938834555232045,-0.0902117425643643,5,8,167,1.0
scope_competition,B2_primary,gemma-4-26b-a4b,HOST_PEER_interaction_G,contrast_complete,180,-0.0018518518518499999,0.9963299194985955,-0.009636421849256095,3,3,174,1.0
scope_competition,B2_primary,gemma-4-26b-a4b,HOST_PEER_interaction_G,timeout_zero,180,-0.0018518518518499999,0.9963299194985955,-0.009636421849256095,3,3,174,1.0
scope_competition,B2_primary,qwen3.8-27b,DEDUP_minus_HP_G,contrast_complete,178,0.0014044943820224719,0.4858502934938522,0.010582521741015176,5,3,170,1.0
scope_competition,B2_primary,qwen3.8-27b,DEDUP_minus_HP_G,timeout_zero,180,0.001388888888888889,0.5377848280222254,0.008214029410318182,6,4,170,1.0
scope_competition,B2_primary,gemma-4-26b-a4b,DEDUP_minus_HP_G,contrast_complete,180,0.002777777777777778,0.9955301344712193,0.020619358616142867,2,2,176,1.0
scope_competition,B2_primary,gemma-4-26b-a4b,DEDUP_minus_HP_G,timeout_zero,180,0.002777777777777778,0.9955301344712193,0.020619358616142867,2,2,176,1.0
relation_binding,B3_primary,qwen3.8-27b,CALL-ALL_ID_G,contrast_complete,177,0.0028248587570677973,0.48568272236736887,0.0136729274631358,10,7,160,1.0
relation_binding,B3_primary,qwen3.8-27b,CALL-ALL_ID_G,timeout_zero,180,0.0027777777777833338,0.5128576532930542,0.012049712356964545,11,8,161,1.0
relation_binding,B3_primary,gemma-4-26b-a4b,CALL-ALL_ID_G,contrast_complete,180,-0.005555555555555556,0.5637028616507731,-0.04295323522633642,1,2,177,1.0
relation_binding,B3_primary,gemma-4-26b-a4b,CALL-ALL_ID_G,timeout_zero,180,-0.005555555555555556,0.5637028616507731,-0.04295323522633642,1,2,177,1.0
relation_binding,B3_primary,qwen3.8-27b,DEPLOY-ALL_ID_G,contrast_complete,178,-0.023408239700370786,0.4431554155128188,-0.0848478419770692,14,18,146,1.0
relation_binding,B3_primary,qwen3.8-27b,DEPLOY-ALL_ID_G,timeout_zero,180,-0.023148148148144445,0.4578164009989232,-0.07873278112130168,15,19,146,1.0
relation_binding,B3_primary,gemma-4-26b-a4b,DEPLOY-ALL_ID_G,contrast_complete,180,0.005555555555555556,0.6547208460185769,0.033259094191428445,3,2,175,1.0
relation_binding,B3_primary,gemma-4-26b-a4b,DEPLOY-ALL_ID_G,timeout_zero,180,0.005555555555555556,0.6547208460185769,0.033259094191428445,3,2,175,1.0
relation_binding,B3_primary,qwen3.8-27b,CALL-ALL_BIND_G,contrast_complete,178,0.011704119850191012,0.43515139627529564,0.05857898312867362,9,6,163,1.0
relation_binding,B3_primary,qwen3.8-27b,CALL-ALL_BIND_G,timeout_zero,180,0.015277777777783334,0.4541713641358811,0.0715580104877682,10,7,163,1.0
relation_binding,B3_primary,gemma-4-26b-a4b,CALL-ALL_BIND_G,contrast_complete,180,-0.022222222222222223,0.24821307898992373,-0.08614654489500204,4,8,168,1.0
relation_binding,B3_primary,gemma-4-26b-a4b,CALL-ALL_BIND_G,timeout_zero,180,-0.022222222222222223,0.24821307898992373,-0.08614654489500204,4,8,168,1.0
relation_binding,B3_primary,qwen3.8-27b,DEPLOY-ALL_BIND_G,contrast_complete,178,-0.007958801498123596,0.8018057415883214,-0.03647688798948999,9,10,159,1.0
relation_binding,B3_primary,qwen3.8-27b,DEPLOY-ALL_BIND_G,timeout_zero,180,-0.0023148148148111106,0.9905876283653704,-0.010081762904242354,10,10,160,1.0
relation_binding,B3_primary,gemma-4-26b-a4b,DEPLOY-ALL_BIND_G,contrast_complete,180,-0.0037037037037055557,0.7888740276588927,-0.014048115969877114,6,7,167,1.0
relation_binding,B3_primary,gemma-4-26b-a4b,DEPLOY-ALL_BIND_G,timeout_zero,180,-0.0037037037037055557,0.7888740276588927,-0.014048115969877114,6,7,167,1.0
relation_binding,B3_binding,qwen3.8-27b,ALL_BIND-ID_G,contrast_complete,178,-0.012172284644196629,0.6226851426507087,-0.05666292329559953,8,10,160,1.0
relation_binding,B3_binding,qwen3.8-27b,ALL_BIND-ID_G,timeout_zero,180,-0.01203703703703889,0.640756019408412,-0.050503394084547196,9,11,160,1.0
relation_binding,B3_binding,gemma-4-26b-a4b,ALL_BIND-ID_G,contrast_complete,180,0.0,1.0,0.0,9,9,162,1.0
relation_binding,B3_binding,gemma-4-26b-a4b,ALL_BIND-ID_G,timeout_zero,180,0.0,1.0,0.0,9,9,162,1.0
relation_binding,B3_binding,qwen3.8-27b,CALL_BIND-ID_G,contrast_complete,177,-0.005178907721282486,0.662624655598407,-0.023335301547119564,9,11,157,1.0
relation_binding,B3_binding,qwen3.8-27b,CALL_BIND-ID_G,timeout_zero,180,0.00046296296296111095,0.8433871867343847,0.001991495448591831,10,11,159,1.0
relation_binding,B3_binding,gemma-4-26b-a4b,CALL_BIND-ID_G,contrast_complete,180,-0.016666666666666666,0.40538055645894233,-0.06196413349312519,5,8,167,1.0
relation_binding,B3_binding,gemma-4-26b-a4b,CALL_BIND-ID_G,timeout_zero,180,-0.016666666666666666,0.40538055645894233,-0.06196413349312519,5,8,167,1.0
relation_binding,B3_binding,qwen3.8-27b,DEPLOY_BIND-ID_G,contrast_complete,178,0.0032771535580505616,0.8329977168525624,0.013109747006484786,12,11,155,1.0
relation_binding,B3_binding,qwen3.8-27b,DEPLOY_BIND-ID_G,timeout_zero,180,0.008796296296294444,0.6753419239550877,0.03390459547777296,13,11,156,1.0
relation_binding,B3_binding,gemma-4-26b-a4b,DEPLOY_BIND-ID_G,contrast_complete,180,-0.009259259259261111,0.8081501282546633,-0.029121605746232515,9,10,161,1.0
relation_binding,B3_binding,gemma-4-26b-a4b,DEPLOY_BIND-ID_G,timeout_zero,180,-0.009259259259261111,0.8081501282546633,-0.029121605746232515,9,10,161,1.0
g_components,carrier_g_components,qwen3.8-27b,FULL_G-T,contrast_complete,175,0.08266666666669142,0.07804271723201461,0.18469449705687266,45,34,96,0.7804271723201461
g_components,carrier_g_components,qwen3.8-27b,FULL_G-T,timeout_zero,180,0.0998148148148389,0.027224073386003578,0.21804433531496792,49,34,97,0.3061760010142906
g_components,carrier_g_components,gemma-4-26b-a4b,FULL_G-T,contrast_complete,180,0.012962962962966666,0.9563369646492179,0.030567293200147005,18,19,143,1.0
g_components,carrier_g_components,gemma-4-26b-a4b,FULL_G-T,timeout_zero,180,0.012962962962966666,0.9563369646492179,0.030567293200147005,18,19,143,1.0
g_components,carrier_g_components,qwen3.8-27b,NO_RANK_G-T,contrast_complete,178,0.07378277153559551,0.043774693497232085,0.18013276737632966,44,29,105,0.48152162846955293
g_components,carrier_g_components,qwen3.8-27b,NO_RANK_G-T,timeout_zero,180,0.06740740740742222,0.06282545743343133,0.1623778562728501,44,30,106,0.6282545743343133
g_components,carrier_g_components,gemma-4-26b-a4b,NO_RANK_G-T,contrast_complete,180,0.014629629629633333,0.7215782595225007,0.03615546372535283,18,16,146,1.0
g_components,carrier_g_components,gemma-4-26b-a4b,NO_RANK_G-T,timeout_zero,180,0.014629629629633333,0.7215782595225007,0.03615546372535283,18,16,146,1.0
g_components,carrier_g_components,qwen3.8-27b,NO_SEVERITY_G-T,contrast_complete,173,0.10000000000001157,0.012142510128290596,0.23231890278311854,44,26,103,0.14571012153948715
g_components,carrier_g_components,qwen3.8-27b,NO_SEVERITY_G-T,timeout_zero,180,0.08870370370371666,0.025514666751190882,0.20567943834195926,44,28,108,0.3061760010142906
g_components,carrier_g_components,gemma-4-26b-a4b,NO_SEVERITY_G-T,contrast_complete,180,0.013703703703705555,0.9391886909400176,0.031161462004712127,19,19,142,1.0
g_components,carrier_g_components,gemma-4-26b-a4b,NO_SEVERITY_G-T,timeout_zero,180,0.013703703703705555,0.9391886909400176,0.031161462004712127,19,19,142,1.0
g_components,carrier_g_components,qwen3.8-27b,NO_ONSET_G-T,contrast_complete,180,0.006481481481488889,0.8012468060963824,0.016377871248965524,34,32,114,1.0
g_components,carrier_g_components,qwen3.8-27b,NO_ONSET_G-T,timeout_zero,180,0.006481481481488889,0.8012468060963824,0.016377871248965524,34,32,114,1.0
g_components,carrier_g_components,gemma-4-26b-a4b,NO_ONSET_G-T,contrast_complete,180,0.0125,0.824788052000218,0.03289961815629998,15,14,151,1.0
g_components,carrier_g_components,gemma-4-26b-a4b,NO_ONSET_G-T,timeout_zero,180,0.0125,0.824788052000218,0.03289961815629998,15,14,151,1.0
g_components,carrier_g_components,qwen3.8-27b,STRUCTURE_G-T,contrast_complete,178,0.04559925093633708,0.18590744102991041,0.12601357108280914,35,26,117,1.0
g_components,carrier_g_components,qwen3.8-27b,STRUCTURE_G-T,timeout_zero,180,0.0450925925926,0.18662241233745125,0.12530435710109175,35,26,119,1.0
g_components,carrier_g_components,gemma-4-26b-a4b,STRUCTURE_G-T,contrast_complete,180,0.016481481481477777,0.5269076708709071,0.04998206798715982,13,10,157,1.0
g_components,carrier_g_components,gemma-4-26b-a4b,STRUCTURE_G-T,timeout_zero,180,0.016481481481477777,0.5269076708709071,0.04998206798715982,13,10,157,1.0
g_components,carrier_g_components,qwen3.8-27b,NO_CALLS_G-T,contrast_complete,179,0.05074487895718436,0.18253371447148392,0.12686984333674015,36,27,116,1.0
g_components,carrier_g_components,qwen3.8-27b,NO_CALLS_G-T,timeout_zero,180,0.05046296296297778,0.18294911926341317,0.12651322243558583,36,27,117,1.0
g_components,carrier_g_components,gemma-4-26b-a4b,NO_CALLS_G-T,contrast_complete,180,-0.006481481481477778,0.5104015990321077,-0.017018037483410492,13,17,150,1.0
g_components,carrier_g_components,gemma-4-26b-a4b,NO_CALLS_G-T,timeout_zero,180,-0.006481481481477778,0.5104015990321077,-0.017018037483410492,13,17,150,1.0
scope_competition,carrier_scope_competition,qwen3.8-27b,ANCHOR_G-T,contrast_complete,178,0.06507490636705056,0.18301094837633614,0.16022363261970926,38,30,110,1.0
scope_competition,carrier_scope_competition,qwen3.8-27b,ANCHOR_G-T,timeout_zero,180,0.06435185185186111,0.18457608533676761,0.1593131678174055,38,30,112,1.0
scope_competition,carrier_scope_competition,gemma-4-26b-a4b,ANCHOR_G-T,contrast_complete,180,-0.008333333333333333,0.8294139255246087,-0.02264651391024621,12,13,155,1.0
scope_competition,carrier_scope_competition,gemma-4-26b-a4b,ANCHOR_G-T,timeout_zero,180,-0.008333333333333333,0.8294139255246087,-0.02264651391024621,12,13,155,1.0
scope_competition,carrier_scope_competition,qwen3.8-27b,HOST_G-T,contrast_complete,180,0.06620370370371667,0.09017504771800108,0.15952478969015635,42,30,108,0.6312253340260076
scope_competition,carrier_scope_competition,qwen3.8-27b,HOST_G-T,timeout_zero,180,0.06620370370371667,0.09017504771800108,0.15952478969015635,42,30,108,0.6312253340260076
scope_competition,carrier_scope_competition,gemma-4-26b-a4b,HOST_G-T,contrast_complete,180,0.012962962962961112,0.49207095833555436,0.033023785955565044,17,13,150,1.0
scope_competition,carrier_scope_competition,gemma-4-26b-a4b,HOST_G-T,timeout_zero,180,0.012962962962961112,0.49207095833555436,0.033023785955565044,17,13,150,1.0
scope_competition,carrier_scope_competition,qwen3.8-27b,PEER_G-T,contrast_complete,177,0.08615819209041808,0.02441883518353449,0.1941358387416262,45,28,104,0.2197695166518104
scope_competition,carrier_scope_competition,qwen3.8-27b,PEER_G-T,timeout_zero,180,0.08472222222224444,0.027029020160221618,0.18714009686484684,46,29,105,0.24326118144199457
scope_competition,carrier_scope_competition,gemma-4-26b-a4b,PEER_G-T,contrast_complete,180,-0.002777777777777778,0.9873233731829694,-0.007119538278152196,14,14,152,1.0
scope_competition,carrier_scope_competition,gemma-4-26b-a4b,PEER_G-T,timeout_zero,180,-0.002777777777777778,0.9873233731829694,-0.007119538278152196,14,14,152,1.0
scope_competition,carrier_scope_competition,qwen3.8-27b,HOST_PEER_G-T,contrast_complete,178,0.06928838951312921,0.02730251177821407,0.16804934234143004,41,24,113,0.2197695166518104
scope_competition,carrier_scope_competition,qwen3.8-27b,HOST_PEER_G-T,timeout_zero,180,0.06851851851853889,0.030510482816127896,0.1618028396802124,42,25,113,0.24408386252902317
scope_competition,carrier_scope_competition,gemma-4-26b-a4b,HOST_PEER_G-T,contrast_complete,180,0.0,1.0,0.0,13,13,154,1.0
scope_competition,carrier_scope_competition,gemma-4-26b-a4b,HOST_PEER_G-T,timeout_zero,180,0.0,1.0,0.0,13,13,154,1.0
scope_competition,carrier_scope_competition,qwen3.8-27b,HP_DEDUP_G-T,contrast_complete,177,0.08333333333335029,0.003883289351041114,0.20608503698972516,44,21,112,0.03883289351041114
scope_competition,carrier_scope_competition,qwen3.8-27b,HP_DEDUP_G-T,timeout_zero,180,0.08194444444446111,0.004674749175241297,0.19755267412748181,45,22,113,0.04674749175241297
scope_competition,carrier_scope_competition,gemma-4-26b-a4b,HP_DEDUP_G-T,contrast_complete,180,-0.002777777777777778,0.9884027100231512,-0.007707712522813474,12,12,156,1.0
scope_competition,carrier_scope_competition,gemma-4-26b-a4b,HP_DEDUP_G-T,timeout_zero,180,-0.002777777777777778,0.9884027100231512,-0.007707712522813474,12,12,156,1.0
relation_binding,carrier_relation_binding,qwen3.8-27b,ALL_ID_G-T,contrast_complete,178,0.06676029962547753,0.1422523717784637,0.1573713187525994,40,31,107,0.4873261746020243
relation_binding,carrier_relation_binding,qwen3.8-27b,ALL_ID_G-T,timeout_zero,180,0.06601851851852779,0.1487832219033651,0.15178654156431637,41,32,107,0.5951328876134604
relation_binding,carrier_relation_binding,gemma-4-26b-a4b,ALL_ID_G-T,contrast_complete,180,0.10555555555555556,0.0037618231327943806,0.22056932224902265,31,12,137,0.04514187759353257
relation_binding,carrier_relation_binding,gemma-4-26b-a4b,ALL_ID_G-T,timeout_zero,180,0.10555555555555556,0.0037618231327943806,0.22056932224902265,31,12,137,0.04514187759353257
relation_binding,carrier_relation_binding,qwen3.8-27b,ALL_BIND_G-T,contrast_complete,179,0.06331471135941341,0.12183154365050608,0.13930811442434352,44,33,102,0.4873261746020243
relation_binding,carrier_relation_binding,qwen3.8-27b,ALL_BIND_G-T,timeout_zero,180,0.05740740740741667,0.16123774584102812,0.12477153572764274,44,34,102,0.5951328876134604
relation_binding,carrier_relation_binding,gemma-4-26b-a4b,ALL_BIND_G-T,contrast_complete,180,0.09166666666666666,0.014683077238710965,0.18983432332905412,30,14,136,0.1615138496258206
relation_binding,carrier_relation_binding,gemma-4-26b-a4b,ALL_BIND_G-T,timeout_zero,180,0.09166666666666666,0.014683077238710965,0.18983432332905412,30,14,136,0.1615138496258206
relation_binding,carrier_relation_binding,qwen3.8-27b,CALL_ID_G-T,contrast_complete,178,0.07443820224721348,0.041856992284930554,0.17165691901208038,44,29,105,0.33485593827944443
relation_binding,carrier_relation_binding,qwen3.8-27b,CALL_ID_G-T,timeout_zero,180,0.06805555555557778,0.060378855796350835,0.15515882440979148,44,30,106,0.4702537708428709
relation_binding,carrier_relation_binding,gemma-4-26b-a4b,CALL_ID_G-T,contrast_complete,180,0.07777777777777778,0.023140931308743732,0.1712787507609694,26,12,142,0.2314093130874373
relation_binding,carrier_relation_binding,gemma-4-26b-a4b,CALL_ID_G-T,timeout_zero,180,0.07777777777777778,0.023140931308743732,0.1712787507609694,26,12,142,0.2314093130874373
relation_binding,carrier_relation_binding,qwen3.8-27b,CALL_BIND_G-T,contrast_complete,179,0.06890130353819553,0.0738257286739568,0.1547147299875405,44,31,104,0.4429543720437408
relation_binding,carrier_relation_binding,qwen3.8-27b,CALL_BIND_G-T,timeout_zero,180,0.06296296296298333,0.10160282052873802,0.13954917410807943,44,32,104,0.5148766839033129
relation_binding,carrier_relation_binding,gemma-4-26b-a4b,CALL_BIND_G-T,contrast_complete,180,0.06111111111111111,0.08581278065055215,0.12874920317766567,26,15,139,0.4429543720437408
relation_binding,carrier_relation_binding,gemma-4-26b-a4b,CALL_BIND_G-T,timeout_zero,180,0.06111111111111111,0.08581278065055215,0.12874920317766567,26,15,139,0.5148766839033129
relation_binding,carrier_relation_binding,qwen3.8-27b,DEPLOY_ID_G-T,contrast_complete,176,0.01657196969699432,0.6303849072057799,0.041783556123456606,35,32,109,0.7275793156193708
relation_binding,carrier_relation_binding,qwen3.8-27b,DEPLOY_ID_G-T,timeout_zero,180,0.013425925925950002,0.6529668816519731,0.033474969708110223,36,33,111,0.7283911903947828
relation_binding,carrier_relation_binding,gemma-4-26b-a4b,DEPLOY_ID_G-T,contrast_complete,180,0.05555555555555555,0.05878172135535886,0.1418818323147141,19,9,152,0.41147204948751204
relation_binding,carrier_relation_binding,gemma-4-26b-a4b,DEPLOY_ID_G-T,timeout_zero,180,0.05555555555555555,0.05878172135535886,0.1418818323147141,19,9,152,0.4702537708428709
relation_binding,carrier_relation_binding,qwen3.8-27b,DEPLOY_BIND_G-T,contrast_complete,179,0.029795158286798885,0.3637896578096854,0.06735911859337483,43,36,100,0.7275793156193708
relation_binding,carrier_relation_binding,qwen3.8-27b,DEPLOY_BIND_G-T,timeout_zero,180,0.029629629629650003,0.3641955951973914,0.06717194622247794,43,36,101,0.7283911903947828
relation_binding,carrier_relation_binding,gemma-4-26b-a4b,DEPLOY_BIND_G-T,contrast_complete,180,0.06851851851851666,0.028841625524241826,0.15894024048477404,24,11,145,0.25957462971817646
relation_binding,carrier_relation_binding,gemma-4-26b-a4b,DEPLOY_BIND_G-T,timeout_zero,180,0.06851851851851666,0.028841625524241826,0.15894024048477404,24,11,145,0.25957462971817646
scope_competition,B2_conditional,qwen3.8-27b,HOST-ANCHOR_T,contrast_complete,180,0.013888888888888888,0.2355292963914013,0.05911161365369162,15,9,156,1.0
scope_competition,B2_conditional,qwen3.8-27b,HOST-ANCHOR_T,timeout_zero,180,0.013888888888888888,0.2355292963914013,0.05911161365369162,15,9,156,1.0
scope_competition,B2_conditional,gemma-4-26b-a4b,HOST-ANCHOR_T,contrast_complete,180,-0.016666666666666666,0.17971249487899976,-0.10022421552811829,1,4,175,1.0
scope_competition,B2_conditional,gemma-4-26b-a4b,HOST-ANCHOR_T,timeout_zero,180,-0.016666666666666666,0.17971249487899976,-0.10022421552811829,1,4,175,1.0
scope_competition,B2_conditional,qwen3.8-27b,PEER-ANCHOR_T,contrast_complete,179,-0.0009310986964692744,0.6062688819282246,-0.003370582964332397,15,12,152,1.0
scope_competition,B2_conditional,qwen3.8-27b,PEER-ANCHOR_T,timeout_zero,180,-0.006481481481488889,0.7594957601884862,-0.02271355028545543,15,13,152,1.0
scope_competition,B2_conditional,gemma-4-26b-a4b,PEER-ANCHOR_T,contrast_complete,180,-0.011111111111111112,0.31731050786291415,-0.074535599249993,1,3,176,1.0
scope_competition,B2_conditional,gemma-4-26b-a4b,PEER-ANCHOR_T,timeout_zero,180,-0.011111111111111112,0.31731050786291415,-0.074535599249993,1,3,176,1.0
scope_competition,B2_conditional,qwen3.8-27b,HOST_PEER-PEER_T,contrast_complete,178,0.008426966292134831,0.9719368202538364,0.04001892057938316,8,8,162,1.0
scope_competition,B2_conditional,qwen3.8-27b,HOST_PEER-PEER_T,timeout_zero,180,0.013888888888888888,0.7747665917420745,0.06254642475461372,9,8,163,1.0
scope_competition,B2_conditional,gemma-4-26b-a4b,HOST_PEER-PEER_T,contrast_complete,180,0.0,1.0,0.0,1,1,178,1.0
scope_competition,B2_conditional,gemma-4-26b-a4b,HOST_PEER-PEER_T,timeout_zero,180,0.0,1.0,0.0,1,1,178,1.0
scope_competition,B2_conditional,qwen3.8-27b,HOST_PEER-HOST_T,contrast_complete,179,-0.0065176908752402245,0.8458061545763614,-0.02219217979007587,14,15,150,1.0
scope_competition,B2_conditional,qwen3.8-27b,HOST_PEER-HOST_T,timeout_zero,180,-0.006481481481488889,0.8458464436811992,-0.0221307638977136,14,15,151,1.0
scope_competition,B2_conditional,gemma-4-26b-a4b,HOST_PEER-HOST_T,contrast_complete,180,0.005555555555555556,0.6547208460185769,0.033259094191428445,3,2,175,1.0
scope_competition,B2_conditional,gemma-4-26b-a4b,HOST_PEER-HOST_T,timeout_zero,180,0.005555555555555556,0.6547208460185769,0.033259094191428445,3,2,175,1.0
scope_competition,B2_conditional,qwen3.8-27b,HOST_PEER-ANCHOR_T,contrast_complete,179,0.00744878957168715,0.5413264059033526,0.023394283939233085,20,16,143,1.0
scope_competition,B2_conditional,qwen3.8-27b,HOST_PEER-ANCHOR_T,timeout_zero,180,0.0074074074073999996,0.5410945743137124,0.02332953770472735,20,16,144,1.0
scope_competition,B2_conditional,gemma-4-26b-a4b,HOST_PEER-ANCHOR_T,contrast_complete,180,-0.011111111111111112,0.15729920705028516,-0.10570493405534788,0,2,178,1.0
scope_competition,B2_conditional,gemma-4-26b-a4b,HOST_PEER-ANCHOR_T,timeout_zero,180,-0.011111111111111112,0.15729920705028516,-0.10570493405534788,0,2,178,1.0
scope_competition,B2_conditional,qwen3.8-27b,HOST-ANCHOR_G,contrast_complete,178,0.01029962546816854,0.06055059627349571,0.08748412115016405,6,1,171,1.0
scope_competition,B2_conditional,qwen3.8-27b,HOST-ANCHOR_G,timeout_zero,180,0.015740740740744445,0.034931887601409334,0.11375097511052404,7,1,172,0.6986377520281867
scope_competition,B2_conditional,gemma-4-26b-a4b,HOST-ANCHOR_G,contrast_complete,180,0.0046296296296277776,0.3200378018168565,0.0403431363287994,3,1,176,1.0
scope_competition,B2_conditional,gemma-4-26b-a4b,HOST-ANCHOR_G,timeout_zero,180,0.0046296296296277776,0.3200378018168565,0.0403431363287994,3,1,176,1.0
scope_competition,B2_conditional,qwen3.8-27b,PEER-ANCHOR_G,contrast_complete,176,0.011363636363642045,0.3431065384024601,0.05850454715014446,11,7,158,1.0
scope_competition,B2_conditional,qwen3.8-27b,PEER-ANCHOR_G,timeout_zero,180,0.013888888888894444,0.3643559023617542,0.06636334896033773,12,8,160,1.0
scope_competition,B2_conditional,gemma-4-26b-a4b,PEER-ANCHOR_G,contrast_complete,180,-0.005555555555555556,0.5637028616507731,-0.04295323522633642,1,2,177,1.0
scope_competition,B2_conditional,gemma-4-26b-a4b,PEER-ANCHOR_G,timeout_zero,180,-0.005555555555555556,0.5637028616507731,-0.04295323522633642,1,2,177,1.0
scope_competition,B2_conditional,qwen3.8-27b,HOST_PEER-PEER_G,contrast_complete,177,0.00047080979284180776,0.42095161292274863,0.004408982664660421,4,2,171,1.0
scope_competition,B2_conditional,qwen3.8-27b,HOST_PEER-PEER_G,timeout_zero,180,-0.002314814814816667,0.493325620451712,-0.017163344059405047,5,3,172,1.0
scope_competition,B2_conditional,gemma-4-26b-a4b,HOST_PEER-PEER_G,contrast_complete,180,0.002777777777777778,0.5658863504680408,0.02478373966884532,2,1,177,1.0
scope_competition,B2_conditional,gemma-4-26b-a4b,HOST_PEER-PEER_G,timeout_zero,180,0.002777777777777778,0.5658863504680408,0.02478373966884532,2,1,177,1.0
scope_competition,B2_conditional,qwen3.8-27b,HOST_PEER-HOST_G,contrast_complete,179,0.0013966480446927375,0.9894795145024687,0.006763603390745206,10,10,159,1.0
scope_competition,B2_conditional,qwen3.8-27b,HOST_PEER-HOST_G,timeout_zero,180,-0.004166666666666667,0.8293497706042249,-0.019023511222074053,10,11,159,1.0
scope_competition,B2_conditional,gemma-4-26b-a4b,HOST_PEER-HOST_G,contrast_complete,180,-0.007407407407405555,0.48202080116541157,-0.041874618827005,3,5,172,1.0
scope_competition,B2_conditional,gemma-4-26b-a4b,HOST_PEER-HOST_G,timeout_zero,180,-0.007407407407405555,0.48202080116541157,-0.041874618827005,3,5,172,1.0
scope_competition,B2_conditional,qwen3.8-27b,HOST_PEER-ANCHOR_G,contrast_complete,177,0.0089453860640339,0.3954734575873723,0.04092339810368798,13,9,155,1.0
scope_competition,B2_conditional,qwen3.8-27b,HOST_PEER-ANCHOR_G,timeout_zero,180,0.011574074074077779,0.41108725875627883,0.04984945361607258,14,10,156,1.0
scope_competition,B2_conditional,gemma-4-26b-a4b,HOST_PEER-ANCHOR_G,contrast_complete,180,-0.002777777777777778,0.9955301344712193,-0.020619358616142863,2,2,176,1.0
scope_competition,B2_conditional,gemma-4-26b-a4b,HOST_PEER-ANCHOR_G,timeout_zero,180,-0.002777777777777778,0.9955301344712193,-0.020619358616142863,2,2,176,1.0
