family,model,status,model_status,0
g_components,gemma-4-26b-a4b,done,complete,2159
g_components,gemma-4-26b-a4b,done,model_failure,1
g_components,qwen3.8-27b,done,complete,2139
g_components,qwen3.8-27b,done,model_failure,4
g_components,qwen3.8-27b,fail,,17
relation_binding,gemma-4-26b-a4b,done,complete,2160
relation_binding,qwen3.8-27b,done,complete,2148
relation_binding,qwen3.8-27b,done,model_failure,1
relation_binding,qwen3.8-27b,fail,,11
scope_competition,gemma-4-26b-a4b,done,complete,1800
scope_competition,qwen3.8-27b,done,complete,1790
scope_competition,qwen3.8-27b,fail,,10
