model,baseline,axis,stratum,new_mean,old_mean,repair,break,n,delta,p,dz,holm_p
qwen3.8-27b,TPV_REF,dataset,aegislab,0.6101694915254238,0.5677966101694916,4,1,59,0.04237288135594915,0.4617231538503407,0.15852164408242161,1.0
qwen3.8-27b,TPV_REF,dataset,aiops2022,0.37134502923976603,0.26169590643274854,7,0,57,0.10964912280701754,0.03640320285487815,0.3274314296489966,0.8008704628073193
qwen3.8-27b,TPV_REF,dataset,aiops2025,0.44774011299435024,0.36723163841807904,6,0,59,0.08050847457627118,0.019481341912939508,0.3060542350198553,0.4675522059105482
qwen3.8-27b,TPV_REF,level,node,0.3055555555555556,0.22916666666666666,3,0,24,0.076388888888875,0.39411871221154826,0.22208778248191016,1.0
qwen3.8-27b,TPV_REF,level,pod,0.5555555555555556,0.24206349206349204,6,0,21,0.3134920634920476,0.0018161144024759072,0.7778364037969541,0.05811566087922903
qwen3.8-27b,TPV_REF,level,pod/service,0.18888888888888886,0.16666666666666666,0,0,15,0.022222222222266667,0.15729920705028502,0.3789323733725368,1.0
qwen3.8-27b,TPV_REF,level,service,0.5369565217391304,0.4956521739130435,8,1,115,0.041304347826095655,0.24494220108164444,0.1645175296567363,1.0
qwen3.8-27b,TPV_REF,fault_type,ContainerKill,1.0,0.6,2,0,5,0.4,0.5,0.7302967433402214,1.0
qwen3.8-27b,TPV_REF,fault_type,HTTPRequestAbort,0.1,0.16666666666666666,0,0,5,-0.06666666666660001,1.0,-0.4472135954999579,1.0
qwen3.8-27b,TPV_REF,fault_type,HTTPRequestDelay,0.6,0.5,0,0,5,0.1,1.0,0.4472135954999579,1.0
qwen3.8-27b,TPV_REF,fault_type,HTTPRequestReplaceMethod,0.6875,0.6041666666666666,1,0,8,0.083333333333375,1.0,0.3535533905932738,1.0
qwen3.8-27b,TPV_REF,fault_type,HTTPResponseDelay,0.5,0.5,0,1,5,0.0,1.0,0.0,1.0
qwen3.8-27b,TPV_REF,fault_type,HTTPResponseReplaceBody,0.0,0.0,0,0,1,0.0,1.0,,1.0
qwen3.8-27b,TPV_REF,fault_type,HTTPResponseReplaceCode,0.375,0.29166666666666663,1,0,8,0.083333333333375,1.0,0.3535533905932738,1.0
qwen3.8-27b,TPV_REF,fault_type,JVMException,1.0,1.0,0,0,3,0.0,1.0,,1.0
qwen3.8-27b,TPV_REF,fault_type,JVMLatency,1.0,1.0,0,0,1,0.0,1.0,,1.0
qwen3.8-27b,TPV_REF,fault_type,JVMMemoryStress,0.5555555555555556,0.6666666666666666,0,0,9,-0.1111111111111111,0.5,-0.5039526306789696,1.0
qwen3.8-27b,TPV_REF,fault_type,NetworkBandwidth,1.0,1.0,0,0,2,0.0,1.0,,1.0
qwen3.8-27b,TPV_REF,fault_type,NetworkCorrupt,1.0,1.0,0,0,2,0.0,1.0,,1.0
qwen3.8-27b,TPV_REF,fault_type,NetworkLoss,1.0,1.0,0,0,1,0.0,1.0,,1.0
qwen3.8-27b,TPV_REF,fault_type,NetworkPartition,0.6666666666666666,0.6666666666666666,0,0,3,0.0,1.0,,1.0
qwen3.8-27b,TPV_REF,fault_type,PodKill,0.5,0.5,0,0,1,0.0,1.0,,1.0
qwen3.8-27b,TPV_REF,fault_type,cpu stress,0.4666666666666666,0.3,1,0,5,0.1666666666666,0.5,0.7071067811864414,1.0
qwen3.8-27b,TPV_REF,fault_type,dns error,0.125,0.125,0,0,4,0.0,1.0,,1.0
qwen3.8-27b,TPV_REF,fault_type,io fault,0.75,0.8333333333333334,0,0,3,-0.08333333333333333,1.0,-0.5773502691896256,1.0
qwen3.8-27b,TPV_REF,fault_type,jvm cpu,1.0,1.0,0,0,3,0.0,1.0,,1.0
qwen3.8-27b,TPV_REF,fault_type,jvm exception,0.4,0.3,1,0,5,0.1,1.0,0.4472135954999579,1.0
qwen3.8-27b,TPV_REF,fault_type,jvm gc,0.0,0.0,0,0,1,0.0,1.0,,1.0
qwen3.8-27b,TPV_REF,fault_type,jvm latency,0.4444444444444444,0.4444444444444444,0,0,3,0.0,1.0,,1.0
qwen3.8-27b,TPV_REF,fault_type,k8s容器cpu负载,0.8,0.4,2,0,5,0.4,0.5,0.7302967433402214,1.0
qwen3.8-27b,TPV_REF,fault_type,k8s容器内存负载,0.4444444444444444,0.08333333333333333,2,0,6,0.36111111111099997,0.125,0.9722089058422165,1.0
qwen3.8-27b,TPV_REF,fault_type,k8s容器写io负载,1.0,1.0,0,0,2,0.0,1.0,,1.0
qwen3.8-27b,TPV_REF,fault_type,k8s容器网络丢包,0.0,0.0,0,0,3,0.0,1.0,,1.0
qwen3.8-27b,TPV_REF,fault_type,k8s容器网络延迟,0.375,0.34375,1,0,8,0.03125,1.0,0.07238453535171606,1.0
qwen3.8-27b,TPV_REF,fault_type,k8s容器网络资源包损坏,0.5,0.25,2,0,6,0.25,0.5,0.5,1.0
qwen3.8-27b,TPV_REF,fault_type,k8s容器网络资源包重复发送,0.2,0.2,0,0,5,0.0,1.0,,1.0
qwen3.8-27b,TPV_REF,fault_type,k8s容器读io负载,0.5,0.3333333333333333,0,0,4,0.16666666666675,0.5,0.7071067811869011,1.0
qwen3.8-27b,TPV_REF,fault_type,k8s容器进程中止,0.16666666666666666,0.1111111111111111,0,0,3,0.055555555555666665,1.0,0.5773502691896257,1.0
qwen3.8-27b,TPV_REF,fault_type,memory stress,0.125,0.08333333333333333,0,0,4,0.04166666666675,1.0,0.5000000000000001,1.0
qwen3.8-27b,TPV_REF,fault_type,network corrupt,0.75,0.7083333333333333,0,0,4,0.04166666666675,1.0,0.5000000000000001,1.0
qwen3.8-27b,TPV_REF,fault_type,network delay,0.625,0.3333333333333333,1,0,4,0.29166666666675,0.5,0.8488746876271083,1.0
qwen3.8-27b,TPV_REF,fault_type,network loss,0.8333333333333334,0.75,0,0,4,0.08333333333325,1.0,0.5,1.0
qwen3.8-27b,TPV_REF,fault_type,node cpu stress,0.5,0.25,1,0,2,0.25,1.0,0.23570226039551587,1.0
qwen3.8-27b,TPV_REF,fault_type,node disk fill,0.5,0.375,1,0,4,0.125,1.0,0.5,1.0
qwen3.8-27b,TPV_REF,fault_type,node memory stress,0.4444444444444444,0.0,1,0,3,0.44444444444433334,0.5,0.872871560943689,1.0
qwen3.8-27b,TPV_REF,fault_type,node 内存消耗,0.0,0.0,0,0,3,0.0,1.0,,1.0
qwen3.8-27b,TPV_REF,fault_type,node 磁盘写IO消耗,0.3333333333333333,0.3333333333333333,0,0,3,0.0,1.0,,1.0
qwen3.8-27b,TPV_REF,fault_type,node 磁盘空间消耗,0.5,0.5,0,0,2,0.0,1.0,,1.0
qwen3.8-27b,TPV_REF,fault_type,node 磁盘读IO消耗,0.25,0.25,0,0,4,0.0,1.0,,1.0
qwen3.8-27b,TPV_REF,fault_type,node节点CPU故障,0.0,0.5,0,0,1,-0.5,1.0,,1.0
qwen3.8-27b,TPV_REF,fault_type,node节点CPU爬升,0.0,0.0,0,0,2,0.0,1.0,,1.0
qwen3.8-27b,TPV_REF,fault_type,pod failure,0.125,0.1875,0,0,8,-0.0625,1.0,-0.35355339059327373,1.0
qwen3.8-27b,TPV_REF,fault_type,pod kill,0.3333333333333333,0.3333333333333333,0,0,1,0.0,1.0,,1.0
qwen3.8-27b,TPV_REF,fault_type,target port misconfig,0.0,0.0,0,0,1,0.0,1.0,,1.0
qwen3.8-27b,B3_G_REF,dataset,aegislab,0.6271186440677966,0.6073446327683615,1,2,59,0.019774011299440678,0.5161621703248251,0.07686948040251142,1.0
qwen3.8-27b,B3_G_REF,dataset,aiops2022,0.36494252873563215,0.3103448275862069,4,0,58,0.05459770114944828,0.1538695048524497,0.21627147362927332,1.0
qwen3.8-27b,B3_G_REF,dataset,aiops2025,0.44774011299435024,0.4378531073446328,2,3,59,0.009887005649711863,0.46485020840825664,0.03444389982986878,1.0
qwen3.8-27b,B3_G_REF,level,node,0.29333333333333333,0.30666666666666664,1,0,25,-0.013333333333320001,0.4363989472759281,-0.048300396593126245,1.0
qwen3.8-27b,B3_G_REF,level,pod,0.5555555555555556,0.42063492063492064,2,0,21,0.13492063492061904,0.014699148008254984,0.5159338261794901,0.44097444024764954
qwen3.8-27b,B3_G_REF,level,pod/service,0.18888888888888886,0.26666666666666666,0,1,15,-0.07777777777773333,0.8825850508489141,-0.26403682916285215,1.0
qwen3.8-27b,B3_G_REF,level,service,0.5456521739130434,0.5144927536231884,4,4,115,0.03115942028986087,0.17824002178450282,0.12188184462624223,1.0
qwen3.8-27b,B3_G_REF,fault_type,ContainerKill,1.0,1.0,0,0,6,0.0,1.0,,1.0
qwen3.8-27b,B3_G_REF,fault_type,HTTPRequestAbort,0.1,0.16666666666666666,0,0,5,-0.06666666666660001,1.0,-0.4472135954999579,1.0
qwen3.8-27b,B3_G_REF,fault_type,HTTPRequestDelay,0.6,0.2,1,0,5,0.4,0.25,0.9561828874675149,1.0
qwen3.8-27b,B3_G_REF,fault_type,HTTPRequestReplaceMethod,0.6875,0.625,0,0,8,0.0625,1.0,0.35355339059327373,1.0
qwen3.8-27b,B3_G_REF,fault_type,HTTPResponseDelay,0.5,0.6,0,1,5,-0.1,1.0,-0.4472135954999579,1.0
qwen3.8-27b,B3_G_REF,fault_type,HTTPResponseReplaceBody,0.0,0.0,0,0,1,0.0,1.0,,1.0
qwen3.8-27b,B3_G_REF,fault_type,HTTPResponseReplaceCode,0.375,0.25,0,0,8,0.125,0.5,0.5400617248673217,1.0
qwen3.8-27b,B3_G_REF,fault_type,JVMException,1.0,1.0,0,0,3,0.0,1.0,,1.0
qwen3.8-27b,B3_G_REF,fault_type,JVMLatency,1.0,1.0,0,0,1,0.0,1.0,,1.0
qwen3.8-27b,B3_G_REF,fault_type,JVMMemoryStress,0.625,0.8125,0,1,8,-0.1875,0.5,-0.5040161287741853,1.0
qwen3.8-27b,B3_G_REF,fault_type,NetworkBandwidth,1.0,1.0,0,0,2,0.0,1.0,,1.0
qwen3.8-27b,B3_G_REF,fault_type,NetworkCorrupt,1.0,1.0,0,0,2,0.0,1.0,,1.0
qwen3.8-27b,B3_G_REF,fault_type,NetworkLoss,1.0,1.0,0,0,1,0.0,1.0,,1.0
qwen3.8-27b,B3_G_REF,fault_type,NetworkPartition,0.6666666666666666,0.6666666666666666,0,0,3,0.0,1.0,,1.0
qwen3.8-27b,B3_G_REF,fault_type,PodKill,0.5,0.5,0,0,1,0.0,1.0,,1.0
qwen3.8-27b,B3_G_REF,fault_type,cpu stress,0.4666666666666666,0.5,0,0,5,-0.033333333333399995,1.0,-0.1118033988752515,1.0
qwen3.8-27b,B3_G_REF,fault_type,dns error,0.125,0.375,0,1,4,-0.25,1.0,-0.5,1.0
qwen3.8-27b,B3_G_REF,fault_type,io fault,0.75,0.6666666666666666,0,0,3,0.08333333333333333,1.0,0.5773502691896256,1.0
qwen3.8-27b,B3_G_REF,fault_type,jvm cpu,1.0,1.0,0,0,3,0.0,1.0,,1.0
qwen3.8-27b,B3_G_REF,fault_type,jvm exception,0.4,0.4,0,0,5,0.0,1.0,,1.0
qwen3.8-27b,B3_G_REF,fault_type,jvm gc,0.0,0.0,0,0,1,0.0,1.0,,1.0
qwen3.8-27b,B3_G_REF,fault_type,jvm latency,0.4444444444444444,0.1111111111111111,1,0,3,0.3333333333333333,1.0,0.5773502691896256,1.0
qwen3.8-27b,B3_G_REF,fault_type,k8s容器cpu负载,0.8,0.6666666666666667,1,0,5,0.1333333333334,1.0,0.447213595499958,1.0
qwen3.8-27b,B3_G_REF,fault_type,k8s容器内存负载,0.4444444444444444,0.3888888888888889,0,0,6,0.05555555555550001,1.0,0.22140372138502382,1.0
qwen3.8-27b,B3_G_REF,fault_type,k8s容器写io负载,1.0,1.0,0,0,2,0.0,1.0,,1.0
qwen3.8-27b,B3_G_REF,fault_type,k8s容器网络丢包,0.0,0.0,0,0,3,0.0,1.0,,1.0
qwen3.8-27b,B3_G_REF,fault_type,k8s容器网络延迟,0.375,0.25,1,0,8,0.125,1.0,0.35355339059327373,1.0
qwen3.8-27b,B3_G_REF,fault_type,k8s容器网络资源包损坏,0.5,0.5,0,0,6,0.0,1.0,,1.0
qwen3.8-27b,B3_G_REF,fault_type,k8s容器网络资源包重复发送,0.2,0.0,1,0,5,0.2,1.0,0.44721359549995787,1.0
qwen3.8-27b,B3_G_REF,fault_type,k8s容器读io负载,0.5,0.20833333333333331,1,0,4,0.29166666666675,0.25,1.1666666666672594,1.0
qwen3.8-27b,B3_G_REF,fault_type,k8s容器进程中止,0.16666666666666666,0.1111111111111111,0,0,3,0.055555555555666665,1.0,0.5773502691896257,1.0
qwen3.8-27b,B3_G_REF,fault_type,memory stress,0.125,0.08333333333333333,0,0,4,0.04166666666675,1.0,0.5000000000000001,1.0
qwen3.8-27b,B3_G_REF,fault_type,network corrupt,0.75,0.8333333333333333,0,1,4,-0.08333333333324999,1.0,-0.28867513459442795,1.0
qwen3.8-27b,B3_G_REF,fault_type,network delay,0.625,0.5,0,0,4,0.125,1.0,0.5,1.0
qwen3.8-27b,B3_G_REF,fault_type,network loss,0.8333333333333334,0.8333333333333334,0,0,4,0.0,1.0,,1.0
qwen3.8-27b,B3_G_REF,fault_type,node cpu stress,0.5,0.75,0,0,2,-0.25,1.0,-0.7071067811865475,1.0
qwen3.8-27b,B3_G_REF,fault_type,node disk fill,0.5,0.25,1,0,4,0.25,1.0,0.5,1.0
qwen3.8-27b,B3_G_REF,fault_type,node memory stress,0.4444444444444444,0.3333333333333333,0,0,3,0.11111111111100001,1.0,0.5773502691896257,1.0
qwen3.8-27b,B3_G_REF,fault_type,node 内存消耗,0.0,0.0,0,0,3,0.0,1.0,,1.0
qwen3.8-27b,B3_G_REF,fault_type,node 磁盘写IO消耗,0.3333333333333333,0.3333333333333333,0,0,3,0.0,1.0,,1.0
qwen3.8-27b,B3_G_REF,fault_type,node 磁盘空间消耗,0.5,0.6666666666666666,0,0,2,-0.1666666666665,1.0,-0.7071067811865475,1.0
qwen3.8-27b,B3_G_REF,fault_type,node 磁盘读IO消耗,0.25,0.375,0,0,4,-0.125,1.0,-0.5,1.0
qwen3.8-27b,B3_G_REF,fault_type,node节点CPU故障,0.0,0.16666666666666666,0,0,2,-0.1666666666665,1.0,-0.7071067811865475,1.0
qwen3.8-27b,B3_G_REF,fault_type,node节点CPU爬升,0.0,0.0,0,0,2,0.0,1.0,,1.0
qwen3.8-27b,B3_G_REF,fault_type,pod failure,0.125,0.125,0,0,8,0.0,1.0,,1.0
qwen3.8-27b,B3_G_REF,fault_type,pod kill,0.3333333333333333,1.0,0,1,1,-0.666666666667,1.0,,1.0
qwen3.8-27b,B3_G_REF,fault_type,target port misconfig,0.0,0.0,0,0,1,0.0,1.0,,1.0
qwen3.8-27b,T_MATCH,dataset,aegislab,0.6166666666666667,0.5291666666666667,15,9,60,0.08750000000003334,0.14844848935564436,0.18167221825440644,1.0
qwen3.8-27b,T_MATCH,dataset,aiops2022,0.36494252873563215,0.33620689655172414,10,5,58,0.028735632183931038,0.7115422441468722,0.06349539225092608,1.0
qwen3.8-27b,T_MATCH,dataset,aiops2025,0.44774011299435024,0.3333333333333333,10,2,59,0.1144067796610339,0.054716782829310195,0.2938766224884362,1.0
qwen3.8-27b,T_MATCH,level,node,0.29333333333333333,0.34666666666666673,3,3,25,-0.05333333333332,0.42896927020618625,-0.10047537355045934,1.0
qwen3.8-27b,T_MATCH,level,pod,0.5555555555555556,0.36507936507936506,4,0,21,0.19047619047619047,0.024786185894032083,0.599962503515143,0.7187993909269305
qwen3.8-27b,T_MATCH,level,pod/service,0.18888888888888886,0.14444444444444443,0,0,15,0.04444444444446667,0.08365783319314869,0.44922355437136996,1.0
qwen3.8-27b,T_MATCH,level,service,0.540948275862069,0.451867816091954,28,13,116,0.08908045977014656,0.07434263749789231,0.1920875845552625,1.0
qwen3.8-27b,T_MATCH,fault_type,ContainerKill,1.0,0.6666666666666666,2,0,6,0.3333333333333333,0.5,0.6454972243679027,1.0
qwen3.8-27b,T_MATCH,fault_type,HTTPRequestAbort,0.1,0.4,0,1,5,-0.3,0.25,-1.0954451150103321,1.0
qwen3.8-27b,T_MATCH,fault_type,HTTPRequestDelay,0.6,0.4,0,0,5,0.2,0.5,0.7302967433402214,1.0
qwen3.8-27b,T_MATCH,fault_type,HTTPRequestReplaceMethod,0.6875,0.35416666666666663,3,0,8,0.333333333333375,0.0625,1.1832159566198344,1.0
qwen3.8-27b,T_MATCH,fault_type,HTTPResponseDelay,0.5,0.6,1,3,5,-0.1,0.625,-0.15339299776947407,1.0
qwen3.8-27b,T_MATCH,fault_type,HTTPResponseReplaceBody,0.0,0.25,0,0,1,-0.25,1.0,,1.0
qwen3.8-27b,T_MATCH,fault_type,HTTPResponseReplaceCode,0.375,0.3333333333333333,1,1,8,0.04166666666675,0.875,0.10801234497367171,1.0
qwen3.8-27b,T_MATCH,fault_type,JVMException,1.0,0.8333333333333334,1,0,3,0.16666666666666666,1.0,0.5773502691896256,1.0
qwen3.8-27b,T_MATCH,fault_type,JVMLatency,1.0,0.0,1,0,1,1.0,1.0,,1.0
qwen3.8-27b,T_MATCH,fault_type,JVMMemoryStress,0.5555555555555556,0.7777777777777778,2,3,9,-0.2222222222222222,0.4375,-0.3595732599803958,1.0
qwen3.8-27b,T_MATCH,fault_type,NetworkBandwidth,1.0,0.6666666666666666,1,0,2,0.3333333333335,1.0,0.7071067811865475,1.0
qwen3.8-27b,T_MATCH,fault_type,NetworkCorrupt,1.0,0.6666666666666666,1,0,2,0.3333333333335,1.0,0.7071067811865475,1.0
qwen3.8-27b,T_MATCH,fault_type,NetworkLoss,1.0,1.0,0,0,1,0.0,1.0,,1.0
qwen3.8-27b,T_MATCH,fault_type,NetworkPartition,0.6666666666666666,0.27777777777777773,2,0,3,0.38888888888900003,0.5,1.120897076635499,1.0
qwen3.8-27b,T_MATCH,fault_type,PodKill,0.5,1.0,0,1,1,-0.5,1.0,,1.0
qwen3.8-27b,T_MATCH,fault_type,cpu stress,0.4666666666666666,0.3333333333333333,1,0,5,0.1333333333334,1.0,0.447213595499958,1.0
qwen3.8-27b,T_MATCH,fault_type,dns error,0.125,0.125,0,0,4,0.0,1.0,,1.0
qwen3.8-27b,T_MATCH,fault_type,io fault,0.75,0.5,1,0,3,0.25,1.0,0.3779644730092272,1.0
qwen3.8-27b,T_MATCH,fault_type,jvm cpu,1.0,0.611111111111111,2,0,3,0.38888888888900003,0.5,1.120897076635499,1.0
qwen3.8-27b,T_MATCH,fault_type,jvm exception,0.4,0.2,1,0,5,0.2,1.0,0.4472135954999579,1.0
qwen3.8-27b,T_MATCH,fault_type,jvm gc,0.0,0.0,0,0,1,0.0,1.0,,1.0
qwen3.8-27b,T_MATCH,fault_type,jvm latency,0.4444444444444444,0.0,1,0,3,0.44444444444433334,0.5,0.872871560943689,1.0
qwen3.8-27b,T_MATCH,fault_type,k8s容器cpu负载,0.8,0.5666666666666667,2,0,5,0.2333333333334,0.5,0.7181848464595674,1.0
qwen3.8-27b,T_MATCH,fault_type,k8s容器内存负载,0.4444444444444444,0.4166666666666667,1,1,6,0.027777777777666657,1.0,0.04251663788982932,1.0
qwen3.8-27b,T_MATCH,fault_type,k8s容器写io负载,1.0,1.0,0,0,2,0.0,1.0,,1.0
qwen3.8-27b,T_MATCH,fault_type,k8s容器网络丢包,0.0,0.0,0,0,3,0.0,1.0,,1.0
qwen3.8-27b,T_MATCH,fault_type,k8s容器网络延迟,0.375,0.29166666666666663,2,1,8,0.083333333333375,1.0,0.12613124477744708,1.0
qwen3.8-27b,T_MATCH,fault_type,k8s容器网络资源包损坏,0.5,0.2222222222222222,3,0,6,0.27777777777783336,0.25,0.8951435925492293,1.0
qwen3.8-27b,T_MATCH,fault_type,k8s容器网络资源包重复发送,0.2,0.1,1,0,5,0.1,1.0,0.44721359549995787,1.0
qwen3.8-27b,T_MATCH,fault_type,k8s容器读io负载,0.5,0.25,0,0,4,0.25,0.5,0.8660254037844387,1.0
qwen3.8-27b,T_MATCH,fault_type,k8s容器进程中止,0.16666666666666666,0.4444444444444444,0,1,3,-0.27777777777766666,0.5,-1.0910894511796811,1.0
qwen3.8-27b,T_MATCH,fault_type,memory stress,0.125,0.20833333333333331,0,0,4,-0.08333333333324999,1.0,-0.28867513459442795,1.0
qwen3.8-27b,T_MATCH,fault_type,network corrupt,0.75,0.8333333333333333,0,1,4,-0.08333333333324999,1.0,-0.28867513459442795,1.0
qwen3.8-27b,T_MATCH,fault_type,network delay,0.625,0.20833333333333331,2,0,4,0.41666666666675,0.5,0.8333333333334075,1.0
qwen3.8-27b,T_MATCH,fault_type,network loss,0.8333333333333334,0.875,0,0,4,-0.04166666666675,1.0,-0.5,1.0
qwen3.8-27b,T_MATCH,fault_type,node cpu stress,0.5,0.5,1,1,2,0.0,1.0,0.0,1.0
qwen3.8-27b,T_MATCH,fault_type,node disk fill,0.5,0.5,0,0,4,0.0,1.0,,1.0
qwen3.8-27b,T_MATCH,fault_type,node memory stress,0.4444444444444444,0.0,1,0,3,0.44444444444433334,0.5,0.872871560943689,1.0
qwen3.8-27b,T_MATCH,fault_type,node 内存消耗,0.0,0.0,0,0,3,0.0,1.0,,1.0
qwen3.8-27b,T_MATCH,fault_type,node 磁盘写IO消耗,0.3333333333333333,0.3333333333333333,1,1,3,0.0,1.0,0.0,1.0
qwen3.8-27b,T_MATCH,fault_type,node 磁盘空间消耗,0.5,1.0,0,1,2,-0.5,1.0,-0.7071067811865475,1.0
qwen3.8-27b,T_MATCH,fault_type,node 磁盘读IO消耗,0.25,0.3333333333333333,0,0,4,-0.08333333333325,1.0,-0.5,1.0
qwen3.8-27b,T_MATCH,fault_type,node节点CPU故障,0.0,0.41666666666666663,0,0,2,-0.4166666666665,0.5,-3.5355339059242525,1.0
qwen3.8-27b,T_MATCH,fault_type,node节点CPU爬升,0.0,0.25,0,0,2,-0.25,1.0,-0.7071067811865475,1.0
qwen3.8-27b,T_MATCH,fault_type,pod failure,0.125,0.125,0,0,8,0.0,1.0,,1.0
qwen3.8-27b,T_MATCH,fault_type,pod kill,0.3333333333333333,0.3333333333333333,0,0,1,0.0,1.0,,1.0
qwen3.8-27b,T_MATCH,fault_type,target port misconfig,0.0,0.3333333333333333,0,0,1,-0.333333333333,1.0,,1.0
qwen3.8-27b,REMOTE_ID,dataset,aegislab,0.6166666666666667,0.5722222222222223,2,0,60,0.04444444444445,0.23810893417543555,0.19734207455444455,1.0
qwen3.8-27b,REMOTE_ID,dataset,aiops2022,0.36494252873563215,0.3448275862068966,2,0,58,0.02011494252874138,0.5501423236358564,0.13130643285977164,1.0
qwen3.8-27b,REMOTE_ID,dataset,aiops2025,0.44774011299435024,0.42655367231638414,2,0,59,0.0211864406779661,0.6379167174770422,0.12789653664211137,1.0
qwen3.8-27b,REMOTE_ID,level,node,0.29333333333333333,0.3133333333333333,0,0,25,-0.02,0.31731050786291415,-0.19999999999999998,1.0
qwen3.8-27b,REMOTE_ID,level,pod,0.5555555555555556,0.4841269841269841,2,0,21,0.07142857142857142,0.15742265908958053,0.2988071523335984,1.0
qwen3.8-27b,REMOTE_ID,level,pod/service,0.18888888888888886,0.18888888888888886,0,0,15,0.0,1.0,,1.0
qwen3.8-27b,REMOTE_ID,level,service,0.540948275862069,0.5057471264367815,4,0,116,0.03520114942529311,0.22365609413281462,0.17901716508200244,1.0
qwen3.8-27b,REMOTE_ID,fault_type,ContainerKill,1.0,1.0,0,0,6,0.0,1.0,,1.0
qwen3.8-27b,REMOTE_ID,fault_type,HTTPRequestAbort,0.1,0.2,0,0,5,-0.1,1.0,-0.44721359549995787,1.0
qwen3.8-27b,REMOTE_ID,fault_type,HTTPRequestDelay,0.6,0.5,0,0,5,0.1,1.0,0.4472135954999579,1.0
qwen3.8-27b,REMOTE_ID,fault_type,HTTPRequestReplaceMethod,0.6875,0.625,0,0,8,0.0625,1.0,0.35355339059327373,1.0
qwen3.8-27b,REMOTE_ID,fault_type,HTTPResponseDelay,0.5,0.4,0,0,5,0.1,1.0,0.44721359549995787,1.0
qwen3.8-27b,REMOTE_ID,fault_type,HTTPResponseReplaceBody,0.0,0.0,0,0,1,0.0,1.0,,1.0
qwen3.8-27b,REMOTE_ID,fault_type,HTTPResponseReplaceCode,0.375,0.25,1,0,8,0.125,1.0,0.35355339059327373,1.0
qwen3.8-27b,REMOTE_ID,fault_type,JVMException,1.0,0.6666666666666666,1,0,3,0.3333333333333333,1.0,0.5773502691896256,1.0
qwen3.8-27b,REMOTE_ID,fault_type,JVMLatency,1.0,1.0,0,0,1,0.0,1.0,,1.0
qwen3.8-27b,REMOTE_ID,fault_type,JVMMemoryStress,0.5555555555555556,0.5925925925925926,0,0,9,-0.037037037037,1.0,-0.33333333333333337,1.0
qwen3.8-27b,REMOTE_ID,fault_type,NetworkBandwidth,1.0,1.0,0,0,2,0.0,1.0,,1.0
qwen3.8-27b,REMOTE_ID,fault_type,NetworkCorrupt,1.0,1.0,0,0,2,0.0,1.0,,1.0
qwen3.8-27b,REMOTE_ID,fault_type,NetworkLoss,1.0,1.0,0,0,1,0.0,1.0,,1.0
qwen3.8-27b,REMOTE_ID,fault_type,NetworkPartition,0.6666666666666666,0.6666666666666666,0,0,3,0.0,1.0,,1.0
qwen3.8-27b,REMOTE_ID,fault_type,PodKill,0.5,0.5,0,0,1,0.0,1.0,,1.0
qwen3.8-27b,REMOTE_ID,fault_type,cpu stress,0.4666666666666666,0.4666666666666666,0,0,5,0.0,1.0,,1.0
qwen3.8-27b,REMOTE_ID,fault_type,dns error,0.125,0.125,0,0,4,0.0,1.0,,1.0
qwen3.8-27b,REMOTE_ID,fault_type,io fault,0.75,0.7777777777777777,0,0,3,-0.027777777777666667,1.0,-0.5773502691896258,1.0
qwen3.8-27b,REMOTE_ID,fault_type,jvm cpu,1.0,1.0,0,0,3,0.0,1.0,,1.0
qwen3.8-27b,REMOTE_ID,fault_type,jvm exception,0.4,0.4,0,0,5,0.0,1.0,,1.0
qwen3.8-27b,REMOTE_ID,fault_type,jvm gc,0.0,0.0,0,0,1,0.0,1.0,,1.0
qwen3.8-27b,REMOTE_ID,fault_type,jvm latency,0.4444444444444444,0.1111111111111111,1,0,3,0.3333333333333333,1.0,0.5773502691896256,1.0
qwen3.8-27b,REMOTE_ID,fault_type,k8s容器cpu负载,0.8,0.8,0,0,5,0.0,1.0,,1.0
qwen3.8-27b,REMOTE_ID,fault_type,k8s容器内存负载,0.4444444444444444,0.5,0,0,6,-0.05555555555550001,1.0,-0.40824829046386296,1.0
qwen3.8-27b,REMOTE_ID,fault_type,k8s容器写io负载,1.0,1.0,0,0,2,0.0,1.0,,1.0
qwen3.8-27b,REMOTE_ID,fault_type,k8s容器网络丢包,0.0,0.0,0,0,3,0.0,1.0,,1.0
qwen3.8-27b,REMOTE_ID,fault_type,k8s容器网络延迟,0.375,0.25,1,0,8,0.125,1.0,0.35355339059327373,1.0
qwen3.8-27b,REMOTE_ID,fault_type,k8s容器网络资源包损坏,0.5,0.5,0,0,6,0.0,1.0,,1.0
qwen3.8-27b,REMOTE_ID,fault_type,k8s容器网络资源包重复发送,0.2,0.2,0,0,5,0.0,1.0,,1.0
qwen3.8-27b,REMOTE_ID,fault_type,k8s容器读io负载,0.5,0.375,1,0,4,0.125,1.0,0.5,1.0
qwen3.8-27b,REMOTE_ID,fault_type,k8s容器进程中止,0.16666666666666666,0.16666666666666666,0,0,3,0.0,1.0,,1.0
qwen3.8-27b,REMOTE_ID,fault_type,memory stress,0.125,0.125,0,0,4,0.0,1.0,,1.0
qwen3.8-27b,REMOTE_ID,fault_type,network corrupt,0.75,0.625,1,0,4,0.125,1.0,0.5,1.0
qwen3.8-27b,REMOTE_ID,fault_type,network delay,0.625,0.625,0,0,4,0.0,1.0,,1.0
qwen3.8-27b,REMOTE_ID,fault_type,network loss,0.8333333333333334,0.75,0,0,4,0.08333333333325,1.0,0.5,1.0
qwen3.8-27b,REMOTE_ID,fault_type,node cpu stress,0.5,0.75,0,0,2,-0.25,1.0,-0.7071067811865475,1.0
qwen3.8-27b,REMOTE_ID,fault_type,node disk fill,0.5,0.5,0,0,4,0.0,1.0,,1.0
qwen3.8-27b,REMOTE_ID,fault_type,node memory stress,0.4444444444444444,0.4444444444444444,0,0,3,0.0,1.0,,1.0
qwen3.8-27b,REMOTE_ID,fault_type,node 内存消耗,0.0,0.0,0,0,3,0.0,1.0,,1.0
qwen3.8-27b,REMOTE_ID,fault_type,node 磁盘写IO消耗,0.3333333333333333,0.3333333333333333,0,0,3,0.0,1.0,,1.0
qwen3.8-27b,REMOTE_ID,fault_type,node 磁盘空间消耗,0.5,0.5,0,0,2,0.0,1.0,,1.0
qwen3.8-27b,REMOTE_ID,fault_type,node 磁盘读IO消耗,0.25,0.25,0,0,4,0.0,1.0,,1.0
qwen3.8-27b,REMOTE_ID,fault_type,node节点CPU故障,0.0,0.0,0,0,2,0.0,1.0,,1.0
qwen3.8-27b,REMOTE_ID,fault_type,node节点CPU爬升,0.0,0.0,0,0,2,0.0,1.0,,1.0
qwen3.8-27b,REMOTE_ID,fault_type,pod failure,0.125,0.125,0,0,8,0.0,1.0,,1.0
qwen3.8-27b,REMOTE_ID,fault_type,pod kill,0.3333333333333333,0.3333333333333333,0,0,1,0.0,1.0,,1.0
qwen3.8-27b,REMOTE_ID,fault_type,target port misconfig,0.0,0.0,0,0,1,0.0,1.0,,1.0
gemma-4-26b-a4b,TPV_REF,dataset,aegislab,0.4166666666666667,0.4083333333333333,6,5,60,0.008333333333333333,0.9746586236128268,0.0190874950901267,1.0
gemma-4-26b-a4b,TPV_REF,dataset,aiops2022,0.2833333333333333,0.23333333333333334,5,2,60,0.05,0.25683925795785656,0.1467407466088696,1.0
gemma-4-26b-a4b,TPV_REF,dataset,aiops2025,0.19166666666666668,0.23888888888888887,2,5,60,-0.04722222222221666,0.31185774317733583,-0.13492236344244088,1.0
gemma-4-26b-a4b,TPV_REF,level,node,0.32,0.24,2,0,25,0.08,0.15729920705028516,0.2889260474058461,1.0
gemma-4-26b-a4b,TPV_REF,level,pod,0.391304347826087,0.34782608695652173,3,2,23,0.043478260869565216,0.6547208460185769,0.09159989940671115,1.0
gemma-4-26b-a4b,TPV_REF,level,pod/service,0.0,0.08888888888888888,0,1,15,-0.08888888888886666,0.15754592766626296,-0.33383047504626406,1.0
gemma-4-26b-a4b,TPV_REF,level,service,0.31196581196581197,0.32051282051282054,8,9,117,-0.008547008547008548,0.8169608488119263,-0.022010514239544077,1.0
gemma-4-26b-a4b,TPV_REF,fault_type,ContainerKill,0.6666666666666666,0.5,3,2,6,0.16666666666666666,1.0,0.16951587590520256,1.0
gemma-4-26b-a4b,TPV_REF,fault_type,HTTPRequestAbort,0.2,0.2,0,0,5,0.0,1.0,,1.0
gemma-4-26b-a4b,TPV_REF,fault_type,HTTPRequestDelay,0.0,0.0,0,0,5,0.0,1.0,,1.0
gemma-4-26b-a4b,TPV_REF,fault_type,HTTPRequestReplaceMethod,0.25,0.25,0,0,8,0.0,1.0,,1.0
gemma-4-26b-a4b,TPV_REF,fault_type,HTTPResponseDelay,0.2,0.2,0,0,5,0.0,1.0,,1.0
gemma-4-26b-a4b,TPV_REF,fault_type,HTTPResponseReplaceBody,0.0,0.0,0,0,1,0.0,1.0,,1.0
gemma-4-26b-a4b,TPV_REF,fault_type,HTTPResponseReplaceCode,0.25,0.5,0,2,8,-0.25,0.5,-0.5400617248673217,1.0
gemma-4-26b-a4b,TPV_REF,fault_type,JVMException,1.0,1.0,0,0,3,0.0,1.0,,1.0
gemma-4-26b-a4b,TPV_REF,fault_type,JVMLatency,1.0,1.0,0,0,1,0.0,1.0,,1.0
gemma-4-26b-a4b,TPV_REF,fault_type,JVMMemoryStress,0.6666666666666666,0.6111111111111112,2,1,9,0.05555555555555555,1.0,0.0875376219064817,1.0
gemma-4-26b-a4b,TPV_REF,fault_type,NetworkBandwidth,0.5,0.5,0,0,2,0.0,1.0,,1.0
gemma-4-26b-a4b,TPV_REF,fault_type,NetworkCorrupt,1.0,0.5,1,0,2,0.5,1.0,0.7071067811865475,1.0
gemma-4-26b-a4b,TPV_REF,fault_type,NetworkLoss,1.0,1.0,0,0,1,0.0,1.0,,1.0
gemma-4-26b-a4b,TPV_REF,fault_type,NetworkPartition,0.0,0.0,0,0,3,0.0,1.0,,1.0
gemma-4-26b-a4b,TPV_REF,fault_type,PodKill,1.0,1.0,0,0,1,0.0,1.0,,1.0
gemma-4-26b-a4b,TPV_REF,fault_type,cpu stress,0.16666666666666666,0.3333333333333333,0,1,6,-0.16666666666666666,1.0,-0.408248290463863,1.0
gemma-4-26b-a4b,TPV_REF,fault_type,dns error,0.0,0.0,0,0,4,0.0,1.0,,1.0
gemma-4-26b-a4b,TPV_REF,fault_type,io fault,0.0,0.3333333333333333,0,1,3,-0.3333333333333333,1.0,-0.5773502691896256,1.0
gemma-4-26b-a4b,TPV_REF,fault_type,jvm cpu,0.6666666666666666,1.0,0,1,3,-0.3333333333333333,1.0,-0.5773502691896256,1.0
gemma-4-26b-a4b,TPV_REF,fault_type,jvm exception,0.4,0.4,0,0,5,0.0,1.0,,1.0
gemma-4-26b-a4b,TPV_REF,fault_type,jvm gc,0.0,0.0,0,0,1,0.0,1.0,,1.0
gemma-4-26b-a4b,TPV_REF,fault_type,jvm latency,0.0,0.0,0,0,3,0.0,1.0,,1.0
gemma-4-26b-a4b,TPV_REF,fault_type,k8s容器cpu负载,0.6,0.4,1,0,5,0.2,1.0,0.4472135954999579,1.0
gemma-4-26b-a4b,TPV_REF,fault_type,k8s容器内存负载,0.16666666666666666,0.0,1,0,6,0.16666666666666666,1.0,0.408248290463863,1.0
gemma-4-26b-a4b,TPV_REF,fault_type,k8s容器写io负载,0.5,1.0,0,1,2,-0.5,1.0,-0.7071067811865475,1.0
gemma-4-26b-a4b,TPV_REF,fault_type,k8s容器网络丢包,0.0,0.0,0,0,4,0.0,1.0,,1.0
gemma-4-26b-a4b,TPV_REF,fault_type,k8s容器网络延迟,0.125,0.125,1,1,8,0.0,1.0,0.0,1.0
gemma-4-26b-a4b,TPV_REF,fault_type,k8s容器网络资源包损坏,0.2857142857142857,0.2857142857142857,0,0,7,0.0,1.0,,1.0
gemma-4-26b-a4b,TPV_REF,fault_type,k8s容器网络资源包重复发送,0.2,0.2,0,0,5,0.0,1.0,,1.0
gemma-4-26b-a4b,TPV_REF,fault_type,k8s容器读io负载,0.75,0.5,1,0,4,0.25,1.0,0.5,1.0
gemma-4-26b-a4b,TPV_REF,fault_type,k8s容器进程中止,0.3333333333333333,0.3333333333333333,0,0,3,0.0,1.0,,1.0
gemma-4-26b-a4b,TPV_REF,fault_type,memory stress,0.0,0.0,0,0,4,0.0,1.0,,1.0
gemma-4-26b-a4b,TPV_REF,fault_type,network corrupt,0.125,0.3333333333333333,0,1,4,-0.20833333333325,0.75,-0.3311330892661401,1.0
gemma-4-26b-a4b,TPV_REF,fault_type,network delay,0.25,0.25,0,0,4,0.0,1.0,,1.0
gemma-4-26b-a4b,TPV_REF,fault_type,network loss,0.25,0.25,1,1,4,0.0,1.0,0.0,1.0
gemma-4-26b-a4b,TPV_REF,fault_type,node cpu stress,1.0,0.5,1,0,2,0.5,1.0,0.7071067811865475,1.0
gemma-4-26b-a4b,TPV_REF,fault_type,node disk fill,0.5,0.5,0,0,4,0.0,1.0,,1.0
gemma-4-26b-a4b,TPV_REF,fault_type,node memory stress,0.0,0.0,0,0,3,0.0,1.0,,1.0
gemma-4-26b-a4b,TPV_REF,fault_type,node 内存消耗,0.0,0.0,0,0,3,0.0,1.0,,1.0
gemma-4-26b-a4b,TPV_REF,fault_type,node 磁盘写IO消耗,0.3333333333333333,0.0,1,0,3,0.3333333333333333,1.0,0.5773502691896256,1.0
gemma-4-26b-a4b,TPV_REF,fault_type,node 磁盘空间消耗,1.0,1.0,0,0,2,0.0,1.0,,1.0
gemma-4-26b-a4b,TPV_REF,fault_type,node 磁盘读IO消耗,0.25,0.25,0,0,4,0.0,1.0,,1.0
gemma-4-26b-a4b,TPV_REF,fault_type,node节点CPU故障,0.0,0.0,0,0,2,0.0,1.0,,1.0
gemma-4-26b-a4b,TPV_REF,fault_type,node节点CPU爬升,0.0,0.0,0,0,2,0.0,1.0,,1.0
gemma-4-26b-a4b,TPV_REF,fault_type,pod failure,0.0,0.0,0,0,8,0.0,1.0,,1.0
gemma-4-26b-a4b,TPV_REF,fault_type,pod kill,0.0,0.0,0,0,1,0.0,1.0,,1.0
gemma-4-26b-a4b,TPV_REF,fault_type,target port misconfig,0.0,0.0,0,0,1,0.0,1.0,,1.0
gemma-4-26b-a4b,B3_G_REF,dataset,aegislab,0.4166666666666667,0.48333333333333334,3,7,60,-0.06666666666666667,0.2059032107320684,-0.16413603891103984,1.0
gemma-4-26b-a4b,B3_G_REF,dataset,aiops2022,0.2833333333333333,0.31666666666666665,1,3,60,-0.03333333333333333,0.31731050786291415,-0.12909944487358058,1.0
gemma-4-26b-a4b,B3_G_REF,dataset,aiops2025,0.19166666666666668,0.3,0,7,60,-0.10833333333333334,0.030423681478781554,-0.32524126415115473,0.6997446740119757
gemma-4-26b-a4b,B3_G_REF,level,node,0.32,0.32,0,0,25,0.0,1.0,,1.0
gemma-4-26b-a4b,B3_G_REF,level,pod,0.391304347826087,0.391304347826087,1,1,23,0.0,1.0,0.0,1.0
gemma-4-26b-a4b,B3_G_REF,level,pod/service,0.0,0.0,0,0,15,0.0,1.0,,1.0
gemma-4-26b-a4b,B3_G_REF,level,service,0.31196581196581197,0.4188034188034188,3,16,117,-0.10683760683760683,0.0066075028242235595,-0.27186320818907406,0.20483258755093034
gemma-4-26b-a4b,B3_G_REF,fault_type,ContainerKill,0.6666666666666666,1.0,0,2,6,-0.3333333333333333,0.5,-0.6454972243679027,1.0
gemma-4-26b-a4b,B3_G_REF,fault_type,HTTPRequestAbort,0.2,0.2,0,0,5,0.0,1.0,,1.0
gemma-4-26b-a4b,B3_G_REF,fault_type,HTTPRequestDelay,0.0,0.0,0,0,5,0.0,1.0,,1.0
gemma-4-26b-a4b,B3_G_REF,fault_type,HTTPRequestReplaceMethod,0.25,0.375,0,1,8,-0.125,1.0,-0.35355339059327373,1.0
gemma-4-26b-a4b,B3_G_REF,fault_type,HTTPResponseDelay,0.2,0.2,0,0,5,0.0,1.0,,1.0
gemma-4-26b-a4b,B3_G_REF,fault_type,HTTPResponseReplaceBody,0.0,0.0,0,0,1,0.0,1.0,,1.0
gemma-4-26b-a4b,B3_G_REF,fault_type,HTTPResponseReplaceCode,0.25,0.375,0,1,8,-0.125,1.0,-0.35355339059327373,1.0
gemma-4-26b-a4b,B3_G_REF,fault_type,JVMException,1.0,0.6666666666666666,1,0,3,0.3333333333333333,1.0,0.5773502691896256,1.0
gemma-4-26b-a4b,B3_G_REF,fault_type,JVMLatency,1.0,1.0,0,0,1,0.0,1.0,,1.0
gemma-4-26b-a4b,B3_G_REF,fault_type,JVMMemoryStress,0.6666666666666666,0.8888888888888888,1,3,9,-0.2222222222222222,0.625,-0.33333333333333326,1.0
gemma-4-26b-a4b,B3_G_REF,fault_type,NetworkBandwidth,0.5,0.5,0,0,2,0.0,1.0,,1.0
gemma-4-26b-a4b,B3_G_REF,fault_type,NetworkCorrupt,1.0,0.5,1,0,2,0.5,1.0,0.7071067811865475,1.0
gemma-4-26b-a4b,B3_G_REF,fault_type,NetworkLoss,1.0,1.0,0,0,1,0.0,1.0,,1.0
gemma-4-26b-a4b,B3_G_REF,fault_type,NetworkPartition,0.0,0.0,0,0,3,0.0,1.0,,1.0
gemma-4-26b-a4b,B3_G_REF,fault_type,PodKill,1.0,1.0,0,0,1,0.0,1.0,,1.0
gemma-4-26b-a4b,B3_G_REF,fault_type,cpu stress,0.16666666666666666,0.16666666666666666,0,0,6,0.0,1.0,,1.0
gemma-4-26b-a4b,B3_G_REF,fault_type,dns error,0.0,0.0,0,0,4,0.0,1.0,,1.0
gemma-4-26b-a4b,B3_G_REF,fault_type,io fault,0.0,0.6666666666666666,0,2,3,-0.6666666666666666,0.5,-1.1547005383792512,1.0
gemma-4-26b-a4b,B3_G_REF,fault_type,jvm cpu,0.6666666666666666,1.0,0,1,3,-0.3333333333333333,1.0,-0.5773502691896256,1.0
gemma-4-26b-a4b,B3_G_REF,fault_type,jvm exception,0.4,0.4,0,0,5,0.0,1.0,,1.0
gemma-4-26b-a4b,B3_G_REF,fault_type,jvm gc,0.0,0.0,0,0,1,0.0,1.0,,1.0
gemma-4-26b-a4b,B3_G_REF,fault_type,jvm latency,0.0,0.0,0,0,3,0.0,1.0,,1.0
gemma-4-26b-a4b,B3_G_REF,fault_type,k8s容器cpu负载,0.6,0.6,0,0,5,0.0,1.0,,1.0
gemma-4-26b-a4b,B3_G_REF,fault_type,k8s容器内存负载,0.16666666666666666,0.16666666666666666,0,0,6,0.0,1.0,,1.0
gemma-4-26b-a4b,B3_G_REF,fault_type,k8s容器写io负载,0.5,0.5,0,0,2,0.0,1.0,,1.0
gemma-4-26b-a4b,B3_G_REF,fault_type,k8s容器网络丢包,0.0,0.0,0,0,4,0.0,1.0,,1.0
gemma-4-26b-a4b,B3_G_REF,fault_type,k8s容器网络延迟,0.125,0.125,0,0,8,0.0,1.0,,1.0
gemma-4-26b-a4b,B3_G_REF,fault_type,k8s容器网络资源包损坏,0.2857142857142857,0.5714285714285714,0,2,7,-0.2857142857142857,0.5,-0.5855400437691198,1.0
gemma-4-26b-a4b,B3_G_REF,fault_type,k8s容器网络资源包重复发送,0.2,0.2,0,0,5,0.0,1.0,,1.0
gemma-4-26b-a4b,B3_G_REF,fault_type,k8s容器读io负载,0.75,0.5,1,0,4,0.25,1.0,0.5,1.0
gemma-4-26b-a4b,B3_G_REF,fault_type,k8s容器进程中止,0.3333333333333333,0.6666666666666666,0,1,3,-0.3333333333333333,1.0,-0.5773502691896256,1.0
gemma-4-26b-a4b,B3_G_REF,fault_type,memory stress,0.0,0.0,0,0,4,0.0,1.0,,1.0
gemma-4-26b-a4b,B3_G_REF,fault_type,network corrupt,0.125,0.25,0,1,4,-0.125,1.0,-0.1986798535597566,1.0
gemma-4-26b-a4b,B3_G_REF,fault_type,network delay,0.25,0.5,0,1,4,-0.25,1.0,-0.5,1.0
gemma-4-26b-a4b,B3_G_REF,fault_type,network loss,0.25,0.5,0,1,4,-0.25,1.0,-0.5,1.0
gemma-4-26b-a4b,B3_G_REF,fault_type,node cpu stress,1.0,1.0,0,0,2,0.0,1.0,,1.0
gemma-4-26b-a4b,B3_G_REF,fault_type,node disk fill,0.5,0.5,0,0,4,0.0,1.0,,1.0
gemma-4-26b-a4b,B3_G_REF,fault_type,node memory stress,0.0,0.0,0,0,3,0.0,1.0,,1.0
gemma-4-26b-a4b,B3_G_REF,fault_type,node 内存消耗,0.0,0.0,0,0,3,0.0,1.0,,1.0
gemma-4-26b-a4b,B3_G_REF,fault_type,node 磁盘写IO消耗,0.3333333333333333,0.3333333333333333,0,0,3,0.0,1.0,,1.0
gemma-4-26b-a4b,B3_G_REF,fault_type,node 磁盘空间消耗,1.0,1.0,0,0,2,0.0,1.0,,1.0
gemma-4-26b-a4b,B3_G_REF,fault_type,node 磁盘读IO消耗,0.25,0.25,0,0,4,0.0,1.0,,1.0
gemma-4-26b-a4b,B3_G_REF,fault_type,node节点CPU故障,0.0,0.0,0,0,2,0.0,1.0,,1.0
gemma-4-26b-a4b,B3_G_REF,fault_type,node节点CPU爬升,0.0,0.0,0,0,2,0.0,1.0,,1.0
gemma-4-26b-a4b,B3_G_REF,fault_type,pod failure,0.0,0.125,0,1,8,-0.125,1.0,-0.35355339059327373,1.0
gemma-4-26b-a4b,B3_G_REF,fault_type,pod kill,0.0,0.0,0,0,1,0.0,1.0,,1.0
gemma-4-26b-a4b,B3_G_REF,fault_type,target port misconfig,0.0,0.0,0,0,1,0.0,1.0,,1.0
gemma-4-26b-a4b,T_MATCH,dataset,aegislab,0.4166666666666667,0.38333333333333336,7,5,60,0.03333333333333333,0.5637028616507731,0.07411802958204412,1.0
gemma-4-26b-a4b,T_MATCH,dataset,aiops2022,0.2833333333333333,0.23333333333333334,7,4,60,0.05,0.36571229628151325,0.11659532600444562,1.0
gemma-4-26b-a4b,T_MATCH,dataset,aiops2025,0.19166666666666668,0.24166666666666667,4,7,60,-0.05,0.39718435536729024,-0.11399822241445869,1.0
gemma-4-26b-a4b,T_MATCH,level,node,0.32,0.52,0,5,25,-0.2,0.025347318677468252,-0.4898979485566356,0.7187993909269305
gemma-4-26b-a4b,T_MATCH,level,pod,0.391304347826087,0.21739130434782608,5,1,23,0.17391304347826086,0.10247043485974937,0.3541828256484486,1.0
gemma-4-26b-a4b,T_MATCH,level,pod/service,0.0,0.16666666666666666,0,2,15,-0.16666666666666666,0.08365783319314869,-0.46056618647183833,1.0
gemma-4-26b-a4b,T_MATCH,level,service,0.31196581196581197,0.26495726495726496,13,8,117,0.04700854700854701,0.20662620707547386,0.11050567252867638,1.0
gemma-4-26b-a4b,T_MATCH,fault_type,ContainerKill,0.6666666666666666,0.8333333333333334,0,1,6,-0.16666666666666666,1.0,-0.408248290463863,1.0
gemma-4-26b-a4b,T_MATCH,fault_type,HTTPRequestAbort,0.2,0.2,0,0,5,0.0,1.0,,1.0
gemma-4-26b-a4b,T_MATCH,fault_type,HTTPRequestDelay,0.0,0.0,0,0,5,0.0,1.0,,1.0
gemma-4-26b-a4b,T_MATCH,fault_type,HTTPRequestReplaceMethod,0.25,0.375,0,1,8,-0.125,1.0,-0.35355339059327373,1.0
gemma-4-26b-a4b,T_MATCH,fault_type,HTTPResponseDelay,0.2,0.4,0,1,5,-0.2,1.0,-0.4472135954999579,1.0
gemma-4-26b-a4b,T_MATCH,fault_type,HTTPResponseReplaceBody,0.0,0.0,0,0,1,0.0,1.0,,1.0
gemma-4-26b-a4b,T_MATCH,fault_type,HTTPResponseReplaceCode,0.25,0.25,1,1,8,0.0,1.0,0.0,1.0
gemma-4-26b-a4b,T_MATCH,fault_type,JVMException,1.0,0.6666666666666666,1,0,3,0.3333333333333333,1.0,0.5773502691896256,1.0
gemma-4-26b-a4b,T_MATCH,fault_type,JVMLatency,1.0,1.0,0,0,1,0.0,1.0,,1.0
gemma-4-26b-a4b,T_MATCH,fault_type,JVMMemoryStress,0.6666666666666666,0.6666666666666666,1,1,9,0.0,1.0,0.0,1.0
gemma-4-26b-a4b,T_MATCH,fault_type,NetworkBandwidth,0.5,0.0,1,0,2,0.5,1.0,0.7071067811865475,1.0
gemma-4-26b-a4b,T_MATCH,fault_type,NetworkCorrupt,1.0,0.0,2,0,2,1.0,0.5,,1.0
gemma-4-26b-a4b,T_MATCH,fault_type,NetworkLoss,1.0,1.0,0,0,1,0.0,1.0,,1.0
gemma-4-26b-a4b,T_MATCH,fault_type,NetworkPartition,0.0,0.0,0,0,3,0.0,1.0,,1.0
gemma-4-26b-a4b,T_MATCH,fault_type,PodKill,1.0,0.0,1,0,1,1.0,1.0,,1.0
gemma-4-26b-a4b,T_MATCH,fault_type,cpu stress,0.16666666666666666,0.3333333333333333,1,2,6,-0.16666666666666666,1.0,-0.22140372138502382,1.0
gemma-4-26b-a4b,T_MATCH,fault_type,dns error,0.0,0.0,0,0,4,0.0,1.0,,1.0
gemma-4-26b-a4b,T_MATCH,fault_type,io fault,0.0,0.0,0,0,3,0.0,1.0,,1.0
gemma-4-26b-a4b,T_MATCH,fault_type,jvm cpu,0.6666666666666666,0.6666666666666666,1,1,3,0.0,1.0,0.0,1.0
gemma-4-26b-a4b,T_MATCH,fault_type,jvm exception,0.4,0.2,1,0,5,0.2,1.0,0.4472135954999579,1.0
gemma-4-26b-a4b,T_MATCH,fault_type,jvm gc,0.0,0.0,0,0,1,0.0,1.0,,1.0
gemma-4-26b-a4b,T_MATCH,fault_type,jvm latency,0.0,0.0,0,0,3,0.0,1.0,,1.0
gemma-4-26b-a4b,T_MATCH,fault_type,k8s容器cpu负载,0.6,0.4,1,0,5,0.2,1.0,0.44721359549995787,1.0
gemma-4-26b-a4b,T_MATCH,fault_type,k8s容器内存负载,0.16666666666666666,0.0,1,0,6,0.16666666666666666,1.0,0.408248290463863,1.0
gemma-4-26b-a4b,T_MATCH,fault_type,k8s容器写io负载,0.5,1.0,0,1,2,-0.5,1.0,-0.7071067811865475,1.0
gemma-4-26b-a4b,T_MATCH,fault_type,k8s容器网络丢包,0.0,0.0,0,0,4,0.0,1.0,,1.0
gemma-4-26b-a4b,T_MATCH,fault_type,k8s容器网络延迟,0.125,0.0,1,0,8,0.125,1.0,0.35355339059327373,1.0
gemma-4-26b-a4b,T_MATCH,fault_type,k8s容器网络资源包损坏,0.2857142857142857,0.14285714285714285,1,0,7,0.14285714285714285,1.0,0.37796447300922714,1.0
gemma-4-26b-a4b,T_MATCH,fault_type,k8s容器网络资源包重复发送,0.2,0.2,0,0,5,0.0,1.0,,1.0
gemma-4-26b-a4b,T_MATCH,fault_type,k8s容器读io负载,0.75,0.25,2,0,4,0.5,0.5,0.8660254037844387,1.0
gemma-4-26b-a4b,T_MATCH,fault_type,k8s容器进程中止,0.3333333333333333,0.0,1,0,3,0.3333333333333333,1.0,0.5773502691896256,1.0
gemma-4-26b-a4b,T_MATCH,fault_type,memory stress,0.0,0.0,0,0,4,0.0,1.0,,1.0
gemma-4-26b-a4b,T_MATCH,fault_type,network corrupt,0.125,0.125,0,0,4,0.0,1.0,0.0,1.0
gemma-4-26b-a4b,T_MATCH,fault_type,network delay,0.25,0.25,0,0,4,0.0,1.0,,1.0
gemma-4-26b-a4b,T_MATCH,fault_type,network loss,0.25,0.5,1,2,4,-0.25,1.0,-0.26111648393354675,1.0
gemma-4-26b-a4b,T_MATCH,fault_type,node cpu stress,1.0,1.0,0,0,2,0.0,1.0,,1.0
gemma-4-26b-a4b,T_MATCH,fault_type,node disk fill,0.5,0.75,0,1,4,-0.25,1.0,-0.5,1.0
gemma-4-26b-a4b,T_MATCH,fault_type,node memory stress,0.0,0.3333333333333333,0,1,3,-0.3333333333333333,1.0,-0.5773502691896256,1.0
gemma-4-26b-a4b,T_MATCH,fault_type,node 内存消耗,0.0,0.0,0,0,3,0.0,1.0,,1.0
gemma-4-26b-a4b,T_MATCH,fault_type,node 磁盘写IO消耗,0.3333333333333333,0.6666666666666666,0,1,3,-0.3333333333333333,1.0,-0.5773502691896256,1.0
gemma-4-26b-a4b,T_MATCH,fault_type,node 磁盘空间消耗,1.0,1.0,0,0,2,0.0,1.0,,1.0
gemma-4-26b-a4b,T_MATCH,fault_type,node 磁盘读IO消耗,0.25,0.5,0,1,4,-0.25,1.0,-0.5,1.0
gemma-4-26b-a4b,T_MATCH,fault_type,node节点CPU故障,0.0,0.5,0,1,2,-0.5,1.0,-0.7071067811865475,1.0
gemma-4-26b-a4b,T_MATCH,fault_type,node节点CPU爬升,0.0,0.0,0,0,2,0.0,1.0,,1.0
gemma-4-26b-a4b,T_MATCH,fault_type,pod failure,0.0,0.0,0,0,8,0.0,1.0,,1.0
gemma-4-26b-a4b,T_MATCH,fault_type,pod kill,0.0,0.0,0,0,1,0.0,1.0,,1.0
gemma-4-26b-a4b,T_MATCH,fault_type,target port misconfig,0.0,0.0,0,0,1,0.0,1.0,,1.0
gemma-4-26b-a4b,REMOTE_ID,dataset,aegislab,0.4166666666666667,0.4,5,4,60,0.016666666666666666,0.7388826803635273,0.04271259896190345,1.0
gemma-4-26b-a4b,REMOTE_ID,dataset,aiops2022,0.2833333333333333,0.2833333333333333,1,1,60,0.0,1.0,0.0,1.0
gemma-4-26b-a4b,REMOTE_ID,dataset,aiops2025,0.19166666666666668,0.20833333333333334,0,1,60,-0.016666666666666666,0.31731050786291415,-0.12909944487358055,1.0
gemma-4-26b-a4b,REMOTE_ID,level,node,0.32,0.28,1,0,25,0.04,0.31731050786291415,0.19999999999999998,1.0
gemma-4-26b-a4b,REMOTE_ID,level,pod,0.391304347826087,0.43478260869565216,0,1,23,-0.043478260869565216,0.31731050786291415,-0.20851441405707474,1.0
gemma-4-26b-a4b,REMOTE_ID,level,pod/service,0.0,0.0,0,0,15,0.0,1.0,,1.0
gemma-4-26b-a4b,REMOTE_ID,level,service,0.31196581196581197,0.31196581196581197,5,5,117,0.0,1.0,0.0,1.0
gemma-4-26b-a4b,REMOTE_ID,fault_type,ContainerKill,0.6666666666666666,0.8333333333333334,1,2,6,-0.16666666666666666,1.0,-0.2214037213850238,1.0
gemma-4-26b-a4b,REMOTE_ID,fault_type,HTTPRequestAbort,0.2,0.0,1,0,5,0.2,1.0,0.44721359549995787,1.0
gemma-4-26b-a4b,REMOTE_ID,fault_type,HTTPRequestDelay,0.0,0.2,0,1,5,-0.2,1.0,-0.44721359549995787,1.0
gemma-4-26b-a4b,REMOTE_ID,fault_type,HTTPRequestReplaceMethod,0.25,0.25,0,0,8,0.0,1.0,,1.0
gemma-4-26b-a4b,REMOTE_ID,fault_type,HTTPResponseDelay,0.2,0.2,0,0,5,0.0,1.0,,1.0
gemma-4-26b-a4b,REMOTE_ID,fault_type,HTTPResponseReplaceBody,0.0,0.0,0,0,1,0.0,1.0,,1.0
gemma-4-26b-a4b,REMOTE_ID,fault_type,HTTPResponseReplaceCode,0.25,0.375,0,1,8,-0.125,1.0,-0.35355339059327373,1.0
gemma-4-26b-a4b,REMOTE_ID,fault_type,JVMException,1.0,0.6666666666666666,1,0,3,0.3333333333333333,1.0,0.5773502691896256,1.0
gemma-4-26b-a4b,REMOTE_ID,fault_type,JVMLatency,1.0,1.0,0,0,1,0.0,1.0,,1.0
gemma-4-26b-a4b,REMOTE_ID,fault_type,JVMMemoryStress,0.6666666666666666,0.4444444444444444,2,0,9,0.2222222222222222,0.5,0.5039526306789696,1.0
gemma-4-26b-a4b,REMOTE_ID,fault_type,NetworkBandwidth,0.5,0.5,0,0,2,0.0,1.0,,1.0
gemma-4-26b-a4b,REMOTE_ID,fault_type,NetworkCorrupt,1.0,1.0,0,0,2,0.0,1.0,,1.0
gemma-4-26b-a4b,REMOTE_ID,fault_type,NetworkLoss,1.0,1.0,0,0,1,0.0,1.0,,1.0
gemma-4-26b-a4b,REMOTE_ID,fault_type,NetworkPartition,0.0,0.0,0,0,3,0.0,1.0,,1.0
gemma-4-26b-a4b,REMOTE_ID,fault_type,PodKill,1.0,1.0,0,0,1,0.0,1.0,,1.0
gemma-4-26b-a4b,REMOTE_ID,fault_type,cpu stress,0.16666666666666666,0.16666666666666666,0,0,6,0.0,1.0,,1.0
gemma-4-26b-a4b,REMOTE_ID,fault_type,dns error,0.0,0.0,0,0,4,0.0,1.0,,1.0
gemma-4-26b-a4b,REMOTE_ID,fault_type,io fault,0.0,0.3333333333333333,0,1,3,-0.3333333333333333,1.0,-0.5773502691896256,1.0
gemma-4-26b-a4b,REMOTE_ID,fault_type,jvm cpu,0.6666666666666666,0.6666666666666666,0,0,3,0.0,1.0,,1.0
gemma-4-26b-a4b,REMOTE_ID,fault_type,jvm exception,0.4,0.4,0,0,5,0.0,1.0,,1.0
gemma-4-26b-a4b,REMOTE_ID,fault_type,jvm gc,0.0,0.0,0,0,1,0.0,1.0,,1.0
gemma-4-26b-a4b,REMOTE_ID,fault_type,jvm latency,0.0,0.0,0,0,3,0.0,1.0,,1.0
gemma-4-26b-a4b,REMOTE_ID,fault_type,k8s容器cpu负载,0.6,0.6,0,0,5,0.0,1.0,,1.0
gemma-4-26b-a4b,REMOTE_ID,fault_type,k8s容器内存负载,0.16666666666666666,0.16666666666666666,0,0,6,0.0,1.0,,1.0
gemma-4-26b-a4b,REMOTE_ID,fault_type,k8s容器写io负载,0.5,0.5,0,0,2,0.0,1.0,,1.0
gemma-4-26b-a4b,REMOTE_ID,fault_type,k8s容器网络丢包,0.0,0.0,0,0,4,0.0,1.0,,1.0
gemma-4-26b-a4b,REMOTE_ID,fault_type,k8s容器网络延迟,0.125,0.25,0,1,8,-0.125,1.0,-0.35355339059327373,1.0
gemma-4-26b-a4b,REMOTE_ID,fault_type,k8s容器网络资源包损坏,0.2857142857142857,0.2857142857142857,0,0,7,0.0,1.0,,1.0
gemma-4-26b-a4b,REMOTE_ID,fault_type,k8s容器网络资源包重复发送,0.2,0.2,0,0,5,0.0,1.0,,1.0
gemma-4-26b-a4b,REMOTE_ID,fault_type,k8s容器读io负载,0.75,0.75,0,0,4,0.0,1.0,,1.0
gemma-4-26b-a4b,REMOTE_ID,fault_type,k8s容器进程中止,0.3333333333333333,0.3333333333333333,0,0,3,0.0,1.0,,1.0
gemma-4-26b-a4b,REMOTE_ID,fault_type,memory stress,0.0,0.0,0,0,4,0.0,1.0,,1.0
gemma-4-26b-a4b,REMOTE_ID,fault_type,network corrupt,0.125,0.125,0,0,4,0.0,1.0,,1.0
gemma-4-26b-a4b,REMOTE_ID,fault_type,network delay,0.25,0.25,0,0,4,0.0,1.0,,1.0
gemma-4-26b-a4b,REMOTE_ID,fault_type,network loss,0.25,0.25,0,0,4,0.0,1.0,,1.0
gemma-4-26b-a4b,REMOTE_ID,fault_type,node cpu stress,1.0,1.0,0,0,2,0.0,1.0,,1.0
gemma-4-26b-a4b,REMOTE_ID,fault_type,node disk fill,0.5,0.5,0,0,4,0.0,1.0,,1.0
gemma-4-26b-a4b,REMOTE_ID,fault_type,node memory stress,0.0,0.0,0,0,3,0.0,1.0,,1.0
gemma-4-26b-a4b,REMOTE_ID,fault_type,node 内存消耗,0.0,0.0,0,0,3,0.0,1.0,,1.0
gemma-4-26b-a4b,REMOTE_ID,fault_type,node 磁盘写IO消耗,0.3333333333333333,0.0,1,0,3,0.3333333333333333,1.0,0.5773502691896256,1.0
gemma-4-26b-a4b,REMOTE_ID,fault_type,node 磁盘空间消耗,1.0,1.0,0,0,2,0.0,1.0,,1.0
gemma-4-26b-a4b,REMOTE_ID,fault_type,node 磁盘读IO消耗,0.25,0.25,0,0,4,0.0,1.0,,1.0
gemma-4-26b-a4b,REMOTE_ID,fault_type,node节点CPU故障,0.0,0.0,0,0,2,0.0,1.0,,1.0
gemma-4-26b-a4b,REMOTE_ID,fault_type,node节点CPU爬升,0.0,0.0,0,0,2,0.0,1.0,,1.0
gemma-4-26b-a4b,REMOTE_ID,fault_type,pod failure,0.0,0.0,0,0,8,0.0,1.0,,1.0
gemma-4-26b-a4b,REMOTE_ID,fault_type,pod kill,0.0,0.0,0,0,1,0.0,1.0,,1.0
gemma-4-26b-a4b,REMOTE_ID,fault_type,target port misconfig,0.0,0.0,0,0,1,0.0,1.0,,1.0
