selected_metric_series,paired_readings,continuous_bar_glyphs,entity_panels,isolated_panel_owners,case,dataset,level,gold_direct_panel,gold_isolated_panel,isolated_panel_count,nodes,width,height
12,12,0,3,['711'],INC-0060628741E9,aiops2022,service,False,False,1,21,2304,4522
12,12,0,11,"['564', '719', '762', '763', '779', '826', '932']",INC-01BF937825D4,aegislab,service,True,False,7,17,2304,3682
12,12,0,10,"['170', '2365', '33369', '3545', '52872', '61323', '7105', '8522', '9086', '95731']",INC-03A46BA87920,aiops2025,pod/service,False,False,10,19,2304,3658
12,12,0,9,"['3229', '47106', '49253', '657', '74603', '85100']",INC-03AEF8BDD4EF,aiops2025,pod/service,True,True,6,27,2304,4834
12,12,0,9,"['30860', '3838', '6312', '741', '95531', '96629']",INC-04317463B3D0,aiops2025,service,False,False,6,22,2304,4224
12,12,12,6,"['130', '351', '650', '976']",INC-058FC5DD18AD,aegislab,service,False,False,4,17,2304,4500
12,12,0,4,"['40316', '92145']",INC-07AA9E05FB97,aiops2022,pod,False,False,2,21,2304,4452
12,12,0,12,"['10308', '211', '35700', '37132', '3977', '41281', '434', '838']",INC-07B8919442D8,aiops2022,service,False,False,8,23,2304,4422
12,12,0,6,"['11282', '131', '2532', '63015', '81384', '93859']",INC-0986D6C54EC6,aiops2022,node,False,False,6,24,2304,4678
12,12,0,6,"['129', '21071', '9477']",INC-0ABCFE10D32D,aiops2022,pod,True,False,3,20,2304,4320
12,12,7,8,"['316', '463', '624', '631', '657', '786']",INC-0BA573DA51CC,aegislab,service,False,False,6,17,2304,4074
12,12,1,4,"['452', '887']",INC-0E6F68EDF409,aegislab,service,True,False,2,19,2304,4182
12,12,6,4,"['264', '418']",INC-10DCE8EC986A,aegislab,service,True,False,2,16,2304,4102
12,12,0,5,"['191', '79150', '93764']",INC-11AFCDDD7B6E,aiops2022,service,False,False,3,23,2304,4652
12,12,0,4,"['13934', '33864', '44211']",INC-123B5115D9C1,aiops2022,service,False,False,3,24,2304,4766
12,12,0,4,"['657', '660', '93346']",INC-1595063C5B11,aiops2022,pod,True,False,3,21,2304,4400
12,12,0,8,"['30619', '567', '6011', '62535', '639', '66450', '90007', '978']",INC-17615889CDA7,aiops2025,service,True,True,8,19,2304,3694
12,12,0,6,"['358', '488', '961']",INC-1A47F4D45593,aegislab,service,True,True,3,16,2304,3780
12,12,0,3,"['467', '94652']",INC-1AC00B482121,aiops2025,pod/service,False,False,2,17,2304,3852
12,12,0,9,"['131', '3103', '404', '677', '71933', '80924']",INC-1B936A4C6354,aiops2025,service,True,True,6,20,2304,4084
12,12,0,6,['270'],INC-1CFF421E24B8,aegislab,service,True,False,1,15,2304,4256
12,12,0,8,"['472', '745', '813']",INC-1D3579F09C93,aegislab,service,False,False,3,17,2304,3970
12,12,1,8,"['175', '300']",INC-1D40A642FA86,aegislab,service,True,False,2,17,2304,4126
12,12,0,5,"['39807', '53396', '86665']",INC-1E6DCFC0A453,aiops2022,service,False,False,3,23,2304,4704
12,12,8,2,[],INC-1F5529D2CA5E,aegislab,service,True,False,0,19,2304,4608
12,12,0,7,"['156', '22036', '55303', '643', '786', '902']",INC-1FD94FA4DDB2,aiops2025,service,True,True,6,21,2304,4190
12,12,0,9,"['11869', '11876', '240', '33278', '65049', '701', '70539', '746', '9731']",INC-1FDAD91BB9BE,aiops2025,service,False,False,9,22,2304,3964
12,12,0,9,"['11738', '28852', '324', '344', '3816', '44667', '53161', '5407', '68587']",INC-1FDDC9D9F646,aiops2022,pod,False,False,9,24,2304,4442
12,12,0,3,"['403', '41037', '682']",INC-26579BE78F64,aiops2025,service,False,False,3,20,2304,4114
12,12,0,10,"['1026', '22486', '2426', '43600', '534', '58986', '614', '652', '906', '907']",INC-27CBD1F8668A,aiops2025,pod/service,False,False,10,20,2304,3754
12,12,11,2,['419'],INC-27F3CF9F35C3,aegislab,service,True,True,1,19,2304,4738
12,12,7,3,['449'],INC-2901DC0C5EA7,aegislab,service,True,True,1,19,2304,4382
12,12,0,7,[],INC-29F57B93C9F9,aegislab,service,True,False,0,16,2304,4152
12,12,0,7,"['11182', '118', '188', '245', '41176', '51081', '80277']",INC-2A292B511B14,aiops2025,service,False,False,7,22,2304,4208
12,12,0,7,"['17392', '25050', '266', '57378', '82573']",INC-2B5B37FB4D11,aiops2025,service,False,False,5,26,2304,4956
12,12,0,5,"['222', '37628', '66296', '86777', '97140']",INC-2CABCD159021,aiops2022,node,False,False,5,24,2304,4540
12,12,0,4,"['453', '710', '99585']",INC-2FF9FCA71E6D,aiops2022,service,False,False,3,20,2304,4122
12,12,0,11,"['2394', '2820', '34397', '42768', '49456', '53929', '675', '9380']",INC-316B59616EA8,aiops2025,service,False,False,8,25,2304,4632
12,12,0,5,"['41777', '677', '8008', '9472']",INC-3292326B0AA6,aiops2022,node,True,True,4,20,2304,4260
12,12,12,2,"['800', '955']",INC-331437929E47,aegislab,service,False,False,2,16,2304,4242
12,12,10,4,"['193', '485', '763']",INC-332110D70FB3,aegislab,service,False,False,3,17,2304,4276
12,12,0,6,"['22171', '29646', '688', '712', '790']",INC-335A9F3A663E,aiops2022,service,False,False,5,24,2304,4678
12,12,6,2,[],INC-34562D2C5CC4,aegislab,service,False,False,0,17,2304,4208
12,12,0,5,"['19005', '440', '71157']",INC-358CBE8D4527,aiops2022,pod,False,False,3,23,2304,4574
12,12,0,4,"['10627', '56932', '932']",INC-375083DFDFBE,aiops2025,service,False,False,3,21,2304,4192
12,12,0,5,[],INC-37ABFB78A80E,aegislab,service,True,False,0,16,2304,4240
12,12,0,10,"['10941', '22430', '4987', '50634', '60763', '889']",INC-38605D04F34F,aiops2025,pod/service,True,False,6,26,2304,4850
12,12,0,3,"['30110', '39770', '74010']",INC-38A22FDFB326,aiops2022,pod,True,True,3,23,2304,4688
12,12,0,7,"['137', '1994', '614', '705', '8070', '9834']",INC-392EE028390B,aiops2025,service,True,True,6,19,2304,4024
12,12,11,3,[],INC-39B0C8694807,aegislab,service,True,False,0,16,2304,4380
12,12,0,5,"['29829', '87854', '93667']",INC-3B6FE224D74B,aiops2025,service,True,False,3,25,2304,4766
12,12,0,8,"['2016', '27774', '362', '411', '498', '513', '7267']",INC-3D65ABCF1DD8,aiops2025,pod/service,True,False,7,22,2304,4294
12,12,0,7,"['17004', '3149', '42053', '59407', '67093', '993']",INC-4223B0F4F49C,aiops2022,pod,True,False,6,24,2304,4530
12,12,0,11,"['1569', '20211', '32952', '40733', '468', '52706', '57004', '761', '79551', '82039']",INC-46EA9B460B2C,aiops2022,pod,False,False,10,27,2304,4850
12,12,12,2,['570'],INC-491E85FD6009,aegislab,service,True,False,1,16,2304,4320
12,12,0,3,"['34428', '36212']",INC-4D6E62700175,aiops2022,pod,False,False,2,25,2304,5114
12,12,0,10,"['22934', '3180', '55058', '815', '850', '86433', '876']",INC-50AFA840E6F8,aiops2025,service,False,False,7,24,2304,4632
12,12,12,2,['871'],INC-50C26A55D214,aegislab,service,True,False,1,18,2304,4564
12,12,0,9,"['15748', '52199', '58770', '73759', '91356', '92890']",INC-556C50BDC08D,aiops2022,service,False,False,6,28,2304,4982
12,12,0,5,"['16479', '220', '314', '51197']",INC-56A429CF3650,aiops2022,service,False,False,4,22,2304,4426
12,12,0,3,"['37066', '71200', '99664']",INC-5C2F191841A2,aiops2022,service,False,False,3,23,2304,4636
12,12,0,9,"['2409', '4882', '5751', '603', '6074', '69809', '8735', '901']",INC-5CE6915288DD,aiops2025,node,True,True,8,23,2304,4554
12,12,0,4,"['91674', '924']",INC-5EADA73E94EC,aiops2025,node,False,False,2,22,2304,4470
12,12,0,4,"['618', '61884']",INC-630A596CDD84,aiops2022,pod,False,False,2,23,2304,4748
12,12,0,7,"['5152', '527', '70128', '84268', '8728']",INC-65CE2F2F3440,aiops2022,node,True,False,5,22,2304,4416
12,12,0,5,"['153', '27116', '416', '51205']",INC-68BAACF4BB36,aiops2022,pod,True,True,4,21,2304,4278
12,12,10,1,['716'],INC-6A048DD0C35E,aegislab,service,False,False,1,15,2304,4268
12,12,0,7,"['29679', '34669', '46829', '498', '519', '7148', '8938']",INC-6BFD1970A6D7,aiops2025,service,False,False,7,24,2304,4686
12,12,0,12,"['219', '294', '641', '742', '822', '993']",INC-6C8EA77140FF,aegislab,service,False,False,6,17,2304,3690
12,12,7,1,['851'],INC-6D1C8225111D,aegislab,service,False,False,1,16,2304,4026
12,12,0,9,"['20304', '38449', '45990', '57839', '75114', '790', '85240']",INC-6E627662CA32,aiops2022,pod,True,False,7,26,2304,4660
12,12,0,8,"['16967', '56474', '643', '751', '802', '8820']",INC-6E6E1B20F2D5,aiops2025,node,True,True,6,24,2304,4668
12,12,0,3,"['265', '5048', '789']",INC-6EF79652EA22,aiops2022,node,False,False,3,19,2304,4044
12,12,0,8,"['269', '3670', '438', '468', '53337', '57449', '68577', '93651']",INC-6FDD214ABC63,aiops2025,service,False,False,8,22,2304,4242
12,12,0,5,"['4364', '5087', '54019', '74725']",INC-7558C271EC45,aiops2022,pod,True,False,4,22,2304,4556
12,12,10,2,['997'],INC-76E86205A1E4,aegislab,service,False,False,1,17,2304,4208
12,12,8,9,"['242', '270', '309', '311', '329', '367', '380', '799']",INC-776EE000D01C,aegislab,service,False,False,8,17,2304,3952
12,12,0,3,"['203', '27823', '463']",INC-77C683F9B6C0,aiops2025,service,False,False,3,22,2304,4462
12,12,0,9,"['35318', '407', '59055', '77054', '81477', '9455', '97060']",INC-7C21112F33BD,aiops2025,node,False,False,7,27,2304,4964
12,12,0,5,"['2485', '65470', '913', '9311']",INC-7C2B878AC3BB,aiops2022,pod,False,False,4,18,2304,3860
12,12,0,6,"['19536', '41128', '41263', '43627', '95752']",INC-7CA062069501,aiops2025,service,True,False,5,23,2304,4634
12,12,0,2,['997'],INC-7D95F2013B97,aiops2022,pod,True,False,1,19,2304,4088
12,12,0,6,"['208', '22913', '255', '656', '72863']",INC-7E5014ED408C,aiops2025,service,False,False,5,21,2304,4208
12,12,0,6,"['191', '22784', '5912']",INC-7F84D3BE3772,aiops2022,node,True,False,3,21,2304,4338
12,12,6,8,"['258', '514', '592', '686']",INC-7FCA48559A2E,aegislab,service,True,False,4,15,2304,3856
12,12,0,3,"['63478', '708']",INC-80540E51533D,aiops2025,node,False,False,2,21,2304,4314
12,12,0,5,['96014'],INC-8201EB3924F3,aiops2025,service,True,False,1,22,2304,4556
12,12,0,9,"['275', '56220', '592', '70127', '82931', '924']",INC-83BCD48B2886,aiops2022,node,False,False,6,25,2304,4720
12,12,1,9,"['114', '122', '331', '433', '448', '468', '503', '841', '877']",INC-85C93CE3CB89,aegislab,service,False,False,9,18,2304,3710
12,12,0,10,"['10366', '1178', '154', '28492', '43251', '50410', '95299']",INC-86158623978C,aiops2025,service,True,False,7,27,2304,4842
12,12,0,1,[],INC-8682AD2CADE1,aiops2022,node,False,False,0,20,2304,4280
12,12,0,10,"['130', '1306', '21130', '68649', '73845', '7906', '9881']",INC-881461551C98,aiops2025,service,False,False,7,24,2304,4554
12,12,0,10,"['17244', '2333', '261', '309', '422', '68436', '84528', '87040', '8767', '999']",INC-8991CE65FDA1,aiops2025,service,False,False,10,25,2304,4546
12,12,1,5,"['457', '910']",INC-8D7BC30E2DAB,aegislab,service,True,False,2,19,2304,4216
12,12,0,8,"['19921', '251', '6585', '75173']",INC-8E0FB1B7B3FE,aiops2025,service,True,False,4,26,2304,5016
12,12,0,8,"['15014', '216', '53329', '569', '62858', '71167', '8201', '98098']",INC-8E1DFDBC7F96,aiops2025,pod/service,True,True,8,27,2304,4956
12,12,8,3,"['692', '842']",INC-8E91494BF92F,aegislab,service,True,True,2,18,2304,4286
12,12,1,11,"['476', '618', '719', '901']",INC-91CC9D691CA8,aegislab,service,True,False,4,18,2304,3934
12,12,0,8,"['223', '31225', '705', '83160', '9491']",INC-91DCB951C96E,aiops2022,pod,False,False,5,22,2304,4502
12,12,0,5,"['294', '6140', '97265']",INC-924208910E84,aiops2022,pod,True,True,3,19,2304,4216
12,12,0,7,"['12247', '39926', '45423', '73922', '864']",INC-9293D99C285C,aiops2022,service,False,False,5,25,2304,4990
12,12,0,9,"['133', '384', '481', '5617', '817', '99192']",INC-94EB4C70EFB7,aiops2025,node,True,False,6,19,2304,3832
12,12,0,11,"['5226', '645', '689', '7082', '718']",INC-96E8C237EFAF,aiops2025,service,True,False,5,22,2304,4318
12,12,0,6,"['4451', '53720', '76479', '88381', '92572']",INC-977EEEDB6E71,aiops2022,node,True,True,5,23,2304,4634
12,12,6,7,['624'],INC-97B043342751,aegislab,service,True,False,1,15,2304,4004
12,12,0,2,['59591'],INC-97ECDC5FFBD8,aiops2022,node,False,False,1,21,2304,4540
12,12,6,6,"['548', '583', '839']",INC-992C09A89DC9,aegislab,service,True,False,3,15,2304,4334
12,12,0,9,"['303', '48601', '61527', '62583', '79515', '9180', '948', '9498']",INC-9AB0165E6803,aiops2022,service,False,False,8,24,2304,4598
12,12,0,5,"['11555', '42602', '53181', '5529', '891']",INC-9ACC29B9B330,aiops2022,node,True,True,5,25,2304,4792
12,12,0,8,"['375', '576']",INC-9AF32547D264,aegislab,service,True,False,2,17,2304,4022
12,12,0,12,"['166', '188', '21852', '42918', '4536', '47356', '6249', '6604', '66438', '70548', '756']",INC-9C225C04C814,aiops2025,pod/service,False,False,11,26,2304,4736
12,12,0,9,"['2924', '35171', '39437', '75493', '779', '838']",INC-9C8982A9736C,aiops2025,service,False,False,6,25,2304,4720
12,12,4,4,['752'],INC-9CE8985F3DCB,aegislab,service,False,False,1,15,2304,3850
12,12,0,8,"['610', '62540', '64408', '689', '9798']",INC-9D1784608F61,aiops2025,node,True,False,5,22,2304,4398
12,12,0,8,"['21246', '24902', '32621', '553', '654', '66229', '9674']",INC-9DDF62CAF256,aiops2025,pod/service,False,False,7,26,2304,4860
12,12,0,8,"['693', '913']",INC-A195F9A69AFC,aegislab,service,True,False,2,16,2304,3640
12,12,0,12,"['15282', '21581', '4134', '61780', '62120', '67831', '71627', '7666', '83223']",INC-A19BB8DA9651,aiops2022,node,False,False,9,26,2304,4684
12,12,2,8,"['331', '495', '541', '614', '668', '952']",INC-A2F0E757DD2A,aegislab,service,True,False,6,20,2304,4102
12,12,8,3,[],INC-A30E2AFB40B0,aegislab,service,True,False,0,19,2304,4694
12,12,9,4,['746'],INC-A5BE8AEFA87F,aegislab,service,True,False,1,18,2304,4684
12,12,3,7,['883'],INC-A88DDA849391,aegislab,service,True,False,1,20,2304,4510
12,12,5,3,"['241', '338']",INC-A89422C045DE,aegislab,service,False,False,2,18,2304,4130
12,12,0,8,"['20263', '251', '44866', '55661', '68078', '838', '84187', '98070']",INC-ABA10DF868CA,aiops2025,service,True,True,8,22,2304,3982
12,12,0,8,"['652', '73990', '811', '882', '94426', '94772']",INC-AC9FBC0EC13D,aiops2025,pod/service,False,False,6,24,2304,4434
12,12,0,8,"['14898', '262', '37117', '60801', '79276', '851', '8831']",INC-B3349051A0EF,aiops2025,service,False,False,7,26,2304,4782
12,12,0,7,[],INC-B4C69A1E0459,aegislab,service,True,False,0,16,2304,4308
12,12,0,10,"['38414', '42815', '45409', '528', '57703', '83462', '98644', '98755']",INC-B51CCEE61D70,aiops2022,service,False,False,8,27,2304,4998
12,12,0,8,"['17889', '22186', '49661', '55413', '745', '99355']",INC-B5AB9A371DE9,aiops2022,node,False,False,6,27,2304,5086
12,12,3,6,"['718', '782']",INC-B5C0BC6A223E,aegislab,service,True,False,2,15,2304,4048
12,12,0,12,"['106', '128', '19989', '200', '285', '60188', '69927', '70263', '78095', '81832', '944']",INC-B63AC53AB86F,aiops2022,pod,False,False,11,28,2304,4980
12,12,0,10,"['162', '42913', '4390', '61093', '63102', '71334', '73995', '84252']",INC-B63F1516296F,aiops2022,service,False,False,8,27,2304,4868
12,12,3,3,"['501', '650', '704']",INC-B77D2FD0C248,aegislab,service,False,False,3,15,2304,4076
12,12,0,8,"['195', '20814', '54001', '57863', '830', '95167', '96883']",INC-B861B23C1EB4,aiops2022,node,False,False,7,26,2304,4808
12,12,0,10,"['17929', '312', '3430', '39602', '51547', '83016', '969']",INC-B8CEA35848D0,aiops2025,service,True,False,7,26,2304,4850
12,12,1,7,['975'],INC-B95CA78A9FA8,aegislab,service,True,False,1,19,2304,4622
12,12,0,9,"['20619', '30072', '35337', '60416', '71827', '874']",INC-B9652C6DC060,aiops2025,pod/service,False,False,6,23,2304,4502
12,12,0,7,"['2660', '46519', '70692']",INC-BA41A280E858,aiops2022,pod,True,False,3,21,2304,4320
12,12,0,11,"['15556', '19402', '29874', '36090', '48158', '55878', '743', '75491', '76821', '80976', '95824']",INC-BD1281C405F3,aiops2022,service,False,False,11,29,2304,4938
12,12,0,3,"['22868', '471', '67182']",INC-BD30D389E22B,aiops2022,pod,True,True,3,22,2304,4514
12,12,0,9,[],INC-BD5F475DAC3C,aegislab,service,True,False,0,15,2304,4020
12,12,0,3,['444'],INC-BD921BAF43A1,aiops2022,node,False,False,1,20,2304,4218
12,12,6,3,"['569', '714']",INC-BF08743A4A7D,aegislab,service,True,True,2,20,2304,4608
12,12,0,8,"['31340', '34488', '5788', '64389', '64567', '750', '7611', '96497']",INC-C10F5EA649A5,aiops2025,node,False,False,8,26,2304,4704
12,12,6,4,"['185', '843']",INC-C1795BBAEEF2,aegislab,service,True,False,2,16,2304,3946
12,12,8,2,['360'],INC-C426468D92A8,aegislab,service,True,False,1,16,2304,4242
12,12,11,2,[],INC-C7962AC24637,aegislab,service,True,False,0,19,2304,4790
12,12,0,9,"['344', '404', '41140', '457', '7183', '78332', '857', '86051']",INC-CB5EC7C5D5E4,aiops2025,pod/service,False,False,8,23,2304,4528
12,12,0,5,"['18219', '77548']",INC-CCCFF766DA4B,aiops2022,pod,True,False,2,24,2304,4904
12,12,0,5,"['32808', '79267']",INC-CCE2A7ACCA59,aiops2022,pod,False,False,2,23,2304,4496
12,12,0,4,"['240', '256']",INC-CEA641BA3229,aegislab,service,False,False,2,18,2304,3982
12,12,3,5,['605'],INC-CEDB66058BB8,aegislab,service,True,False,1,19,2304,4372
12,12,0,7,"['19602', '34190', '3473', '49082', '76273', '791']",INC-D02CFDF1A4AE,aiops2025,service,True,False,6,24,2304,4634
12,12,0,8,"['13899', '497', '83204', '84573', '85955', '90890']",INC-D0BE36C455CD,aiops2022,service,False,False,6,26,2304,5042
12,12,0,4,"['49575', '61567']",INC-D3EAA310B962,aiops2022,service,False,False,2,24,2304,4870
12,12,0,8,"['11814', '333', '43094', '509', '764', '78720', '918']",INC-D573DF313B5A,aiops2025,pod/service,False,False,7,24,2304,4564
12,12,0,10,"['1356', '2353', '238', '280', '434', '49154', '61865', '63356', '801', '86403']",INC-D629BE49A3C4,aiops2025,node,False,False,10,23,2304,4276
12,12,0,9,"['48337', '50501', '59343', '61883', '6984', '81288', '8491']",INC-D639854EA9F7,aiops2022,pod,True,False,7,26,2304,4712
12,12,0,7,"['1159', '3473', '45650', '541', '7720', '885']",INC-D87134FF9ACF,aiops2025,pod/service,False,False,6,20,2304,4146
12,12,0,3,['638'],INC-D93BC27D5F39,aiops2025,service,True,False,1,19,2304,4148
12,12,5,4,['956'],INC-D9ABFB644D29,aegislab,service,True,False,1,16,2304,4414
12,12,0,7,['669'],INC-DB6E9CFCBBEA,aegislab,service,True,False,1,20,2304,4484
12,12,0,9,"['26254', '34734', '35858', '35874', '36424', '43308', '81033', '87837']",INC-DD972245679A,aiops2022,service,False,False,8,28,2304,4982
12,12,0,11,"['10482', '10605', '326', '33273', '60748', '8478', '953', '95884']",INC-DE4C5840855B,aiops2025,service,True,False,8,25,2304,4658
12,12,11,2,[],INC-E196793B7152,aegislab,service,True,False,0,19,2304,4530
12,12,0,8,"['11575', '241', '42724', '43789', '53856', '96915']",INC-E324D405FD70,aiops2025,service,True,False,6,24,2304,4538
12,12,0,5,"['61576', '72227', '89190']",INC-E518E9800304,aiops2022,service,False,False,3,22,2304,4374
12,12,0,8,"['22370', '25875', '37003', '47954', '5456', '68872', '9785', '9810']",INC-E687A1412352,aiops2025,pod/service,False,False,8,28,2304,4922
12,12,0,7,"['14325', '15368', '59967', '96385']",INC-E74124445490,aiops2025,service,True,False,4,25,2304,4808
12,12,7,1,[],INC-E92A6FFD9DC0,aegislab,service,False,False,0,15,2304,4060
12,12,2,6,['313'],INC-EDA23ECB5C82,aegislab,service,True,False,1,15,2304,3918
12,12,0,6,"['207', '243', '48810', '73637', '96154']",INC-EDDC755A08F5,aiops2025,service,False,False,5,25,2304,4904
12,12,0,5,"['17498', '528', '54209', '68762', '79197']",INC-EF0D5C71C864,aiops2022,service,False,False,5,25,2304,4896
12,12,0,9,"['13321', '20020', '27701', '289', '35592', '51392', '8311', '97990']",INC-EF768AE9D329,aiops2025,service,False,False,8,30,2304,5408
12,12,0,7,['943'],INC-F0B46AA8EB55,aegislab,service,False,False,1,18,2304,4240
12,12,0,8,"['45455', '51662', '6179', '63902', '70027', '77858']",INC-F30D0DDD63EF,aiops2025,service,False,False,6,26,2304,4782
12,12,0,5,"['453', '68798', '70400', '799']",INC-F8B9BD5ADA9C,aiops2022,service,False,False,4,20,2304,4052
12,12,0,7,['875'],INC-FB637C1175C2,aegislab,service,True,False,1,15,2304,4108
12,12,0,7,"['219', '461', '491', '845', '897']",INC-FBCBAA98002C,aegislab,service,True,False,5,18,2304,3772
12,12,8,4,"['365', '474', '607']",INC-FD27B5B35F1F,aegislab,service,True,True,3,15,2304,4084
12,12,0,7,"['524', '5958', '59884', '63764']",INC-FDC8B6B87BEB,aiops2022,node,False,False,4,20,2304,4068
