model,effect,n,delta,p,dz,group_sensitivity,p_holm
qwen3.8-27b,P,59,0.027895480226,0.09501903308232972,0.15311984342491028,"{""n"": 49, ""delta"": 0.02536848072565306, ""p"": 0.10906483346380633, ""dz"": 0.13157049329143664, ""p_holm"": 1.0}",1.0
qwen3.8-27b,H,59,0.022951977401118644,0.5327732141698831,0.14327384429540307,"{""n"": 49, ""delta"": 0.03103741496595918, ""p"": 0.4798114656339282, ""dz"": 0.1824550094806504, ""p_holm"": 1.0}",1.0
qwen3.8-27b,K,59,0.002471751412406779,0.794559407151087,0.015414261994306988,"{""n"": 49, ""delta"": 0.004960317460306123, ""p"": 0.7644636634607586, ""dz"": 0.028457824031706193, ""p_holm"": 1.0}",1.0
qwen3.8-27b,PH,59,-0.03742937853106779,0.14025739131904288,-0.14211447215566883,"{""n"": 49, ""delta"": -0.03373015873014285, ""p"": 0.15584076180974166, ""dz"": -0.12285741918032314, ""p_holm"": 1.0}",1.0
qwen3.8-27b,PK,59,0.009180790960457628,0.9383258810346969,0.051782456391758484,"{""n"": 49, ""delta"": 0.007086167800489796, ""p"": 0.9665601348628622, ""dz"": 0.037689110801321146, ""p_holm"": 1.0}",1.0
qwen3.8-27b,HK,59,-0.01483050847455932,0.4064675834633479,-0.08871932007926568,"{""n"": 49, ""delta"": -0.020124716553265306, ""p"": 0.39263885275126165, ""dz"": -0.11060347343364388, ""p_holm"": 1.0}",1.0
qwen3.8-27b,PHK,59,-0.0663841807909661,0.024728220761977296,-0.2074124298187164,"{""n"": 49, ""delta"": -0.07539682539683674, ""p"": 0.02576339258242787, ""dz"": -0.216451317624998, ""p_holm"": 0.36068749615399015}",0.34619509066768217
gemma-4-26b-a4b,P,60,-0.004166666666666667,0.31731050786291415,-0.12909944487358055,"{""n"": 50, ""delta"": -0.005, ""p"": 0.31731050786291415, ""dz"": -0.1414213562373095, ""p_holm"": 1.0}",1.0
gemma-4-26b-a4b,H,60,0.0,1.0,,"{""n"": 50, ""delta"": 0.0, ""p"": 1.0, ""dz"": null, ""p_holm"": 1.0}",1.0
gemma-4-26b-a4b,K,60,-0.004166666666666667,0.31731050786291415,-0.12909944487358055,"{""n"": 50, ""delta"": -0.005, ""p"": 0.31731050786291415, ""dz"": -0.1414213562373095, ""p_holm"": 1.0}",1.0
gemma-4-26b-a4b,PH,60,0.0,1.0,,"{""n"": 50, ""delta"": 0.0, ""p"": 1.0, ""dz"": null, ""p_holm"": 1.0}",1.0
gemma-4-26b-a4b,PK,60,-0.008333333333333333,0.31731050786291415,-0.12909944487358055,"{""n"": 50, ""delta"": -0.01, ""p"": 0.31731050786291415, ""dz"": -0.1414213562373095, ""p_holm"": 1.0}",1.0
gemma-4-26b-a4b,HK,60,0.0,1.0,,"{""n"": 50, ""delta"": 0.0, ""p"": 1.0, ""dz"": null, ""p_holm"": 1.0}",1.0
gemma-4-26b-a4b,PHK,60,0.0,1.0,,"{""n"": 50, ""delta"": 0.0, ""p"": 1.0, ""dz"": null, ""p_holm"": 1.0}",1.0
