stage,experiment,model,case,dimensions,ledger_scope,logical_key,status,call_key,artifact_root,failure_class,error,auto_retry,dataset,case_id,short_stage,arm
exp_contract_alignment,exp_contract_alignment,qwen3.8-27b,"{""case_id"": ""aiops2022_2022-03-24-cloudbed3_043"", ""dataset"": ""aiops2022"", ""end"": 1648135137.0, ""event"": ""2022-03-24-cloudbed3:1648133937.0"", ""leakage_group"": ""c9f2a004a409d09ef372dea10aa581039709b5b3d330e0597335eb9bebf7f3fb"", ""opaque_incident_id"": ""INC-68BAACF4BB36"", ""original_validation"": false, ""partition"": ""eval"", ""provenance"": {""historical_notes"": [""eval_connected_event_window""], ""historical_partition"": ""excluded"", ""historical_split"": ""registration_balanced_v3"", ""test_basis"": null}, ""source"": ""2022-03-24-cloudbed3"", ""start"": 1648132737.0}","{""arm"": ""SIRCL_NATIVE""}",rq34_formal,b1d86a229d0ef83732a140c18f0dec312b06e727aeacbecfedf21be8e9666f7e,fail,349ea25c5c19304a756197a28eeaceeb8a21233807f3a1cf1d25edcbc27cd498,/home/lglsj/CanvasRCA_nibi/RQs/RQ3_4/results/integrated_v1/stages/exp_contract_alignment/qwen3.8-27b,request_timeout,VLMError: qwen3.8-27b failed after 1 attempts: timed out,False,aiops2022,INC-68BAACF4BB36,contract,SIRCL_NATIVE
exp_contract_alignment,exp_contract_alignment,qwen3.8-27b,"{""case_id"": ""aiops2025_e55fb1cb-192"", ""dataset"": ""aiops2025"", ""end"": 1749554932.0, ""event"": ""e55fb1cb-192"", ""leakage_group"": ""be32394b8d35a6359353becd1d52973a8d308f458410161701165415101bc57c"", ""opaque_incident_id"": ""INC-6FDD214ABC63"", ""original_validation"": false, ""partition"": ""eval"", ""provenance"": {""historical_notes"": [""eval_connected_event_window""], ""historical_partition"": ""excluded"", ""historical_split"": ""registration_balanced_v3"", ""test_basis"": null}, ""source"": ""aiops2025"", ""start"": 1749552952.0}","{""arm"": ""SIRCL_IDS_ALT""}",rq34_formal,b9ddc3b33ea507fd95353515281cfe5d9dd17fc3bbd0249df54f61129ae863af,fail,3462c5e4acbeb3a1e77954d2b7e1ae1aad713dbc2c5010c13ddef0cc3b41e390,/home/lglsj/CanvasRCA_nibi/RQs/RQ3_4/results/integrated_v1/stages/exp_contract_alignment/qwen3.8-27b,request_timeout,VLMError: qwen3.8-27b failed after 1 attempts: timed out,False,aiops2025,INC-6FDD214ABC63,contract,SIRCL_IDS_ALT
exp_evidence_reasoning_factorial,exp_evidence_reasoning_factorial,qwen3.8-27b,"{""case_id"": ""aegislab_ts0-ts-ui-dashboard-response-replace-code-m8st7d"", ""dataset"": ""aegislab"", ""end"": 1754855007.0, ""event"": ""4665"", ""leakage_group"": ""01e249747b6d3c772f05e3ad841be86a0da9d762b40e669672ca2f39ba6f61f1"", ""opaque_incident_id"": ""INC-A89422C045DE"", ""original_validation"": false, ""partition"": ""eval"", ""provenance"": {""case_dir"": ""/home/lglsj/CanvasRCA/dataset/raw/aegislab/ts0-ts-ui-dashboard-response-replace-code-m8st7d"", ""datapack"": ""ts0-ts-ui-dashboard-response-replace-code-m8st7d"", ""env_source"": {""ABNORMAL_END"": ""1754855007"", ""ABNORMAL_START"": ""1754854768"", ""NAMESPACE"": ""ts0"", ""NORMAL_END"": ""1754854768"", ""NORMAL_START"": ""1754854528""}, ""historical_notes"": [], ""historical_partition"": ""rq480_eval"", ""source_file_identity_count"": 6, ""source_rule"": ""env_capture_envelope_plus_injection_id_alias_with_unique_file_identity_audit"", ""test_basis"": null}, ""source"": ""aegislab_capture:c534afcb0ca1d74deb2ff9059633c9a9d6bc104b29c7f66d995e4247a897f0ad"", ""start"": 1754854528.0}","{""arm"": ""P1H0K0_G""}",rq34_formal,edf6695efbf8d64b7f115f2b18cabf64d4f810f1f6e44cc79fc0d18b7ac57657,fail,c1375249d60b2a92a0e499b6dcabd16900cad1b6d7330f7d90fb25c4e1b6a581,/home/lglsj/CanvasRCA_nibi/RQs/RQ3_4/results/integrated_v1/stages/exp_evidence_reasoning_factorial/qwen3.8-27b,request_timeout,VLMError: qwen3.8-27b failed after 1 attempts: timed out,False,aegislab,INC-A89422C045DE,factor,P1H0K0_G
exp_verified_visual_binding,exp_verified_visual_binding,qwen3.8-27b,"{""case_id"": ""aegislab_ts0-ts-preserve-service-request-replace-method-48zkx2"", ""dataset"": ""aegislab"", ""end"": 1755059174.0, ""event"": ""5497"", ""leakage_group"": ""5d447ef5cea972e95335f24b1f0458020e10ebea227cd75d93e5323e877ec208"", ""opaque_incident_id"": ""INC-39B0C8694807"", ""original_validation"": false, ""partition"": ""eval"", ""provenance"": {""case_dir"": ""/home/lglsj/CanvasRCA/dataset/raw/aegislab/ts0-ts-preserve-service-request-replace-method-48zkx2"", ""datapack"": ""ts0-ts-preserve-service-request-replace-method-48zkx2"", ""env_source"": {""ABNORMAL_END"": ""1755059174"", ""ABNORMAL_START"": ""1755058935"", ""NAMESPACE"": ""ts0"", ""NORMAL_END"": ""1755058935"", ""NORMAL_START"": ""1755058695""}, ""historical_notes"": [], ""historical_partition"": ""rq480_eval"", ""source_file_identity_count"": 6, ""source_rule"": ""env_capture_envelope_plus_injection_id_alias_with_unique_file_identity_audit"", ""test_basis"": null}, ""source"": ""aegislab_capture:5f794649d662ec3653c267fd753e3654af9e0f3e402968fb63df30d55137b047"", ""start"": 1755058695.0}","{""arm"": ""T_NONE""}",rq34_formal,7b41d69f936725ab1082135303d0ff04bbb62510be75407992ee6f58068b0022,fail,9203fbc5a41ff75e93238c553b0e2aad04903b9cb0de9540de200ed6553f33b4,/home/lglsj/CanvasRCA_nibi/RQs/RQ3_4/results/integrated_v1/stages/exp_verified_visual_binding/qwen3.8-27b,request_timeout,VLMError: qwen3.8-27b failed after 1 attempts: timed out,False,aegislab,INC-39B0C8694807,binding,T_NONE
exp_verified_visual_binding,exp_verified_visual_binding,qwen3.8-27b,"{""case_id"": ""aegislab_ts4-ts-consign-service-latency-g5fj65"", ""dataset"": ""aegislab"", ""end"": 1755570607.0, ""event"": ""6326"", ""leakage_group"": ""4ec7607cfc89b69c03d2568bb9e2e5cae0a9bbd2edb75843d45661098a5514e7"", ""opaque_incident_id"": ""INC-8E91494BF92F"", ""original_validation"": false, ""partition"": ""eval"", ""provenance"": {""case_dir"": ""/home/lglsj/CanvasRCA/dataset/raw/aegislab/ts4-ts-consign-service-latency-g5fj65"", ""datapack"": ""ts4-ts-consign-service-latency-g5fj65"", ""env_source"": {""ABNORMAL_END"": ""1755570607"", ""ABNORMAL_START"": ""1755570368"", ""NAMESPACE"": ""ts4"", ""NORMAL_END"": ""1755570368"", ""NORMAL_START"": ""1755570128""}, ""historical_notes"": [], ""historical_partition"": ""rq480_eval"", ""source_file_identity_count"": 6, ""source_rule"": ""env_capture_envelope_plus_injection_id_alias_with_unique_file_identity_audit"", ""test_basis"": null}, ""source"": ""aegislab_capture:949c8401c533f0cb39f3dcb38cdb498267061048f8d451205af0a47f8c0dc628"", ""start"": 1755570128.0}","{""arm"": ""T_NONE""}",rq34_formal,7fbf1864dbca9b24abb502b4e670b7e58bce8fb409263e5bbf15517e63bc2932,fail,5d8c21bbebc0f44924a6e64e62b5f2264e3752ab61512619bc60f139e657335f,/home/lglsj/CanvasRCA_nibi/RQs/RQ3_4/results/integrated_v1/stages/exp_verified_visual_binding/qwen3.8-27b,request_timeout,VLMError: qwen3.8-27b failed after 1 attempts: timed out,False,aegislab,INC-8E91494BF92F,binding,T_NONE
exp_integrated_locked_check,exp_integrated_locked_check,qwen3.8-27b,"{""case_id"": ""aegislab_ts3-ts-ui-dashboard-request-abort-7z5bcm"", ""dataset"": ""aegislab"", ""end"": 1752900023.0, ""event"": ""219"", ""leakage_group"": ""27c2a11edaa8a44800c8c528eb3d70c3debed554016478e3deb55fa71ef59faf"", ""opaque_incident_id"": ""INC-01BF937825D4"", ""original_validation"": false, ""partition"": ""eval"", ""provenance"": {""case_dir"": ""/home/lglsj/CanvasRCA/dataset/raw/aegislab/ts3-ts-ui-dashboard-request-abort-7z5bcm"", ""datapack"": ""ts3-ts-ui-dashboard-request-abort-7z5bcm"", ""env_source"": {""ABNORMAL_END"": ""1752900023"", ""ABNORMAL_START"": ""1752899783"", ""NAMESPACE"": ""ts3"", ""NORMAL_END"": ""1752899783"", ""NORMAL_START"": ""1752899543""}, ""historical_notes"": [], ""historical_partition"": ""rq480_eval"", ""source_file_identity_count"": 6, ""source_rule"": ""env_capture_envelope_plus_injection_id_alias_with_unique_file_identity_audit"", ""test_basis"": null}, ""source"": ""aegislab_capture:06891e52bd2638cf89968047565abaa10d22ddb7c09eee8a408eacd8f5c54524"", ""start"": 1752899543.0}","{""arm"": ""P1H1K1_G""}",rq34_formal,2ab5d705d3a58e9ea33dd36a0971a18e407d5a047dec768e99ae1e8e49561ad2,fail,dd412c8326dad4f5a68017f94c40c756ace714d0a951c09c08ab0a3029936f4e,/home/lglsj/CanvasRCA_nibi/RQs/RQ3_4/results/integrated_v1/stages/exp_integrated_locked_check/qwen3.8-27b,request_timeout,VLMError: qwen3.8-27b failed after 1 attempts: timed out,False,aegislab,INC-01BF937825D4,check,P1H1K1_G
exp_integrated_locked_check,exp_integrated_locked_check,qwen3.8-27b,"{""case_id"": ""aegislab_ts1-ts-travel-plan-service-request-abort-9k5jk2"", ""dataset"": ""aegislab"", ""end"": 1753009791.0, ""event"": ""612"", ""leakage_group"": ""56be78d3a0705d9463232cdc5acbd0f3a032c4d41a83217ddd9c8e1413ab76b7"", ""opaque_incident_id"": ""INC-1D40A642FA86"", ""original_validation"": false, ""partition"": ""eval"", ""provenance"": {""case_dir"": ""/home/lglsj/CanvasRCA/dataset/raw/aegislab/ts1-ts-travel-plan-service-request-abort-9k5jk2"", ""datapack"": ""ts1-ts-travel-plan-service-request-abort-9k5jk2"", ""env_source"": {""ABNORMAL_END"": ""1753009791"", ""ABNORMAL_START"": ""1753009552"", ""NAMESPACE"": ""ts1"", ""NORMAL_END"": ""1753009552"", ""NORMAL_START"": ""1753009312""}, ""historical_notes"": [], ""historical_partition"": ""rq480_eval"", ""source_file_identity_count"": 6, ""source_rule"": ""env_capture_envelope_plus_injection_id_alias_with_unique_file_identity_audit"", ""test_basis"": null}, ""source"": ""aegislab_capture:895b6368ccf66665e2aaeb8aa35eec20e8b341782ccb594d85a80fa84574565c"", ""start"": 1753009312.0}","{""arm"": ""P1H1K1_T""}",rq34_formal,53ad4de656d630dc34dc47677db2dc17eaf102f71b2ac974c1be2aae0bd5b6e8,fail,3c490688093961e44bd9ef2407a16ddb481eedd4d4a92d35dc796ff5feee6e71,/home/lglsj/CanvasRCA_nibi/RQs/RQ3_4/results/integrated_v1/stages/exp_integrated_locked_check/qwen3.8-27b,request_timeout,VLMError: qwen3.8-27b failed after 1 attempts: timed out,False,aegislab,INC-1D40A642FA86,check,P1H1K1_T
exp_integrated_locked_check,exp_integrated_locked_check,qwen3.8-27b,"{""case_id"": ""aegislab_ts4-ts-basic-service-request-delay-rxfqg2"", ""dataset"": ""aegislab"", ""end"": 1757003909.0, ""event"": ""8675"", ""leakage_group"": ""69e0d3372cbb2972259bb8bbd9b8a4619a1b2c9f949575ac1cebb0203da42508"", ""opaque_incident_id"": ""INC-776EE000D01C"", ""original_validation"": false, ""partition"": ""eval"", ""provenance"": {""case_dir"": ""/home/lglsj/CanvasRCA/dataset/raw/aegislab/ts4-ts-basic-service-request-delay-rxfqg2"", ""datapack"": ""ts4-ts-basic-service-request-delay-rxfqg2"", ""env_source"": {""ABNORMAL_END"": ""1757003909"", ""ABNORMAL_START"": ""1757003670"", ""NAMESPACE"": ""ts4"", ""NORMAL_END"": ""1757003670"", ""NORMAL_START"": ""1757003430""}, ""historical_notes"": [], ""historical_partition"": ""rq480_eval"", ""source_file_identity_count"": 6, ""source_rule"": ""env_capture_envelope_plus_injection_id_alias_with_unique_file_identity_audit"", ""test_basis"": null}, ""source"": ""aegislab_capture:796b226a3256bf1ca0260a7239748f378f79f9c6bcfb07c8d9ab36dc049ce602"", ""start"": 1757003430.0}","{""arm"": ""P1H1K1_G""}",rq34_formal,bbb90065884f668b4df1241237bcdc42c4b8ab8b204b5d2766533bb471322a66,fail,2c9a73f9b11ef3634036cf14c31f0ae62c21ff9cc5e5cb43d8037e56ea6083f4,/home/lglsj/CanvasRCA_nibi/RQs/RQ3_4/results/integrated_v1/stages/exp_integrated_locked_check/qwen3.8-27b,request_timeout,VLMError: qwen3.8-27b failed after 1 attempts: timed out,False,aegislab,INC-776EE000D01C,check,P1H1K1_G
exp_integrated_locked_check,exp_integrated_locked_check,qwen3.8-27b,"{""case_id"": ""aiops2022_2022-03-21-cloudbed1_007"", ""dataset"": ""aiops2022"", ""end"": 1647810881.0, ""event"": ""2022-03-21-cloudbed1:1647809681.0"", ""leakage_group"": ""6258b05598e3e6d1da1916c6cadaa5458c5ecb86afb959fbc894d46e798dd08f"", ""opaque_incident_id"": ""INC-7C2B878AC3BB"", ""original_validation"": false, ""partition"": ""eval"", ""provenance"": {""historical_notes"": [""eval_connected_event_window""], ""historical_partition"": ""excluded"", ""historical_split"": ""registration_balanced_v3"", ""test_basis"": null}, ""source"": ""2022-03-21-cloudbed1"", ""start"": 1647808481.0}","{""arm"": ""TPV""}",rq34_formal,600b2e9678314406e8e70c6b75bcbdfc4020eeaf8b2bc403d8204065aaf766b1,fail,0093b5d57234d8bcd86ccb5914211cd65c6d6eb90d8a0f232e8b5d72a96afff9,/home/lglsj/CanvasRCA_nibi/RQs/RQ3_4/results/integrated_v1/stages/exp_integrated_locked_check/qwen3.8-27b,request_timeout,VLMError: qwen3.8-27b failed after 1 attempts: timed out,False,aiops2022,INC-7C2B878AC3BB,check,TPV
exp_integrated_locked_check,exp_integrated_locked_check,qwen3.8-27b,"{""case_id"": ""aegislab_ts5-ts-order-service-corrupt-475z9v"", ""dataset"": ""aegislab"", ""end"": 1753266508.0, ""event"": ""1732"", ""leakage_group"": ""88c1661366a23d2beb9916cddf4480152a863ccd11d1e927764af78a8c8d92e1"", ""opaque_incident_id"": ""INC-7FCA48559A2E"", ""original_validation"": false, ""partition"": ""eval"", ""provenance"": {""case_dir"": ""/home/lglsj/CanvasRCA/dataset/raw/aegislab/ts5-ts-order-service-corrupt-475z9v"", ""datapack"": ""ts5-ts-order-service-corrupt-475z9v"", ""env_source"": {""ABNORMAL_END"": ""1753266508"", ""ABNORMAL_START"": ""1753266268"", ""NAMESPACE"": ""ts5"", ""NORMAL_END"": ""1753266268"", ""NORMAL_START"": ""1753266028""}, ""historical_notes"": [], ""historical_partition"": ""rq480_eval"", ""source_file_identity_count"": 6, ""source_rule"": ""env_capture_envelope_plus_injection_id_alias_with_unique_file_identity_audit"", ""test_basis"": null}, ""source"": ""aegislab_capture:a60378a0865b72334cf2a6e8bea8894c2177d2f62b1b38e8315bd5b08443ff8c"", ""start"": 1753266028.0}","{""arm"": ""P1H1K0_G""}",rq34_formal,6a78449815261e13a9bfc2d02d9027a559829dd3453e2fae7519a74df62ca783,fail,01b06000d182fc5b053b3968078e85e6ca345146e12410d5f280dfc5c68c656d,/home/lglsj/CanvasRCA_nibi/RQs/RQ3_4/results/integrated_v1/stages/exp_integrated_locked_check/qwen3.8-27b,request_timeout,VLMError: qwen3.8-27b failed after 1 attempts: timed out,False,aegislab,INC-7FCA48559A2E,check,P1H1K0_G
exp_integrated_locked_check,exp_integrated_locked_check,qwen3.8-27b,"{""case_id"": ""aiops2022_2022-03-24-cloudbed3_033"", ""dataset"": ""aiops2022"", ""end"": 1648120090.0, ""event"": ""2022-03-24-cloudbed3:1648118890.0"", ""leakage_group"": ""18cad445449a308cfe067ee49a7609a962283277d600de3a4f2722769212062a"", ""opaque_incident_id"": ""INC-CCCFF766DA4B"", ""original_validation"": false, ""partition"": ""eval"", ""provenance"": {""historical_notes"": [""eval_connected_event_window""], ""historical_partition"": ""excluded"", ""historical_split"": ""registration_balanced_v3"", ""test_basis"": null}, ""source"": ""2022-03-24-cloudbed3"", ""start"": 1648117690.0}","{""arm"": ""SIRCL_IDS""}",rq34_formal,1a3df75b06a7afdce7b4bdd992bc164b48e17bd593311e6a747d745c12f195d0,fail,d219f45009939e420e9023a8b17d98b00192e1d417bf909e886e3b40fe9bb689,/home/lglsj/CanvasRCA_nibi/RQs/RQ3_4/results/integrated_v1/stages/exp_integrated_locked_check/qwen3.8-27b,request_timeout,VLMError: qwen3.8-27b failed after 1 attempts: timed out,False,aiops2022,INC-CCCFF766DA4B,check,SIRCL_IDS
exp_integrated_locked_check,exp_integrated_locked_check,qwen3.8-27b,"{""case_id"": ""aiops2025_e1562aa2-335"", ""dataset"": ""aiops2025"", ""end"": 1750177742.0, ""event"": ""e1562aa2-335"", ""leakage_group"": ""efb331b56b1ad1b157c5eb33b84013f34b11c1c906e05fb0ccde429d892cfd2e"", ""opaque_incident_id"": ""INC-D573DF313B5A"", ""original_validation"": false, ""partition"": ""eval"", ""provenance"": {""historical_notes"": [""eval_connected_event_window""], ""historical_partition"": ""excluded"", ""historical_split"": ""registration_balanced_v3"", ""test_basis"": null}, ""source"": ""aiops2025"", ""start"": 1750175702.0}","{""arm"": ""P0_MORE_TRUE""}",rq34_formal,ba4c32cd8fbd96c83331bac707bb399dfc12aa5a0d5b1b551e62183a9c5972db,fail,205998eb3b3fc0f2feb41e35e8a594289418d2f082c9aa07fb1e9d36b3211a9b,/home/lglsj/CanvasRCA_nibi/RQs/RQ3_4/results/integrated_v1/stages/exp_integrated_locked_check/qwen3.8-27b,request_timeout,VLMError: qwen3.8-27b failed after 1 attempts: timed out,False,aiops2025,INC-D573DF313B5A,check,P0_MORE_TRUE
