model,case_id,dataset,factor,same_observation_set,jaccard,same_input,a_root,b_root,scope_selected,relation_count,delta
qwen3.8-27b,INC-07B8919442D8,aiops2022,P_at_H0,False,0.0,False,True,False,0,14,0.0
qwen3.8-27b,INC-07B8919442D8,aiops2022,H_at_P1,False,0.3076923076923077,False,True,True,2,16,0.0
qwen3.8-27b,INC-07B8919442D8,aiops2022,K_at_P1H1,True,1.0,False,True,True,2,16,0.0
qwen3.8-27b,INC-0986D6C54EC6,aiops2022,P_at_H0,False,0.09090909090909091,False,True,True,0,15,0.0
qwen3.8-27b,INC-0986D6C54EC6,aiops2022,H_at_P1,False,0.4,False,True,True,2,14,0.0
qwen3.8-27b,INC-0986D6C54EC6,aiops2022,K_at_P1H1,True,1.0,False,True,True,2,14,0.0
qwen3.8-27b,INC-0BA573DA51CC,aegislab,P_at_H0,False,0.18181818181818182,False,False,False,0,15,0.0
qwen3.8-27b,INC-0BA573DA51CC,aegislab,H_at_P1,False,0.36363636363636365,False,False,False,2,13,0.0
qwen3.8-27b,INC-0BA573DA51CC,aegislab,K_at_P1H1,True,1.0,False,False,False,2,13,0.0
qwen3.8-27b,INC-123B5115D9C1,aiops2022,P_at_H0,False,0.0,False,True,True,0,14,0.6666666666666667
qwen3.8-27b,INC-123B5115D9C1,aiops2022,H_at_P1,False,0.38461538461538464,False,True,True,2,16,-0.6666666666666667
qwen3.8-27b,INC-123B5115D9C1,aiops2022,K_at_P1H1,True,1.0,False,True,True,2,16,0.0
qwen3.8-27b,INC-1A47F4D45593,aegislab,P_at_H0,False,0.07692307692307693,False,False,True,0,13,0.0
qwen3.8-27b,INC-1A47F4D45593,aegislab,H_at_P1,False,0.3333333333333333,False,True,False,2,12,0.0
qwen3.8-27b,INC-1A47F4D45593,aegislab,K_at_P1H1,True,1.0,False,True,True,2,12,0.0
qwen3.8-27b,INC-1B936A4C6354,aiops2025,P_at_H0,False,0.1111111111111111,False,True,True,0,14,0.0
qwen3.8-27b,INC-1B936A4C6354,aiops2025,H_at_P1,False,0.3333333333333333,False,True,True,2,16,0.0
qwen3.8-27b,INC-1B936A4C6354,aiops2025,K_at_P1H1,True,1.0,False,True,True,2,16,0.0
qwen3.8-27b,INC-1E6DCFC0A453,aiops2022,P_at_H0,False,0.0,False,True,True,0,14,0.0
qwen3.8-27b,INC-1E6DCFC0A453,aiops2022,H_at_P1,False,0.45454545454545453,False,True,True,2,16,0.0
qwen3.8-27b,INC-1E6DCFC0A453,aiops2022,K_at_P1H1,True,1.0,False,True,True,2,16,0.0
qwen3.8-27b,INC-1F5529D2CA5E,aegislab,P_at_H0,False,0.08333333333333333,False,False,False,0,14,0.0
qwen3.8-27b,INC-1F5529D2CA5E,aegislab,H_at_P1,False,0.4,False,True,False,2,15,0.0
qwen3.8-27b,INC-1F5529D2CA5E,aegislab,K_at_P1H1,True,1.0,False,True,True,2,15,0.0
qwen3.8-27b,INC-1FDDC9D9F646,aiops2022,P_at_H0,False,0.0,False,True,False,0,14,0.0
qwen3.8-27b,INC-1FDDC9D9F646,aiops2022,H_at_P1,False,0.45454545454545453,False,True,True,2,14,0.0
qwen3.8-27b,INC-1FDDC9D9F646,aiops2022,K_at_P1H1,True,1.0,False,True,True,2,14,0.0
qwen3.8-27b,INC-2CABCD159021,aiops2022,P_at_H0,False,0.0,False,False,False,0,15,0.0
qwen3.8-27b,INC-2CABCD159021,aiops2022,H_at_P1,False,0.375,False,True,False,2,17,0.0
qwen3.8-27b,INC-2CABCD159021,aiops2022,K_at_P1H1,True,1.0,False,True,True,2,17,0.0
qwen3.8-27b,INC-331437929E47,aegislab,P_at_H0,False,0.08333333333333333,False,False,False,0,14,0.0
qwen3.8-27b,INC-331437929E47,aegislab,H_at_P1,False,0.36363636363636365,False,False,False,2,15,0.0
qwen3.8-27b,INC-331437929E47,aegislab,K_at_P1H1,True,1.0,False,False,False,2,15,0.0
qwen3.8-27b,INC-332110D70FB3,aegislab,P_at_H0,False,0.0,False,False,True,0,14,0.0
qwen3.8-27b,INC-332110D70FB3,aegislab,H_at_P1,False,0.36363636363636365,False,True,False,2,14,0.0
qwen3.8-27b,INC-332110D70FB3,aegislab,K_at_P1H1,True,1.0,False,True,True,2,14,0.0
qwen3.8-27b,INC-335A9F3A663E,aiops2022,P_at_H0,False,0.0,False,False,False,0,15,-1.0
qwen3.8-27b,INC-335A9F3A663E,aiops2022,H_at_P1,False,0.3076923076923077,False,False,False,2,15,1.0
qwen3.8-27b,INC-335A9F3A663E,aiops2022,K_at_P1H1,True,1.0,False,False,False,2,15,-1.0
qwen3.8-27b,INC-34562D2C5CC4,aegislab,P_at_H0,False,0.0,False,True,False,0,15,0.0
qwen3.8-27b,INC-34562D2C5CC4,aegislab,H_at_P1,False,0.2222222222222222,False,True,True,2,16,0.0
qwen3.8-27b,INC-34562D2C5CC4,aegislab,K_at_P1H1,True,1.0,False,True,True,2,16,0.0
qwen3.8-27b,INC-375083DFDFBE,aiops2025,P_at_H0,False,0.0,False,True,False,0,16,0.0
qwen3.8-27b,INC-375083DFDFBE,aiops2025,H_at_P1,False,0.25,False,True,True,2,14,0.0
qwen3.8-27b,INC-375083DFDFBE,aiops2025,K_at_P1H1,True,1.0,False,True,True,2,14,0.3333333333333333
qwen3.8-27b,INC-38605D04F34F,aiops2025,P_at_H0,False,0.08333333333333333,False,True,True,0,17,0.16666666666666669
qwen3.8-27b,INC-38605D04F34F,aiops2025,H_at_P1,False,0.23076923076923078,False,True,True,2,19,0.0
qwen3.8-27b,INC-38605D04F34F,aiops2025,K_at_P1H1,True,1.0,False,True,True,2,19,-0.16666666666666669
qwen3.8-27b,INC-39B0C8694807,aegislab,P_at_H0,False,0.1,False,True,True,0,14,0.0
qwen3.8-27b,INC-39B0C8694807,aegislab,H_at_P1,False,0.3333333333333333,False,True,True,2,13,0.0
qwen3.8-27b,INC-39B0C8694807,aegislab,K_at_P1H1,True,1.0,False,True,True,2,13,0.0
qwen3.8-27b,INC-3D65ABCF1DD8,aiops2025,P_at_H0,False,0.08333333333333333,False,True,False,0,16,0.0
qwen3.8-27b,INC-3D65ABCF1DD8,aiops2025,H_at_P1,False,0.5454545454545454,False,True,True,2,18,0.0
qwen3.8-27b,INC-3D65ABCF1DD8,aiops2025,K_at_P1H1,True,1.0,False,True,True,2,18,0.0
qwen3.8-27b,INC-65CE2F2F3440,aiops2022,P_at_H0,False,0.0,False,True,True,0,15,0.0
qwen3.8-27b,INC-65CE2F2F3440,aiops2022,H_at_P1,False,0.4444444444444444,False,True,True,2,16,0.0
qwen3.8-27b,INC-65CE2F2F3440,aiops2022,K_at_P1H1,True,1.0,False,True,True,2,16,0.0
qwen3.8-27b,INC-68BAACF4BB36,aiops2022,P_at_H0,False,0.0,False,False,False,0,15,0.0
qwen3.8-27b,INC-68BAACF4BB36,aiops2022,H_at_P1,False,0.2,False,False,False,2,15,0.0
qwen3.8-27b,INC-68BAACF4BB36,aiops2022,K_at_P1H1,True,1.0,False,False,False,2,15,0.0
qwen3.8-27b,INC-6A048DD0C35E,aegislab,P_at_H0,False,0.0,False,False,False,0,15,0.0
qwen3.8-27b,INC-6A048DD0C35E,aegislab,H_at_P1,False,0.3333333333333333,False,False,False,2,13,0.0
qwen3.8-27b,INC-6A048DD0C35E,aegislab,K_at_P1H1,True,1.0,False,False,False,2,13,0.0
qwen3.8-27b,INC-6C8EA77140FF,aegislab,P_at_H0,False,0.07692307692307693,False,False,False,0,14,0.0
qwen3.8-27b,INC-6C8EA77140FF,aegislab,H_at_P1,False,0.3333333333333333,False,False,False,2,13,0.0
qwen3.8-27b,INC-6C8EA77140FF,aegislab,K_at_P1H1,True,1.0,False,False,False,2,13,0.0
qwen3.8-27b,INC-6FDD214ABC63,aiops2025,P_at_H0,False,0.18181818181818182,False,True,True,0,17,0.0
qwen3.8-27b,INC-6FDD214ABC63,aiops2025,H_at_P1,False,0.3333333333333333,False,True,True,2,17,0.0
qwen3.8-27b,INC-6FDD214ABC63,aiops2025,K_at_P1H1,True,1.0,False,True,True,2,17,0.0
qwen3.8-27b,INC-7CA062069501,aiops2025,P_at_H0,False,0.3333333333333333,False,True,True,0,15,-0.5
qwen3.8-27b,INC-7CA062069501,aiops2025,H_at_P1,False,0.36363636363636365,False,True,True,2,18,0.0
qwen3.8-27b,INC-7CA062069501,aiops2025,K_at_P1H1,True,1.0,False,True,True,2,18,0.0
qwen3.8-27b,INC-7D95F2013B97,aiops2022,P_at_H0,False,0.0,False,True,False,0,15,0.0
qwen3.8-27b,INC-7D95F2013B97,aiops2022,H_at_P1,False,0.3333333333333333,False,True,True,2,14,0.0
qwen3.8-27b,INC-7D95F2013B97,aiops2022,K_at_P1H1,True,1.0,False,True,True,2,14,0.0
qwen3.8-27b,INC-7E5014ED408C,aiops2025,P_at_H0,False,0.2,False,False,True,0,16,0.0
qwen3.8-27b,INC-7E5014ED408C,aiops2025,H_at_P1,False,0.6666666666666666,False,False,False,2,17,0.0
qwen3.8-27b,INC-7E5014ED408C,aiops2025,K_at_P1H1,True,1.0,False,False,False,2,17,0.0
qwen3.8-27b,INC-80540E51533D,aiops2025,P_at_H0,False,0.1111111111111111,False,True,False,0,15,1.0
qwen3.8-27b,INC-80540E51533D,aiops2025,H_at_P1,False,0.16666666666666666,False,True,True,2,17,0.0
qwen3.8-27b,INC-80540E51533D,aiops2025,K_at_P1H1,True,1.0,False,True,True,2,17,0.0
qwen3.8-27b,INC-8201EB3924F3,aiops2025,P_at_H0,False,0.0,False,True,False,0,15,1.0
qwen3.8-27b,INC-8201EB3924F3,aiops2025,H_at_P1,False,0.2857142857142857,False,True,True,2,17,-0.6666666666666667
qwen3.8-27b,INC-8201EB3924F3,aiops2025,K_at_P1H1,True,1.0,False,True,True,2,17,0.0
qwen3.8-27b,INC-85C93CE3CB89,aegislab,P_at_H0,False,0.1,False,False,False,0,15,0.0
qwen3.8-27b,INC-85C93CE3CB89,aegislab,H_at_P1,False,0.3333333333333333,False,False,False,2,14,0.0
qwen3.8-27b,INC-85C93CE3CB89,aegislab,K_at_P1H1,True,1.0,False,False,False,2,14,0.0
qwen3.8-27b,INC-8682AD2CADE1,aiops2022,P_at_H0,False,0.0,False,False,False,0,13,0.0
qwen3.8-27b,INC-8682AD2CADE1,aiops2022,H_at_P1,False,0.3076923076923077,False,False,False,2,17,0.0
qwen3.8-27b,INC-8682AD2CADE1,aiops2022,K_at_P1H1,True,1.0,False,False,False,2,17,0.0
qwen3.8-27b,INC-8E1DFDBC7F96,aiops2025,P_at_H0,False,0.0,False,True,False,0,15,0.0
qwen3.8-27b,INC-8E1DFDBC7F96,aiops2025,H_at_P1,False,0.2,False,True,True,2,15,0.5
qwen3.8-27b,INC-8E1DFDBC7F96,aiops2025,K_at_P1H1,True,1.0,False,True,True,2,15,-0.16666666666666669
qwen3.8-27b,INC-8E91494BF92F,aegislab,P_at_H0,False,0.2222222222222222,False,True,False,0,15,0.0
qwen3.8-27b,INC-8E91494BF92F,aegislab,H_at_P1,False,0.2222222222222222,False,True,True,2,14,0.0
qwen3.8-27b,INC-8E91494BF92F,aegislab,K_at_P1H1,True,1.0,False,True,True,2,14,0.0
qwen3.8-27b,INC-91DCB951C96E,aiops2022,P_at_H0,False,0.0,False,False,False,0,14,0.0
qwen3.8-27b,INC-91DCB951C96E,aiops2022,H_at_P1,False,0.4,False,False,False,2,15,0.0
qwen3.8-27b,INC-91DCB951C96E,aiops2022,K_at_P1H1,True,1.0,False,False,False,2,15,0.0
qwen3.8-27b,INC-9293D99C285C,aiops2022,P_at_H0,False,0.09090909090909091,False,True,False,0,15,0.0
qwen3.8-27b,INC-9293D99C285C,aiops2022,H_at_P1,False,0.5,False,False,True,2,15,0.0
qwen3.8-27b,INC-9293D99C285C,aiops2022,K_at_P1H1,True,1.0,False,False,False,2,15,0.0
qwen3.8-27b,INC-94EB4C70EFB7,aiops2025,P_at_H0,False,0.1111111111111111,False,True,True,0,14,0.0
qwen3.8-27b,INC-94EB4C70EFB7,aiops2025,H_at_P1,False,0.2222222222222222,False,True,True,2,15,1.0
qwen3.8-27b,INC-94EB4C70EFB7,aiops2025,K_at_P1H1,True,1.0,False,True,True,2,15,0.0
qwen3.8-27b,INC-97B043342751,aegislab,P_at_H0,False,0.09090909090909091,False,False,False,0,14,-1.0
qwen3.8-27b,INC-97B043342751,aegislab,H_at_P1,False,0.3,False,False,False,2,13,0.0
qwen3.8-27b,INC-97B043342751,aegislab,K_at_P1H1,True,1.0,False,False,False,2,13,0.0
qwen3.8-27b,INC-992C09A89DC9,aegislab,P_at_H0,False,0.08333333333333333,False,True,True,0,15,0.16666666666666669
qwen3.8-27b,INC-992C09A89DC9,aegislab,H_at_P1,False,0.36363636363636365,False,False,True,2,13,0.0
qwen3.8-27b,INC-992C09A89DC9,aegislab,K_at_P1H1,True,1.0,False,False,False,2,13,0.0
qwen3.8-27b,INC-9ACC29B9B330,aiops2022,P_at_H0,False,0.0,False,False,False,0,16,0.0
qwen3.8-27b,INC-9ACC29B9B330,aiops2022,H_at_P1,False,0.5454545454545454,False,False,False,2,18,0.0
qwen3.8-27b,INC-9ACC29B9B330,aiops2022,K_at_P1H1,True,1.0,False,False,False,2,18,0.0
qwen3.8-27b,INC-9C225C04C814,aiops2025,P_at_H0,False,0.0,False,False,False,0,16,0.0
qwen3.8-27b,INC-9C225C04C814,aiops2025,H_at_P1,False,0.4,False,False,False,2,16,0.0
qwen3.8-27b,INC-9C225C04C814,aiops2025,K_at_P1H1,True,1.0,False,False,False,2,16,0.0
qwen3.8-27b,INC-9C8982A9736C,aiops2025,P_at_H0,False,0.0,False,True,True,0,16,0.6666666666666667
qwen3.8-27b,INC-9C8982A9736C,aiops2025,H_at_P1,False,0.5454545454545454,False,True,True,2,19,0.0
qwen3.8-27b,INC-9C8982A9736C,aiops2025,K_at_P1H1,True,1.0,False,True,True,2,19,0.0
qwen3.8-27b,INC-9DDF62CAF256,aiops2025,P_at_H0,False,0.1,False,True,False,0,16,0.0
qwen3.8-27b,INC-9DDF62CAF256,aiops2025,H_at_P1,False,0.2727272727272727,False,False,True,2,17,0.0
qwen3.8-27b,INC-9DDF62CAF256,aiops2025,K_at_P1H1,True,1.0,False,False,False,2,17,0.0
qwen3.8-27b,INC-A195F9A69AFC,aegislab,P_at_H0,False,0.0,False,False,False,0,14,0.0
qwen3.8-27b,INC-A195F9A69AFC,aegislab,H_at_P1,False,0.2727272727272727,False,False,False,2,13,0.0
qwen3.8-27b,INC-A195F9A69AFC,aegislab,K_at_P1H1,True,1.0,False,False,False,2,13,0.0
qwen3.8-27b,INC-ABA10DF868CA,aiops2025,P_at_H0,False,0.0,False,True,False,0,14,0.0
qwen3.8-27b,INC-ABA10DF868CA,aiops2025,H_at_P1,True,1.0,True,True,True,0,14,0.0
qwen3.8-27b,INC-ABA10DF868CA,aiops2025,K_at_P1H1,True,1.0,False,True,True,0,14,-0.5
qwen3.8-27b,INC-AC9FBC0EC13D,aiops2025,P_at_H0,False,0.25,False,False,False,0,14,0.0
qwen3.8-27b,INC-AC9FBC0EC13D,aiops2025,H_at_P1,False,0.4444444444444444,False,False,False,2,16,0.0
qwen3.8-27b,INC-AC9FBC0EC13D,aiops2025,K_at_P1H1,True,1.0,False,False,False,2,16,0.0
qwen3.8-27b,INC-B4C69A1E0459,aegislab,P_at_H0,False,0.09090909090909091,False,False,False,0,14,0.0
qwen3.8-27b,INC-B4C69A1E0459,aegislab,H_at_P1,False,0.3,False,False,False,2,13,0.0
qwen3.8-27b,INC-B4C69A1E0459,aegislab,K_at_P1H1,True,1.0,False,False,False,2,13,0.0
qwen3.8-27b,INC-B5C0BC6A223E,aegislab,P_at_H0,False,0.0,False,True,False,0,14,0.0
qwen3.8-27b,INC-B5C0BC6A223E,aegislab,H_at_P1,False,0.36363636363636365,False,True,True,2,13,0.6666666666666667
qwen3.8-27b,INC-B5C0BC6A223E,aegislab,K_at_P1H1,True,1.0,False,True,True,2,13,0.0
qwen3.8-27b,INC-B63F1516296F,aiops2022,P_at_H0,False,0.0,False,True,False,0,14,0.0
qwen3.8-27b,INC-B63F1516296F,aiops2022,H_at_P1,False,0.5454545454545454,False,True,True,2,14,0.0
qwen3.8-27b,INC-B63F1516296F,aiops2022,K_at_P1H1,True,1.0,False,True,True,2,14,0.0
qwen3.8-27b,INC-B8CEA35848D0,aiops2025,P_at_H0,False,0.0,False,True,True,0,15,0.0
qwen3.8-27b,INC-B8CEA35848D0,aiops2025,H_at_P1,False,0.36363636363636365,False,True,True,2,18,0.0
qwen3.8-27b,INC-B8CEA35848D0,aiops2025,K_at_P1H1,True,1.0,False,True,True,2,18,0.0
qwen3.8-27b,INC-B9652C6DC060,aiops2025,P_at_H0,False,0.1,False,True,True,0,16,0.0
qwen3.8-27b,INC-B9652C6DC060,aiops2025,H_at_P1,False,0.4444444444444444,False,True,True,2,18,0.0
qwen3.8-27b,INC-B9652C6DC060,aiops2025,K_at_P1H1,True,1.0,False,True,True,2,18,0.0
qwen3.8-27b,INC-BF08743A4A7D,aegislab,P_at_H0,False,0.0,False,False,True,0,14,0.0
qwen3.8-27b,INC-BF08743A4A7D,aegislab,H_at_P1,False,0.4,False,True,False,2,14,0.0
qwen3.8-27b,INC-BF08743A4A7D,aegislab,K_at_P1H1,True,1.0,False,True,True,2,14,0.0
qwen3.8-27b,INC-C426468D92A8,aegislab,P_at_H0,False,0.18181818181818182,False,True,True,0,14,0.0
qwen3.8-27b,INC-C426468D92A8,aegislab,H_at_P1,False,0.36363636363636365,False,False,True,2,14,0.0
qwen3.8-27b,INC-C426468D92A8,aegislab,K_at_P1H1,True,1.0,False,False,False,2,14,0.0
qwen3.8-27b,INC-CCE2A7ACCA59,aiops2022,P_at_H0,False,0.07692307692307693,False,False,False,0,15,0.0
qwen3.8-27b,INC-CCE2A7ACCA59,aiops2022,H_at_P1,False,0.3076923076923077,False,False,False,2,16,0.0
qwen3.8-27b,INC-CCE2A7ACCA59,aiops2022,K_at_P1H1,True,1.0,False,False,False,2,16,0.0
qwen3.8-27b,INC-CEA641BA3229,aegislab,P_at_H0,False,0.0,False,False,False,0,15,0.0
qwen3.8-27b,INC-CEA641BA3229,aegislab,H_at_P1,False,0.2727272727272727,False,True,False,2,13,0.0
qwen3.8-27b,INC-CEA641BA3229,aegislab,K_at_P1H1,True,1.0,False,True,True,2,13,0.5
qwen3.8-27b,INC-D639854EA9F7,aiops2022,P_at_H0,False,0.0,False,True,True,0,15,0.16666666666666669
qwen3.8-27b,INC-D639854EA9F7,aiops2022,H_at_P1,False,0.45454545454545453,False,True,True,2,15,-0.16666666666666669
qwen3.8-27b,INC-D639854EA9F7,aiops2022,K_at_P1H1,True,1.0,False,True,True,2,15,0.0
qwen3.8-27b,INC-DD972245679A,aiops2022,P_at_H0,False,0.0,False,False,False,0,14,0.0
qwen3.8-27b,INC-DD972245679A,aiops2022,H_at_P1,False,0.4166666666666667,False,False,False,2,15,0.0
qwen3.8-27b,INC-DD972245679A,aiops2022,K_at_P1H1,True,1.0,False,False,False,2,15,0.0
qwen3.8-27b,INC-E324D405FD70,aiops2025,P_at_H0,False,0.0,False,True,True,0,15,0.0
qwen3.8-27b,INC-E324D405FD70,aiops2025,H_at_P1,False,0.18181818181818182,False,True,True,2,17,0.0
qwen3.8-27b,INC-E324D405FD70,aiops2025,K_at_P1H1,True,1.0,False,True,True,2,17,0.0
qwen3.8-27b,INC-E518E9800304,aiops2022,P_at_H0,False,0.0,False,True,False,0,16,0.16666666666666669
qwen3.8-27b,INC-E518E9800304,aiops2022,H_at_P1,False,0.2857142857142857,False,True,True,2,16,0.0
qwen3.8-27b,INC-E518E9800304,aiops2022,K_at_P1H1,True,1.0,False,True,True,2,16,0.0
qwen3.8-27b,INC-E687A1412352,aiops2025,P_at_H0,False,0.0,False,False,False,0,15,0.0
qwen3.8-27b,INC-E687A1412352,aiops2025,H_at_P1,False,0.3333333333333333,False,False,False,2,18,0.0
qwen3.8-27b,INC-E687A1412352,aiops2025,K_at_P1H1,True,1.0,False,False,False,2,18,0.0
qwen3.8-27b,INC-FDC8B6B87BEB,aiops2022,P_at_H0,False,0.0,False,False,False,0,15,0.0
qwen3.8-27b,INC-FDC8B6B87BEB,aiops2022,H_at_P1,False,0.3333333333333333,False,False,False,2,15,0.0
qwen3.8-27b,INC-FDC8B6B87BEB,aiops2022,K_at_P1H1,True,1.0,False,False,False,2,15,0.0
gemma-4-26b-a4b,INC-07B8919442D8,aiops2022,P_at_H0,False,0.0,False,True,False,0,14,0.0
gemma-4-26b-a4b,INC-07B8919442D8,aiops2022,H_at_P1,False,0.3076923076923077,False,True,True,2,16,0.0
gemma-4-26b-a4b,INC-07B8919442D8,aiops2022,K_at_P1H1,True,1.0,False,True,True,2,16,0.0
gemma-4-26b-a4b,INC-0986D6C54EC6,aiops2022,P_at_H0,False,0.09090909090909091,False,True,True,0,15,0.0
gemma-4-26b-a4b,INC-0986D6C54EC6,aiops2022,H_at_P1,False,0.4,False,True,True,2,14,0.0
gemma-4-26b-a4b,INC-0986D6C54EC6,aiops2022,K_at_P1H1,True,1.0,False,True,True,2,14,0.0
gemma-4-26b-a4b,INC-0BA573DA51CC,aegislab,P_at_H0,False,0.18181818181818182,False,False,False,0,15,0.0
gemma-4-26b-a4b,INC-0BA573DA51CC,aegislab,H_at_P1,False,0.36363636363636365,False,False,False,2,13,0.0
gemma-4-26b-a4b,INC-0BA573DA51CC,aegislab,K_at_P1H1,True,1.0,False,False,False,2,13,0.0
gemma-4-26b-a4b,INC-123B5115D9C1,aiops2022,P_at_H0,False,0.0,False,True,True,0,14,0.0
gemma-4-26b-a4b,INC-123B5115D9C1,aiops2022,H_at_P1,False,0.38461538461538464,False,True,True,2,16,0.0
gemma-4-26b-a4b,INC-123B5115D9C1,aiops2022,K_at_P1H1,True,1.0,False,True,True,2,16,0.0
gemma-4-26b-a4b,INC-1A47F4D45593,aegislab,P_at_H0,False,0.07692307692307693,False,False,True,0,13,0.0
gemma-4-26b-a4b,INC-1A47F4D45593,aegislab,H_at_P1,False,0.3333333333333333,False,True,False,2,12,0.0
gemma-4-26b-a4b,INC-1A47F4D45593,aegislab,K_at_P1H1,True,1.0,False,True,True,2,12,0.0
gemma-4-26b-a4b,INC-1B936A4C6354,aiops2025,P_at_H0,False,0.1111111111111111,False,True,True,0,14,0.0
gemma-4-26b-a4b,INC-1B936A4C6354,aiops2025,H_at_P1,False,0.3333333333333333,False,True,True,2,16,0.0
gemma-4-26b-a4b,INC-1B936A4C6354,aiops2025,K_at_P1H1,True,1.0,False,True,True,2,16,0.0
gemma-4-26b-a4b,INC-1E6DCFC0A453,aiops2022,P_at_H0,False,0.0,False,True,True,0,14,0.0
gemma-4-26b-a4b,INC-1E6DCFC0A453,aiops2022,H_at_P1,False,0.45454545454545453,False,True,True,2,16,0.0
gemma-4-26b-a4b,INC-1E6DCFC0A453,aiops2022,K_at_P1H1,True,1.0,False,True,True,2,16,0.0
gemma-4-26b-a4b,INC-1F5529D2CA5E,aegislab,P_at_H0,False,0.08333333333333333,False,False,False,0,14,0.0
gemma-4-26b-a4b,INC-1F5529D2CA5E,aegislab,H_at_P1,False,0.4,False,True,False,2,15,0.0
gemma-4-26b-a4b,INC-1F5529D2CA5E,aegislab,K_at_P1H1,True,1.0,False,True,True,2,15,0.0
gemma-4-26b-a4b,INC-1FDDC9D9F646,aiops2022,P_at_H0,False,0.0,False,True,False,0,14,0.0
gemma-4-26b-a4b,INC-1FDDC9D9F646,aiops2022,H_at_P1,False,0.45454545454545453,False,True,True,2,14,0.0
gemma-4-26b-a4b,INC-1FDDC9D9F646,aiops2022,K_at_P1H1,True,1.0,False,True,True,2,14,0.0
gemma-4-26b-a4b,INC-2CABCD159021,aiops2022,P_at_H0,False,0.0,False,False,False,0,15,0.0
gemma-4-26b-a4b,INC-2CABCD159021,aiops2022,H_at_P1,False,0.375,False,True,False,2,17,0.0
gemma-4-26b-a4b,INC-2CABCD159021,aiops2022,K_at_P1H1,True,1.0,False,True,True,2,17,0.0
gemma-4-26b-a4b,INC-331437929E47,aegislab,P_at_H0,False,0.08333333333333333,False,False,False,0,14,0.0
gemma-4-26b-a4b,INC-331437929E47,aegislab,H_at_P1,False,0.36363636363636365,False,False,False,2,15,0.0
gemma-4-26b-a4b,INC-331437929E47,aegislab,K_at_P1H1,True,1.0,False,False,False,2,15,0.0
gemma-4-26b-a4b,INC-332110D70FB3,aegislab,P_at_H0,False,0.0,False,False,True,0,14,0.0
gemma-4-26b-a4b,INC-332110D70FB3,aegislab,H_at_P1,False,0.36363636363636365,False,True,False,2,14,0.0
gemma-4-26b-a4b,INC-332110D70FB3,aegislab,K_at_P1H1,True,1.0,False,True,True,2,14,0.0
gemma-4-26b-a4b,INC-335A9F3A663E,aiops2022,P_at_H0,False,0.0,False,False,False,0,15,0.0
gemma-4-26b-a4b,INC-335A9F3A663E,aiops2022,H_at_P1,False,0.3076923076923077,False,False,False,2,15,0.0
gemma-4-26b-a4b,INC-335A9F3A663E,aiops2022,K_at_P1H1,True,1.0,False,False,False,2,15,0.0
gemma-4-26b-a4b,INC-34562D2C5CC4,aegislab,P_at_H0,False,0.0,False,True,False,0,15,0.0
gemma-4-26b-a4b,INC-34562D2C5CC4,aegislab,H_at_P1,False,0.2222222222222222,False,True,True,2,16,0.0
gemma-4-26b-a4b,INC-34562D2C5CC4,aegislab,K_at_P1H1,True,1.0,False,True,True,2,16,0.0
gemma-4-26b-a4b,INC-375083DFDFBE,aiops2025,P_at_H0,False,0.0,False,True,False,0,16,0.0
gemma-4-26b-a4b,INC-375083DFDFBE,aiops2025,H_at_P1,False,0.25,False,True,True,2,14,0.0
gemma-4-26b-a4b,INC-375083DFDFBE,aiops2025,K_at_P1H1,True,1.0,False,True,True,2,14,0.0
gemma-4-26b-a4b,INC-38605D04F34F,aiops2025,P_at_H0,False,0.08333333333333333,False,True,True,0,17,0.0
gemma-4-26b-a4b,INC-38605D04F34F,aiops2025,H_at_P1,False,0.23076923076923078,False,True,True,2,19,0.0
gemma-4-26b-a4b,INC-38605D04F34F,aiops2025,K_at_P1H1,True,1.0,False,True,True,2,19,0.0
gemma-4-26b-a4b,INC-39B0C8694807,aegislab,P_at_H0,False,0.1,False,True,True,0,14,0.0
gemma-4-26b-a4b,INC-39B0C8694807,aegislab,H_at_P1,False,0.3333333333333333,False,True,True,2,13,0.0
gemma-4-26b-a4b,INC-39B0C8694807,aegislab,K_at_P1H1,True,1.0,False,True,True,2,13,0.0
gemma-4-26b-a4b,INC-3D65ABCF1DD8,aiops2025,P_at_H0,False,0.08333333333333333,False,True,False,0,16,0.0
gemma-4-26b-a4b,INC-3D65ABCF1DD8,aiops2025,H_at_P1,False,0.5454545454545454,False,True,True,2,18,0.0
gemma-4-26b-a4b,INC-3D65ABCF1DD8,aiops2025,K_at_P1H1,True,1.0,False,True,True,2,18,0.0
gemma-4-26b-a4b,INC-65CE2F2F3440,aiops2022,P_at_H0,False,0.0,False,True,True,0,15,0.0
gemma-4-26b-a4b,INC-65CE2F2F3440,aiops2022,H_at_P1,False,0.4444444444444444,False,True,True,2,16,0.0
gemma-4-26b-a4b,INC-65CE2F2F3440,aiops2022,K_at_P1H1,True,1.0,False,True,True,2,16,0.0
gemma-4-26b-a4b,INC-68BAACF4BB36,aiops2022,P_at_H0,False,0.0,False,False,False,0,15,0.0
gemma-4-26b-a4b,INC-68BAACF4BB36,aiops2022,H_at_P1,False,0.2,False,False,False,2,15,0.0
gemma-4-26b-a4b,INC-68BAACF4BB36,aiops2022,K_at_P1H1,True,1.0,False,False,False,2,15,0.0
gemma-4-26b-a4b,INC-6A048DD0C35E,aegislab,P_at_H0,False,0.0,False,False,False,0,15,0.0
gemma-4-26b-a4b,INC-6A048DD0C35E,aegislab,H_at_P1,False,0.3333333333333333,False,False,False,2,13,0.0
gemma-4-26b-a4b,INC-6A048DD0C35E,aegislab,K_at_P1H1,True,1.0,False,False,False,2,13,0.0
gemma-4-26b-a4b,INC-6C8EA77140FF,aegislab,P_at_H0,False,0.07692307692307693,False,False,False,0,14,0.0
gemma-4-26b-a4b,INC-6C8EA77140FF,aegislab,H_at_P1,False,0.3333333333333333,False,False,False,2,13,0.0
gemma-4-26b-a4b,INC-6C8EA77140FF,aegislab,K_at_P1H1,True,1.0,False,False,False,2,13,0.0
gemma-4-26b-a4b,INC-6FDD214ABC63,aiops2025,P_at_H0,False,0.18181818181818182,False,True,True,0,17,0.0
gemma-4-26b-a4b,INC-6FDD214ABC63,aiops2025,H_at_P1,False,0.3333333333333333,False,True,True,2,17,0.0
gemma-4-26b-a4b,INC-6FDD214ABC63,aiops2025,K_at_P1H1,True,1.0,False,True,True,2,17,0.0
gemma-4-26b-a4b,INC-7CA062069501,aiops2025,P_at_H0,False,0.3333333333333333,False,True,True,0,15,0.0
gemma-4-26b-a4b,INC-7CA062069501,aiops2025,H_at_P1,False,0.36363636363636365,False,True,True,2,18,0.0
gemma-4-26b-a4b,INC-7CA062069501,aiops2025,K_at_P1H1,True,1.0,False,True,True,2,18,0.0
gemma-4-26b-a4b,INC-7D95F2013B97,aiops2022,P_at_H0,False,0.0,False,True,False,0,15,0.0
gemma-4-26b-a4b,INC-7D95F2013B97,aiops2022,H_at_P1,False,0.3333333333333333,False,True,True,2,14,0.0
gemma-4-26b-a4b,INC-7D95F2013B97,aiops2022,K_at_P1H1,True,1.0,False,True,True,2,14,0.0
gemma-4-26b-a4b,INC-7E5014ED408C,aiops2025,P_at_H0,False,0.2,False,False,True,0,16,0.0
gemma-4-26b-a4b,INC-7E5014ED408C,aiops2025,H_at_P1,False,0.6666666666666666,False,False,False,2,17,0.0
gemma-4-26b-a4b,INC-7E5014ED408C,aiops2025,K_at_P1H1,True,1.0,False,False,False,2,17,0.0
gemma-4-26b-a4b,INC-80540E51533D,aiops2025,P_at_H0,False,0.1111111111111111,False,True,False,0,15,0.0
gemma-4-26b-a4b,INC-80540E51533D,aiops2025,H_at_P1,False,0.16666666666666666,False,True,True,2,17,0.0
gemma-4-26b-a4b,INC-80540E51533D,aiops2025,K_at_P1H1,True,1.0,False,True,True,2,17,0.0
gemma-4-26b-a4b,INC-8201EB3924F3,aiops2025,P_at_H0,False,0.0,False,True,False,0,15,0.0
gemma-4-26b-a4b,INC-8201EB3924F3,aiops2025,H_at_P1,False,0.2857142857142857,False,True,True,2,17,0.0
gemma-4-26b-a4b,INC-8201EB3924F3,aiops2025,K_at_P1H1,True,1.0,False,True,True,2,17,0.0
gemma-4-26b-a4b,INC-85C93CE3CB89,aegislab,P_at_H0,False,0.1,False,False,False,0,15,0.0
gemma-4-26b-a4b,INC-85C93CE3CB89,aegislab,H_at_P1,False,0.3333333333333333,False,False,False,2,14,0.0
gemma-4-26b-a4b,INC-85C93CE3CB89,aegislab,K_at_P1H1,True,1.0,False,False,False,2,14,0.0
gemma-4-26b-a4b,INC-8682AD2CADE1,aiops2022,P_at_H0,False,0.0,False,False,False,0,13,0.0
gemma-4-26b-a4b,INC-8682AD2CADE1,aiops2022,H_at_P1,False,0.3076923076923077,False,False,False,2,17,0.0
gemma-4-26b-a4b,INC-8682AD2CADE1,aiops2022,K_at_P1H1,True,1.0,False,False,False,2,17,0.0
gemma-4-26b-a4b,INC-8E1DFDBC7F96,aiops2025,P_at_H0,False,0.0,False,True,False,0,15,0.0
gemma-4-26b-a4b,INC-8E1DFDBC7F96,aiops2025,H_at_P1,False,0.2,False,True,True,2,15,0.0
gemma-4-26b-a4b,INC-8E1DFDBC7F96,aiops2025,K_at_P1H1,True,1.0,False,True,True,2,15,0.0
gemma-4-26b-a4b,INC-8E91494BF92F,aegislab,P_at_H0,False,0.2222222222222222,False,True,False,0,15,0.0
gemma-4-26b-a4b,INC-8E91494BF92F,aegislab,H_at_P1,False,0.2222222222222222,False,True,True,2,14,0.0
gemma-4-26b-a4b,INC-8E91494BF92F,aegislab,K_at_P1H1,True,1.0,False,True,True,2,14,0.0
gemma-4-26b-a4b,INC-91DCB951C96E,aiops2022,P_at_H0,False,0.0,False,False,False,0,14,0.0
gemma-4-26b-a4b,INC-91DCB951C96E,aiops2022,H_at_P1,False,0.4,False,False,False,2,15,0.0
gemma-4-26b-a4b,INC-91DCB951C96E,aiops2022,K_at_P1H1,True,1.0,False,False,False,2,15,0.0
gemma-4-26b-a4b,INC-9293D99C285C,aiops2022,P_at_H0,False,0.09090909090909091,False,True,False,0,15,0.0
gemma-4-26b-a4b,INC-9293D99C285C,aiops2022,H_at_P1,False,0.5,False,False,True,2,15,0.0
gemma-4-26b-a4b,INC-9293D99C285C,aiops2022,K_at_P1H1,True,1.0,False,False,False,2,15,0.0
gemma-4-26b-a4b,INC-94EB4C70EFB7,aiops2025,P_at_H0,False,0.1111111111111111,False,True,True,0,14,0.0
gemma-4-26b-a4b,INC-94EB4C70EFB7,aiops2025,H_at_P1,False,0.2222222222222222,False,True,True,2,15,0.0
gemma-4-26b-a4b,INC-94EB4C70EFB7,aiops2025,K_at_P1H1,True,1.0,False,True,True,2,15,0.0
gemma-4-26b-a4b,INC-97B043342751,aegislab,P_at_H0,False,0.09090909090909091,False,False,False,0,14,0.0
gemma-4-26b-a4b,INC-97B043342751,aegislab,H_at_P1,False,0.3,False,False,False,2,13,0.0
gemma-4-26b-a4b,INC-97B043342751,aegislab,K_at_P1H1,True,1.0,False,False,False,2,13,0.0
gemma-4-26b-a4b,INC-992C09A89DC9,aegislab,P_at_H0,False,0.08333333333333333,False,True,True,0,15,0.0
gemma-4-26b-a4b,INC-992C09A89DC9,aegislab,H_at_P1,False,0.36363636363636365,False,False,True,2,13,0.0
gemma-4-26b-a4b,INC-992C09A89DC9,aegislab,K_at_P1H1,True,1.0,False,False,False,2,13,0.0
gemma-4-26b-a4b,INC-9ACC29B9B330,aiops2022,P_at_H0,False,0.0,False,False,False,0,16,0.0
gemma-4-26b-a4b,INC-9ACC29B9B330,aiops2022,H_at_P1,False,0.5454545454545454,False,False,False,2,18,0.0
gemma-4-26b-a4b,INC-9ACC29B9B330,aiops2022,K_at_P1H1,True,1.0,False,False,False,2,18,0.0
gemma-4-26b-a4b,INC-9C225C04C814,aiops2025,P_at_H0,False,0.0,False,False,False,0,16,0.0
gemma-4-26b-a4b,INC-9C225C04C814,aiops2025,H_at_P1,False,0.4,False,False,False,2,16,0.0
gemma-4-26b-a4b,INC-9C225C04C814,aiops2025,K_at_P1H1,True,1.0,False,False,False,2,16,0.0
gemma-4-26b-a4b,INC-9C8982A9736C,aiops2025,P_at_H0,False,0.0,False,True,True,0,16,0.0
gemma-4-26b-a4b,INC-9C8982A9736C,aiops2025,H_at_P1,False,0.5454545454545454,False,True,True,2,19,0.0
gemma-4-26b-a4b,INC-9C8982A9736C,aiops2025,K_at_P1H1,True,1.0,False,True,True,2,19,0.0
gemma-4-26b-a4b,INC-9DDF62CAF256,aiops2025,P_at_H0,False,0.1,False,True,False,0,16,0.0
gemma-4-26b-a4b,INC-9DDF62CAF256,aiops2025,H_at_P1,False,0.2727272727272727,False,False,True,2,17,0.0
gemma-4-26b-a4b,INC-9DDF62CAF256,aiops2025,K_at_P1H1,True,1.0,False,False,False,2,17,0.0
gemma-4-26b-a4b,INC-A195F9A69AFC,aegislab,P_at_H0,False,0.0,False,False,False,0,14,0.0
gemma-4-26b-a4b,INC-A195F9A69AFC,aegislab,H_at_P1,False,0.2727272727272727,False,False,False,2,13,0.0
gemma-4-26b-a4b,INC-A195F9A69AFC,aegislab,K_at_P1H1,True,1.0,False,False,False,2,13,0.0
gemma-4-26b-a4b,INC-A89422C045DE,aegislab,P_at_H0,False,0.1,False,False,False,0,14,0.0
gemma-4-26b-a4b,INC-A89422C045DE,aegislab,H_at_P1,False,0.2222222222222222,False,False,False,2,13,0.0
gemma-4-26b-a4b,INC-A89422C045DE,aegislab,K_at_P1H1,True,1.0,False,False,False,2,13,0.0
gemma-4-26b-a4b,INC-ABA10DF868CA,aiops2025,P_at_H0,False,0.0,False,True,False,0,14,0.0
gemma-4-26b-a4b,INC-ABA10DF868CA,aiops2025,H_at_P1,True,1.0,True,True,True,0,14,0.0
gemma-4-26b-a4b,INC-ABA10DF868CA,aiops2025,K_at_P1H1,True,1.0,False,True,True,0,14,-0.5
gemma-4-26b-a4b,INC-AC9FBC0EC13D,aiops2025,P_at_H0,False,0.25,False,False,False,0,14,0.0
gemma-4-26b-a4b,INC-AC9FBC0EC13D,aiops2025,H_at_P1,False,0.4444444444444444,False,False,False,2,16,0.0
gemma-4-26b-a4b,INC-AC9FBC0EC13D,aiops2025,K_at_P1H1,True,1.0,False,False,False,2,16,0.0
gemma-4-26b-a4b,INC-B4C69A1E0459,aegislab,P_at_H0,False,0.09090909090909091,False,False,False,0,14,0.0
gemma-4-26b-a4b,INC-B4C69A1E0459,aegislab,H_at_P1,False,0.3,False,False,False,2,13,0.0
gemma-4-26b-a4b,INC-B4C69A1E0459,aegislab,K_at_P1H1,True,1.0,False,False,False,2,13,0.0
gemma-4-26b-a4b,INC-B5C0BC6A223E,aegislab,P_at_H0,False,0.0,False,True,False,0,14,0.0
gemma-4-26b-a4b,INC-B5C0BC6A223E,aegislab,H_at_P1,False,0.36363636363636365,False,True,True,2,13,0.0
gemma-4-26b-a4b,INC-B5C0BC6A223E,aegislab,K_at_P1H1,True,1.0,False,True,True,2,13,0.0
gemma-4-26b-a4b,INC-B63F1516296F,aiops2022,P_at_H0,False,0.0,False,True,False,0,14,0.0
gemma-4-26b-a4b,INC-B63F1516296F,aiops2022,H_at_P1,False,0.5454545454545454,False,True,True,2,14,0.0
gemma-4-26b-a4b,INC-B63F1516296F,aiops2022,K_at_P1H1,True,1.0,False,True,True,2,14,0.0
gemma-4-26b-a4b,INC-B8CEA35848D0,aiops2025,P_at_H0,False,0.0,False,True,True,0,15,0.0
gemma-4-26b-a4b,INC-B8CEA35848D0,aiops2025,H_at_P1,False,0.36363636363636365,False,True,True,2,18,0.0
gemma-4-26b-a4b,INC-B8CEA35848D0,aiops2025,K_at_P1H1,True,1.0,False,True,True,2,18,0.0
gemma-4-26b-a4b,INC-B9652C6DC060,aiops2025,P_at_H0,False,0.1,False,True,True,0,16,0.0
gemma-4-26b-a4b,INC-B9652C6DC060,aiops2025,H_at_P1,False,0.4444444444444444,False,True,True,2,18,0.0
gemma-4-26b-a4b,INC-B9652C6DC060,aiops2025,K_at_P1H1,True,1.0,False,True,True,2,18,0.0
gemma-4-26b-a4b,INC-BF08743A4A7D,aegislab,P_at_H0,False,0.0,False,False,True,0,14,0.0
gemma-4-26b-a4b,INC-BF08743A4A7D,aegislab,H_at_P1,False,0.4,False,True,False,2,14,0.0
gemma-4-26b-a4b,INC-BF08743A4A7D,aegislab,K_at_P1H1,True,1.0,False,True,True,2,14,0.0
gemma-4-26b-a4b,INC-C426468D92A8,aegislab,P_at_H0,False,0.18181818181818182,False,True,True,0,14,0.0
gemma-4-26b-a4b,INC-C426468D92A8,aegislab,H_at_P1,False,0.36363636363636365,False,False,True,2,14,0.0
gemma-4-26b-a4b,INC-C426468D92A8,aegislab,K_at_P1H1,True,1.0,False,False,False,2,14,0.0
gemma-4-26b-a4b,INC-CCE2A7ACCA59,aiops2022,P_at_H0,False,0.07692307692307693,False,False,False,0,15,0.0
gemma-4-26b-a4b,INC-CCE2A7ACCA59,aiops2022,H_at_P1,False,0.3076923076923077,False,False,False,2,16,0.0
gemma-4-26b-a4b,INC-CCE2A7ACCA59,aiops2022,K_at_P1H1,True,1.0,False,False,False,2,16,0.0
gemma-4-26b-a4b,INC-CEA641BA3229,aegislab,P_at_H0,False,0.0,False,False,False,0,15,0.0
gemma-4-26b-a4b,INC-CEA641BA3229,aegislab,H_at_P1,False,0.2727272727272727,False,True,False,2,13,0.0
gemma-4-26b-a4b,INC-CEA641BA3229,aegislab,K_at_P1H1,True,1.0,False,True,True,2,13,0.0
gemma-4-26b-a4b,INC-D639854EA9F7,aiops2022,P_at_H0,False,0.0,False,True,True,0,15,0.0
gemma-4-26b-a4b,INC-D639854EA9F7,aiops2022,H_at_P1,False,0.45454545454545453,False,True,True,2,15,0.0
gemma-4-26b-a4b,INC-D639854EA9F7,aiops2022,K_at_P1H1,True,1.0,False,True,True,2,15,0.0
gemma-4-26b-a4b,INC-DD972245679A,aiops2022,P_at_H0,False,0.0,False,False,False,0,14,0.0
gemma-4-26b-a4b,INC-DD972245679A,aiops2022,H_at_P1,False,0.4166666666666667,False,False,False,2,15,0.0
gemma-4-26b-a4b,INC-DD972245679A,aiops2022,K_at_P1H1,True,1.0,False,False,False,2,15,0.0
gemma-4-26b-a4b,INC-E324D405FD70,aiops2025,P_at_H0,False,0.0,False,True,True,0,15,0.0
gemma-4-26b-a4b,INC-E324D405FD70,aiops2025,H_at_P1,False,0.18181818181818182,False,True,True,2,17,0.0
gemma-4-26b-a4b,INC-E324D405FD70,aiops2025,K_at_P1H1,True,1.0,False,True,True,2,17,0.0
gemma-4-26b-a4b,INC-E518E9800304,aiops2022,P_at_H0,False,0.0,False,True,False,0,16,0.0
gemma-4-26b-a4b,INC-E518E9800304,aiops2022,H_at_P1,False,0.2857142857142857,False,True,True,2,16,0.0
gemma-4-26b-a4b,INC-E518E9800304,aiops2022,K_at_P1H1,True,1.0,False,True,True,2,16,0.0
gemma-4-26b-a4b,INC-E687A1412352,aiops2025,P_at_H0,False,0.0,False,False,False,0,15,0.0
gemma-4-26b-a4b,INC-E687A1412352,aiops2025,H_at_P1,False,0.3333333333333333,False,False,False,2,18,0.0
gemma-4-26b-a4b,INC-E687A1412352,aiops2025,K_at_P1H1,True,1.0,False,False,False,2,18,0.0
gemma-4-26b-a4b,INC-FDC8B6B87BEB,aiops2022,P_at_H0,False,0.0,False,False,False,0,15,0.0
gemma-4-26b-a4b,INC-FDC8B6B87BEB,aiops2022,H_at_P1,False,0.3333333333333333,False,False,False,2,15,0.0
gemma-4-26b-a4b,INC-FDC8B6B87BEB,aiops2022,K_at_P1H1,True,1.0,False,False,False,2,15,0.0
