model,arm,root_telemetry_available,n,mrr,ac1,ac5
gemma-4-26b-a4b,T,False,44,0.0,0.0,0.0
gemma-4-26b-a4b,T,True,256,0.3528645833333333,0.33203125,0.3828125
gemma-4-26b-a4b,TPV,False,44,0.0,0.0,0.0
gemma-4-26b-a4b,TPV,True,256,0.3460286458333333,0.3359375,0.359375
gemma-4-26b-a4b,V,False,44,0.0,0.0,0.0
gemma-4-26b-a4b,V,True,256,0.28125,0.28125,0.28125
qwen3.8-27b,T,False,44,0.0,0.0,0.0
qwen3.8-27b,T,True,256,0.3624348958333333,0.24609375,0.52734375
qwen3.8-27b,TPV,False,44,0.022727272727272728,0.022727272727272728,0.022727272727272728
qwen3.8-27b,TPV,True,256,0.4436848958333333,0.34765625,0.56640625
qwen3.8-27b,V,False,44,0.0,0.0,0.0
qwen3.8-27b,V,True,256,0.31145833333333334,0.21484375,0.4453125
