scope,model,n,unique_cases,parse_errors,truncations,input_tokens,output_tokens
composition,gemma-4-26b-a4b,5280,480,4,0,20536362.0,543099.0
composition,qwen3.8-27b,5280,480,56,0,26913820.0,987551.0
rq1_cf,gemma-4-26b-a4b,1920,480,15,0,7615628.0,179243.0
rq1_cf,qwen3.8-27b,1920,480,14,0,9400948.0,308517.0
rq1_qa,gemma-4-26b-a4b,8640,480,26,20,67939085.0,667678.0
rq1_qa,qwen3.8-27b,8640,480,20,1,87300250.0,532516.0
rq1_rca,gemma-4-26b-a4b,9120,480,7,0,95526052.0,983813.0
rq1_rca,qwen3.8-27b,9120,480,22,1,101292792.0,1540880.0
selection,gemma-4-26b-a4b,7680,480,3,0,70870871.0,801027.0
selection,qwen3.8-27b,7680,480,27,0,69124221.0,1324300.0
silhouette,gemma-4-26b-a4b,5760,480,3,0,22449444.0,591927.0
silhouette,qwen3.8-27b,5760,480,61,0,27874524.0,1081898.0
