subgroup,experiment,model,contrast,n,delta_pooled,delta_macro,delta_by_dataset,repair1,break1,within_top5_to_top1,new_top5,lost_top5,mrr_better,mrr_worse,identical_responses,p_exploratory,dz
active,B,qwen3.8-27b,J_MARG-TPV,28,-0.017857142857142856,-0.09583333333333333,"{'aiops2022': 0.029166666666666664, 'aiops2025': -0.06666666666666667, 'aegislab': -0.25}",0,1,0.0,2,1,2,2,0,0.9548969029229156,-0.10134346911388613
active,B,qwen3.8-27b,J_JOINT-TPV,28,0.02380952380952381,-0.051388888888888894,"{'aiops2022': 0.0625, 'aiops2025': 0.03333333333333334, 'aegislab': -0.25}",2,1,1.0,3,2,4,3,0,0.7062877861781334,0.08355389901182092
active,B,qwen3.8-27b,J_COND-TPV,27,-0.006172839506172834,-0.06491228070175438,"{'aiops2022': 0.02192982456140351, 'aiops2025': 0.03333333333333334, 'aegislab': -0.25}",1,1,1.0,2,2,3,3,0,0.986735656062021,-0.027128009472618404
no_op,B,qwen3.8-27b,J_MARG-TPV,32,0.0,0.0,"{'aiops2022': None, 'aiops2025': 0.0, 'aegislab': 0.0}",0,0,0.0,0,0,0,0,32,1.0,
no_op,B,qwen3.8-27b,J_JOINT-TPV,32,0.0,0.0,"{'aiops2022': None, 'aiops2025': 0.0, 'aegislab': 0.0}",0,0,0.0,0,0,0,0,32,1.0,
no_op,B,qwen3.8-27b,J_COND-TPV,32,0.0,0.0,"{'aiops2022': None, 'aiops2025': 0.0, 'aegislab': 0.0}",0,0,0.0,0,0,0,0,32,1.0,
root_local_selected,B,qwen3.8-27b,J_MARG-TPV,11,0.022727272727272728,0.004629629629629627,"{'aiops2022': 0.09722222222222221, 'aiops2025': -0.08333333333333333, 'aegislab': 0.0}",0,0,0.0,2,1,2,1,0,1.0,0.1360547715585236
root_local_selected,B,qwen3.8-27b,J_JOINT-TPV,11,0.12878787878787878,0.08333333333333333,"{'aiops2022': 0.20833333333333334, 'aiops2025': 0.04166666666666667, 'aegislab': 0.0}",2,0,1.0,3,2,4,2,0,0.4375,0.33666336735594604
root_local_selected,B,qwen3.8-27b,J_COND-TPV,10,0.058333333333333334,0.041666666666666664,"{'aiops2022': 0.08333333333333334, 'aiops2025': 0.04166666666666667, 'aegislab': 0.0}",1,0,1.0,2,2,3,2,0,0.5625,0.20197910700608374
no_root_local_selected,B,qwen3.8-27b,J_MARG-TPV,49,-0.015306122448979591,-0.013157894736842105,"{'aiops2022': 0.0, 'aiops2025': 0.0, 'aegislab': -0.039473684210526314}",0,1,0.0,0,0,0,1,32,0.31731050786291415,-0.14285714285714285
no_root_local_selected,B,qwen3.8-27b,J_JOINT-TPV,49,-0.015306122448979591,-0.013157894736842105,"{'aiops2022': 0.0, 'aiops2025': 0.0, 'aegislab': -0.039473684210526314}",0,1,0.0,0,0,0,1,32,0.31731050786291415,-0.14285714285714285
no_root_local_selected,B,qwen3.8-27b,J_COND-TPV,49,-0.015306122448979591,-0.013157894736842105,"{'aiops2022': 0.0, 'aiops2025': 0.0, 'aegislab': -0.039473684210526314}",0,1,0.0,0,0,0,1,32,0.31731050786291415,-0.14285714285714285
active,B,gemma-4-26b-a4b,J_MARG-TPV,28,0.03571428571428571,0.1111111111111111,"{'aiops2022': 0.0, 'aiops2025': 0.0, 'aegislab': 0.3333333333333333}",1,0,0.0,2,1,2,1,0,0.5494874208907063,0.17036819686661994
active,B,gemma-4-26b-a4b,J_JOINT-TPV,28,0.03571428571428571,0.1111111111111111,"{'aiops2022': 0.0, 'aiops2025': 0.0, 'aegislab': 0.3333333333333333}",1,0,0.0,2,1,2,1,0,0.5494874208907063,0.17036819686661994
active,B,gemma-4-26b-a4b,J_COND-TPV,28,0.02380952380952381,0.08888888888888889,"{'aiops2022': 0.0, 'aiops2025': -0.06666666666666667, 'aegislab': 0.3333333333333333}",1,0,0.0,1,1,1,1,0,0.9794896647450969,0.11821656093586509
no_op,B,gemma-4-26b-a4b,J_MARG-TPV,32,0.0,0.0,"{'aiops2022': None, 'aiops2025': 0.0, 'aegislab': 0.0}",0,0,0.0,0,0,0,0,32,1.0,
no_op,B,gemma-4-26b-a4b,J_JOINT-TPV,32,0.0,0.0,"{'aiops2022': None, 'aiops2025': 0.0, 'aegislab': 0.0}",0,0,0.0,0,0,0,0,32,1.0,
no_op,B,gemma-4-26b-a4b,J_COND-TPV,32,0.0,0.0,"{'aiops2022': None, 'aiops2025': 0.0, 'aegislab': 0.0}",0,0,0.0,0,0,0,0,32,1.0,
root_local_selected,B,gemma-4-26b-a4b,J_MARG-TPV,11,0.0,0.0,"{'aiops2022': 0.0, 'aiops2025': 0.0, 'aegislab': 0.0}",0,0,0.0,1,1,1,1,0,1.0,0.0
root_local_selected,B,gemma-4-26b-a4b,J_JOINT-TPV,11,0.0,0.0,"{'aiops2022': 0.0, 'aiops2025': 0.0, 'aegislab': 0.0}",0,0,0.0,1,1,1,1,0,1.0,0.0
root_local_selected,B,gemma-4-26b-a4b,J_COND-TPV,11,-0.0303030303030303,-0.027777777777777776,"{'aiops2022': 0.0, 'aiops2025': -0.08333333333333333, 'aegislab': 0.0}",0,0,0.0,0,1,0,1,0,1.0,-0.3015113445777636
no_root_local_selected,B,gemma-4-26b-a4b,J_MARG-TPV,49,0.02040816326530612,0.017543859649122806,"{'aiops2022': 0.0, 'aiops2025': 0.0, 'aegislab': 0.05263157894736842}",1,0,0.0,1,0,1,0,32,0.31731050786291415,0.14285714285714285
no_root_local_selected,B,gemma-4-26b-a4b,J_JOINT-TPV,49,0.02040816326530612,0.017543859649122806,"{'aiops2022': 0.0, 'aiops2025': 0.0, 'aegislab': 0.05263157894736842}",1,0,0.0,1,0,1,0,32,0.31731050786291415,0.14285714285714285
no_root_local_selected,B,gemma-4-26b-a4b,J_COND-TPV,49,0.02040816326530612,0.017543859649122806,"{'aiops2022': 0.0, 'aiops2025': 0.0, 'aegislab': 0.05263157894736842}",1,0,0.0,1,0,1,0,32,0.31731050786291415,0.14285714285714285
