experiment,model,arm,planned,input_tokens_n,input_tokens_mean,input_tokens_median,input_tokens_p95,output_tokens_n,output_tokens_mean,output_tokens_median,output_tokens_p95,image_tokens_n,image_tokens_mean,image_tokens_median,image_tokens_p95,text_tokens_n,text_tokens_mean,text_tokens_median,text_tokens_p95,wall_time_s_n,wall_time_s_mean,wall_time_s_median,wall_time_s_p95
A,gemma-4-26b-a4b,E_P_D_P,60,60,13311.433333333332,13381.0,14586.4,60,142.16666666666666,142.0,194.2,60,0.0,0.0,0.0,60,13311.433333333332,13381.0,14586.4,60,32.93303737528337,33.77841672449904,49.00657825705048
A,gemma-4-26b-a4b,E_P_D_S,60,60,13187.433333333332,13257.0,14462.4,60,141.78333333333333,138.0,173.14999999999998,60,0.0,0.0,0.0,60,13187.433333333332,13257.0,14462.4,60,33.086649835533265,32.77284445750047,51.08935553989976
A,gemma-4-26b-a4b,E_S_D_P,60,60,13598.666666666666,12155.5,27068.999999999996,60,156.43333333333334,149.5,214.25,60,0.0,0.0,0.0,60,13598.666666666666,12155.5,27068.999999999996,60,35.48612994564998,34.01918378049959,55.81026743404954
A,gemma-4-26b-a4b,E_S_D_S,60,60,13474.666666666666,12031.5,26944.999999999996,60,149.63333333333333,141.0,217.74999999999994,60,0.0,0.0,0.0,60,13474.666666666666,12031.5,26944.999999999996,60,34.09457960984998,33.888690775000214,54.43205194064958
A,gemma-4-26b-a4b,SIRCL_IDS_NATIVE,60,60,13948.416666666666,12525.5,27438.85,60,66.26666666666667,66.0,88.0,60,0.0,0.0,0.0,60,13948.416666666666,12525.5,27438.85,60,18.48862405713338,17.082494095498987,30.22509605735013
A,gemma-4-26b-a4b,T_NATIVE,60,60,14291.366666666667,14416.0,15753.4,60,117.03333333333333,116.5,152.14999999999998,60,0.0,0.0,0.0,60,14291.366666666667,14416.0,15753.4,60,27.812301870683527,28.12502222400053,40.42490319180023
A,qwen3.8-27b,E_P_D_P,60,60,11972.4,12036.5,13253.65,60,315.01666666666665,232.0,963.0999999999999,60,0.0,0.0,0.0,60,11972.4,12036.5,13253.65,60,138.54548569700003,124.57051727100043,267.9944157277993
A,qwen3.8-27b,E_P_D_S,60,59,11875.830508474577,11967.0,13143.3,59,268.4237288135593,221.0,319.5999999999998,59,0.0,0.0,0.0,59,11875.830508474577,11967.0,13143.3,59,131.51386700962712,123.32107679600085,154.9503988834009
A,qwen3.8-27b,E_S_D_P,60,60,12853.283333333333,11647.5,25591.399999999998,60,281.05,231.0,410.0999999999989,60,0.0,0.0,0.0,60,12853.283333333333,11647.5,25591.399999999998,60,131.0156995751667,126.8513211949994,170.1222854790496
A,qwen3.8-27b,E_S_D_S,60,60,12738.283333333333,11532.5,25476.399999999998,60,235.63333333333333,214.5,389.9999999999999,60,0.0,0.0,0.0,60,12738.283333333333,11532.5,25476.399999999998,60,125.43735433153343,122.34506841350048,172.07179950799957
A,qwen3.8-27b,SIRCL_IDS_NATIVE,60,59,13330.898305084746,12059.0,25986.499999999996,59,105.23728813559322,103.0,143.1,59,0.0,0.0,0.0,59,13330.898305084746,12059.0,25986.499999999996,59,98.89737416791544,99.45293585099898,120.19469483880002
A,qwen3.8-27b,T_NATIVE,60,60,12954.333333333334,13079.0,14422.65,60,197.3,161.0,213.05,60,0.0,0.0,0.0,60,12954.333333333334,13079.0,14422.65,60,114.54643688086675,109.61447776299974,133.45325093564978
B,gemma-4-26b-a4b,J_COND,60,60,15215.783333333333,15537.0,16589.35,60,110.91666666666667,108.5,145.2,60,1084.3333333333333,1082.0,1087.15,60,14131.45,14452.5,15507.35,60,32.05766010503321,32.83089557749918,43.104416101099645
B,gemma-4-26b-a4b,J_JOINT,60,60,15131.683333333332,15356.0,16423.6,60,111.68333333333334,109.5,142.14999999999998,60,1084.3333333333333,1082.0,1087.15,60,14047.35,14267.0,15341.35,60,32.509707436899895,33.368832075499995,42.83939601054963
B,gemma-4-26b-a4b,J_MARG,60,60,15114.65,15336.5,16421.7,60,111.23333333333333,108.5,138.34999999999997,60,1084.3333333333333,1082.0,1087.15,60,14030.316666666668,14248.5,15339.45,60,32.70150340036668,32.83525332449972,43.00726897354961
B,gemma-4-26b-a4b,MORE,60,60,16840.266666666666,16820.5,18357.5,60,107.96666666666667,108.5,132.0,60,1084.3333333333333,1082.0,1087.15,60,15755.933333333332,15736.0,17275.5,60,32.14428954209983,32.44307420949917,43.12828355585023
B,gemma-4-26b-a4b,TPV,60,60,14844.366666666667,14809.5,16329.65,60,112.48333333333333,108.5,163.05,60,1084.3333333333333,1082.0,1087.15,60,13760.033333333333,13725.0,15247.65,60,33.24581953663325,33.228183659000024,46.78239615099964
B,gemma-4-26b-a4b,W_NO_K,60,60,16272.033333333333,16305.5,17680.45,60,114.43333333333334,114.0,135.14999999999998,60,1084.3333333333333,1082.0,1087.15,60,15187.7,15221.0,16593.7,60,34.066906440499984,34.02581627799918,48.703287548650586
B,qwen3.8-27b,J_COND,60,59,14942.28813559322,15308.0,16275.1,59,162.135593220339,165.0,196.59999999999997,59,2077.4406779661017,2060.0,2167.7999999999993,59,12864.847457627118,13136.0,14176.699999999999,59,104.16375366079669,105.11488900199947,126.53345134649933
B,qwen3.8-27b,J_JOINT,60,60,14894.15,15147.5,16152.15,60,157.95,156.5,202.0,60,2077.9666666666667,2060.0,2162.8999999999996,60,12816.183333333332,13021.5,14136.6,60,102.5966922595166,103.67839098200056,126.63016376784844
B,qwen3.8-27b,J_MARG,60,60,14887.616666666667,15132.5,16151.8,60,159.06666666666666,159.0,202.0,60,2077.9666666666667,2060.0,2162.8999999999996,60,12809.65,13015.0,14135.9,60,102.66819380508348,101.56962229300007,126.4134416187493
B,qwen3.8-27b,MORE,60,60,16478.283333333333,16506.5,17984.6,60,161.56666666666666,159.5,216.49999999999997,60,2077.9666666666667,2060.0,2162.8999999999996,60,14400.316666666668,14405.0,15916.4,60,103.79412955638321,103.63398731000052,129.66602332719975
B,qwen3.8-27b,TPV,60,60,14621.15,14642.5,16112.35,60,162.38333333333333,162.0,202.0,60,2077.9666666666667,2060.0,2162.8999999999996,60,12543.183333333332,12522.5,14030.1,60,101.80603021051668,104.55065259999992,127.76902467319978
B,qwen3.8-27b,W_NO_K,60,60,15943.666666666666,15998.0,17380.8,60,152.75,144.5,201.0,60,2077.9666666666667,2060.0,2162.8999999999996,60,13865.7,13913.5,15274.25,60,103.19509600368332,104.33286180100004,130.12889852600082
