model,experiment,arm,n,mrr,ac@1,ac@3,ac@5,avg@3,avg@5,aiops2022,aiops2025,aegislab
qwen3.8-27b,A,E_S_D_P,57,0.40248538011695906,0.2767056530214425,0.5402534113060429,0.57729044834308,0.42374918778427545,0.4814619883040936,0.31578947368421045,0.35833333333333334,0.5333333333333333
qwen3.8-27b,A,T_NATIVE,57,0.2958414554905783,0.1905458089668616,0.45419103313840153,0.45419103313840153,0.3132553606237817,0.3696296296296297,0.3245614035087719,0.21296296296296294,0.35
qwen3.8-27b,A,SIRCL_IDS_NATIVE,57,0.3869395711500975,0.2923001949317739,0.467056530214425,0.5226120857699805,0.3974009096816114,0.44378167641325533,0.4385964912280701,0.20555555555555557,0.5166666666666666
qwen3.8-27b,B,TPV,57,0.3444769330734243,0.25994152046783625,0.47095516569200774,0.47095516569200774,0.3586744639376218,0.4035867446393762,0.2982456140350877,0.2685185185185185,0.4666666666666666
qwen3.8-27b,B,MORE,57,0.3537361923326836,0.29512670565302146,0.45428849902534113,0.45428849902534113,0.35929174788823914,0.3972904483430799,0.2982456140350877,0.29629629629629634,0.4666666666666666
qwen3.8-27b,B,W_NO_K,57,0.41158219623131903,0.3321637426900585,0.508869395711501,0.508869395711501,0.43209876543209874,0.46280701754385967,0.3245614035087719,0.4351851851851852,0.475
qwen3.8-27b,B,J_COND,57,0.3423732943469786,0.2617933723196881,0.43576998050682264,0.4699805068226121,0.3478557504873295,0.3967056530214425,0.3201754385964912,0.2777777777777778,0.4291666666666666
gemma-4-26b-a4b,A,E_S_D_P,60,0.3836111111111111,0.2833333333333334,0.4666666666666666,0.5666666666666667,0.37777777777777777,0.44333333333333336,0.3183333333333333,0.3516666666666667,0.48083333333333333
gemma-4-26b-a4b,A,T_NATIVE,60,0.2111111111111111,0.18333333333333335,0.24999999999999997,0.24999999999999997,0.21666666666666665,0.22999999999999998,0.24166666666666664,0.06666666666666667,0.325
gemma-4-26b-a4b,A,SIRCL_IDS_NATIVE,60,0.22777777777777775,0.19999999999999998,0.2833333333333333,0.2833333333333333,0.22777777777777775,0.25,0.06666666666666667,0.18333333333333332,0.4333333333333333
gemma-4-26b-a4b,B,TPV,60,0.17222222222222225,0.16666666666666666,0.18333333333333335,0.18333333333333335,0.17222222222222225,0.17666666666666667,0.2,0.06666666666666667,0.25
gemma-4-26b-a4b,B,MORE,60,0.20555555555555557,0.20000000000000004,0.21666666666666667,0.21666666666666667,0.20555555555555557,0.21,0.2,0.06666666666666667,0.35
gemma-4-26b-a4b,B,W_NO_K,60,0.18333333333333335,0.18333333333333335,0.18333333333333335,0.18333333333333335,0.18333333333333335,0.18333333333333335,0.2,0.05,0.3
gemma-4-26b-a4b,B,J_COND,60,0.18333333333333335,0.18333333333333335,0.18333333333333335,0.18333333333333335,0.18333333333333335,0.18333333333333335,0.2,0.05,0.3
