experiment,model,arm,dataset,top1_outcome,n,normalized_attention_entropy,blank_attention_mass,top_10pct_evidence_precision,required_region_attention_mass,attn_M,attn_R,attn_L,attn_G,attn_ledger,focus_M,focus_R,focus_L,focus_G,focus_ledger
direct_rca,gemma-4-26b-a4b,H,aegislab,correct,34,0.86867792,0.11071791,0.88914027,,0.62248878,0.024429712,0.043996403,0.3090851,,0.97836651,0.52579193,0.93858992,1.155804,
direct_rca,gemma-4-26b-a4b,H,aegislab,incorrect,62,0.86858214,0.12275216,0.87282878,,0.62159611,0.022710679,0.041405154,0.31428805,,0.97688206,0.49515474,0.88330995,1.1772584,
direct_rca,gemma-4-26b-a4b,H,aiops2022,correct,30,0.86712025,0.12286678,0.85384615,,0.61453163,0.025858392,0.041678675,0.3179313,,0.94110873,0.55164569,0.88914506,1.2583382,
direct_rca,gemma-4-26b-a4b,H,aiops2022,incorrect,70,0.86473171,0.12708755,0.85934066,,0.61070653,0.025787477,0.044018018,0.31948797,,0.93353063,0.55013284,0.93905106,1.2686872,
direct_rca,gemma-4-26b-a4b,H,aiops2025,correct,19,0.86452488,0.12385545,0.87854251,,0.61144552,0.025614586,0.039310565,0.32362933,,0.93172651,0.5464445,0.83862539,1.2945173,
direct_rca,gemma-4-26b-a4b,H,aiops2025,incorrect,74,0.86317513,0.12809604,0.86798337,,0.61504121,0.024101431,0.037730571,0.32312679,,0.93720565,0.51416386,0.80491886,1.2925072,
direct_rca,gemma-4-26b-a4b,H,re2_ob,correct,53,0.86158679,0.098469147,0.90275762,,0.60416454,0.02791484,0.041141732,0.32677889,,0.92063167,0.59551658,0.87769028,1.3071156,
direct_rca,gemma-4-26b-a4b,H,re2_ob,incorrect,37,0.86109766,0.10299237,0.8970894,,0.60641432,0.027675252,0.041568775,0.32434166,,0.92405991,0.59040538,0.88680053,1.2973666,
direct_rca,gemma-4-26b-a4b,H,re2_tt,correct,52,0.86462472,0.12557185,0.87721893,,0.61686499,0.023351544,0.039946495,0.31983697,,0.94404976,0.49816626,0.85219189,1.26777,
direct_rca,gemma-4-26b-a4b,H,re2_tt,incorrect,38,0.86396367,0.13148453,0.88259109,,0.61530616,0.02354601,0.041886676,0.31926115,,0.96534073,0.51598186,0.90110386,1.2031443,
direct_rca,gemma-4-26b-a4b,P,aegislab,correct,23,0.79477416,0.23697454,0.76754097,,,,,,1,,,,,1
direct_rca,gemma-4-26b-a4b,P,aegislab,incorrect,73,0.79599509,0.23910684,0.76052416,,,,,,1,,,,,1
direct_rca,gemma-4-26b-a4b,P,aiops2022,correct,26,0.79391117,0.26265154,0.73185047,,,,,,1,,,,,1
direct_rca,gemma-4-26b-a4b,P,aiops2022,incorrect,74,0.79475231,0.26161421,0.72822782,,,,,,1,,,,,1
direct_rca,gemma-4-26b-a4b,P,aiops2025,correct,14,0.79882229,0.2694276,0.73013768,,,,,,1,,,,,1
direct_rca,gemma-4-26b-a4b,P,aiops2025,incorrect,79,0.79778036,0.26463624,0.73132294,,,,,,1,,,,,1
direct_rca,gemma-4-26b-a4b,P,re2_ob,correct,49,0.80276738,0.2293765,0.75644374,,,,,,1,,,,,1
direct_rca,gemma-4-26b-a4b,P,re2_ob,incorrect,41,0.80243567,0.23618878,0.75435328,,,,,,1,,,,,1
direct_rca,gemma-4-26b-a4b,P,re2_tt,correct,30,0.79239523,0.23029103,0.7654354,,,,,,1,,,,,1
direct_rca,gemma-4-26b-a4b,P,re2_tt,incorrect,60,0.79318293,0.23171669,0.76919487,,,,,,1,,,,,1
direct_rca,gemma-4-26b-a4b,R,aegislab,correct,40,0.87331279,0.15108396,0.86057692,,0.60754899,0.034589248,0.060846462,0.2970153,,0.95373982,0.74508708,1.2980578,1.1120636,
direct_rca,gemma-4-26b-a4b,R,aegislab,incorrect,56,0.87233111,0.17121027,0.84065934,,0.59708068,0.034075678,0.055870128,0.31297352,,0.93874735,0.75154305,1.1918961,1.1715464,
direct_rca,gemma-4-26b-a4b,R,aiops2022,correct,22,0.87053451,0.18155611,0.80944056,,0.59006602,0.041324355,0.055212343,0.31339728,,0.90225776,0.88158624,1.1778633,1.2452565,
direct_rca,gemma-4-26b-a4b,R,aiops2022,incorrect,78,0.86983505,0.16237782,0.85798817,,0.60265275,0.034481798,0.053899098,0.30896636,,0.9217746,0.7356117,1.1498474,1.2257426,
direct_rca,gemma-4-26b-a4b,R,aiops2025,correct,18,0.86598133,0.16613858,0.84188034,,0.5794654,0.038330885,0.055378701,0.32682501,,0.8829949,0.81772554,1.1814123,1.3073,
direct_rca,gemma-4-26b-a4b,R,aiops2025,incorrect,75,0.86835638,0.16488965,0.8425641,,0.59030271,0.035584599,0.052133166,0.32197952,,0.8995089,0.75913811,1.1121742,1.2879181,
direct_rca,gemma-4-26b-a4b,R,re2_ob,correct,68,0.86809438,0.1245614,0.90045249,,0.60209769,0.036933633,0.053213392,0.30775529,,0.91748219,0.78791751,1.135219,1.2310212,
direct_rca,gemma-4-26b-a4b,R,re2_ob,incorrect,22,0.86694296,0.14135638,0.87062937,,0.60051951,0.043040759,0.052683737,0.30375599,,0.91507735,0.91820287,1.1239197,1.215024,
direct_rca,gemma-4-26b-a4b,R,re2_tt,correct,53,0.87096304,0.15416408,0.8563135,,0.60314026,0.032712758,0.055932339,0.30821464,,0.92564809,0.69787217,1.1932232,1.2150112,
direct_rca,gemma-4-26b-a4b,R,re2_tt,incorrect,37,0.87023118,0.17240682,0.84511435,,0.60720153,0.031047435,0.053219575,0.30853146,,0.9489473,0.70443456,1.1588506,1.170019,
direct_rca,gemma-4-26b-a4b,V,aegislab,correct,34,0.87895201,0.1086489,0.89253394,,0.62696898,0.023568514,0.042148756,0.30731375,,0.99426159,0.51131709,0.89917346,1.125108,
direct_rca,gemma-4-26b-a4b,V,aegislab,incorrect,62,0.87728351,0.12703885,0.86724566,,0.62287357,0.023462746,0.043100166,0.31056352,,0.97394048,0.50915851,0.91947021,1.1758658,
direct_rca,gemma-4-26b-a4b,V,aiops2022,correct,21,0.87257621,0.12865739,0.83882784,,0.60947019,0.025261854,0.044500825,0.32076713,,0.93195569,0.53891954,0.94935094,1.2734772,
direct_rca,gemma-4-26b-a4b,V,aiops2022,incorrect,79,0.87047688,0.12494267,0.8617332,,0.6089396,0.025676654,0.043880043,0.3215037,,0.9314135,0.54776862,0.93610758,1.2752168,
direct_rca,gemma-4-26b-a4b,V,aiops2025,correct,16,0.868367,0.13376552,0.85817308,,0.60464212,0.024980473,0.039726267,0.33065114,,0.92135942,0.53291676,0.84749369,1.3226046,
direct_rca,gemma-4-26b-a4b,V,aiops2025,incorrect,77,0.86894698,0.12692157,0.87062937,,0.60846095,0.024911761,0.038700095,0.3279272,,0.92717858,0.53145089,0.82560203,1.3117088,
direct_rca,gemma-4-26b-a4b,V,re2_ob,correct,61,0.87039627,0.094631552,0.90542245,,0.60015174,0.026737157,0.041346283,0.33176482,,0.91451694,0.57039269,0.88205405,1.3270593,
direct_rca,gemma-4-26b-a4b,V,re2_ob,incorrect,29,0.87026041,0.11056939,0.89522546,,0.60286976,0.028897546,0.037838399,0.33039429,,0.91865869,0.61648099,0.80721918,1.3215772,
direct_rca,gemma-4-26b-a4b,V,re2_tt,correct,48,0.87553533,0.11663038,0.89583333,,0.62130475,0.023605256,0.03897462,0.31611537,,0.9511671,0.5035788,0.83145855,1.2513679,
direct_rca,gemma-4-26b-a4b,V,re2_tt,incorrect,42,0.87706389,0.14276171,0.86263736,,0.61409718,0.024144593,0.04292877,0.31882946,,0.96043263,0.52783468,0.9233532,1.2080592,
direct_rca,qwen3.6-27b,H,aegislab,correct,35,0.83869321,0.10765435,0.95384615,,0.61749117,0.039951918,0.044856462,0.29770045,,0.9676958,0.85805868,0.95693786,1.1195377,
direct_rca,qwen3.6-27b,H,aegislab,incorrect,61,0.83955153,0.10939493,0.94703657,,0.61313238,0.03963972,0.043728812,0.30349909,,0.96488552,0.86100824,0.93288133,1.1293825,
direct_rca,qwen3.6-27b,H,aiops2022,correct,20,0.84054255,0.10644833,0.94807692,,0.62763735,0.036723326,0.044423922,0.2912154,,0.95639977,0.78343096,0.94771034,1.1648616,
direct_rca,qwen3.6-27b,H,aiops2022,incorrect,80,0.840128,0.11252471,0.94471154,,0.62546639,0.036208172,0.042301724,0.29602372,,0.95749133,0.772441,0.90243677,1.1720277,
direct_rca,qwen3.6-27b,H,aiops2025,correct,17,0.83646356,0.11114997,0.94570136,,0.61852284,0.038893436,0.040161156,0.30242257,,0.942511,0.82972663,0.85677132,1.2096903,
direct_rca,qwen3.6-27b,H,aiops2025,incorrect,76,0.83460232,0.10854866,0.94433198,,0.61948068,0.038591247,0.038939765,0.3029883,,0.94397056,0.82327994,0.83071499,1.2119532,
direct_rca,qwen3.6-27b,H,re2_ob,correct,52,0.83797217,0.097474347,0.9556213,,0.63123148,0.032938345,0.043960367,0.29186981,,0.96187654,0.70268469,0.93782117,1.1674792,
direct_rca,qwen3.6-27b,H,re2_ob,incorrect,38,0.83452153,0.10227975,0.95242915,,0.63336238,0.03213464,0.043163269,0.29133971,,0.96512363,0.68553898,0.92081641,1.1653588,
direct_rca,qwen3.6-27b,H,re2_tt,correct,51,0.8346642,0.10796311,0.95022624,,0.6208041,0.041205451,0.037314716,0.30067573,,0.95152497,0.87904962,0.79604728,1.1872777,
direct_rca,qwen3.6-27b,H,re2_tt,incorrect,39,0.83425,0.11957834,0.94378698,,0.61321361,0.038493958,0.038786101,0.30950633,,0.9586022,0.84495915,0.8342363,1.1680527,
direct_rca,qwen3.6-27b,P,aegislab,correct,25,0.78620871,0.11836454,0.95375875,,,,,,1,,,,,1
direct_rca,qwen3.6-27b,P,aegislab,incorrect,71,0.78440402,0.11452201,0.95389831,,,,,,1,,,,,1
direct_rca,qwen3.6-27b,P,aiops2022,correct,13,0.78473308,0.12589015,0.93846323,,,,,,1,,,,,1
direct_rca,qwen3.6-27b,P,aiops2022,incorrect,87,0.7840161,0.12587873,0.93597405,,,,,,1,,,,,1
direct_rca,qwen3.6-27b,P,aiops2025,correct,20,0.79471464,0.12586455,0.94102666,,,,,,1,,,,,1
direct_rca,qwen3.6-27b,P,aiops2025,incorrect,73,0.79363867,0.12688419,0.9402026,,,,,,1,,,,,1
direct_rca,qwen3.6-27b,P,re2_ob,correct,47,0.77737995,0.12271666,0.94520473,,,,,,1,,,,,1
direct_rca,qwen3.6-27b,P,re2_ob,incorrect,43,0.77767975,0.12542349,0.94318701,,,,,,1,,,,,1
direct_rca,qwen3.6-27b,P,re2_tt,correct,32,0.7772654,0.1150252,0.94908705,,,,,,1,,,,,1
direct_rca,qwen3.6-27b,P,re2_tt,incorrect,58,0.77810156,0.11439273,0.94794644,,,,,,1,,,,,1
direct_rca,qwen3.6-27b,R,aegislab,correct,33,0.83321087,0.15949824,0.93589744,,0.55296857,0.050110285,0.078348731,0.31857241,,0.86351698,1.0690194,1.6714396,1.2101613,
direct_rca,qwen3.6-27b,R,aegislab,incorrect,63,0.8316745,0.16459993,0.93833944,,0.56023326,0.045972062,0.074518557,0.31927612,,0.88281063,1.0046534,1.5897292,1.1878218,
direct_rca,qwen3.6-27b,R,aiops2022,correct,20,0.83704504,0.17978701,0.92307692,,0.56322628,0.04217168,0.067874938,0.3267271,,0.86155737,0.89966251,1.4479987,1.2973027,
direct_rca,qwen3.6-27b,R,aiops2022,incorrect,80,0.83849019,0.17044674,0.91394231,,0.56336589,0.041341122,0.068462652,0.32683034,,0.86164731,0.88194393,1.4605366,1.297511,
direct_rca,qwen3.6-27b,R,aiops2025,correct,23,0.83157732,0.16074649,0.92976589,,0.56112605,0.044790249,0.063919582,0.33016412,,0.85504921,0.9555253,1.3636177,1.3206565,
direct_rca,qwen3.6-27b,R,aiops2025,incorrect,70,0.83451422,0.16045826,0.92802198,,0.5599673,0.045962596,0.065411696,0.32865841,,0.8532835,0.98053538,1.3954495,1.3146336,
direct_rca,qwen3.6-27b,R,re2_ob,correct,49,0.84064675,0.14709042,0.91208791,,0.55775847,0.043762747,0.076944421,0.32153437,,0.84991766,0.93360526,1.641481,1.2861375,
direct_rca,qwen3.6-27b,R,re2_ob,incorrect,41,0.8376991,0.14927343,0.92401501,,0.5644031,0.04107334,0.073012926,0.32151064,,0.86004281,0.87623125,1.5576091,1.2860426,
direct_rca,qwen3.6-27b,R,re2_tt,correct,39,0.83680133,0.15099967,0.93096647,,0.56556647,0.045288308,0.067799871,0.32134535,,0.8665564,0.96615057,1.4463973,1.2700019,
direct_rca,qwen3.6-27b,R,re2_tt,incorrect,51,0.83738529,0.16388741,0.92760181,,0.56120845,0.042898323,0.067201014,0.32869221,,0.87256081,0.94142491,1.4402182,1.2523917,
direct_rca,qwen3.6-27b,V,aegislab,correct,34,0.84682465,0.10794827,0.9479638,,0.6365601,0.033650818,0.040173014,0.28961607,,1.0049028,0.72864731,0.8570243,1.0693792,
direct_rca,qwen3.6-27b,V,aegislab,incorrect,62,0.84520337,0.11149021,0.93548387,,0.63693618,0.034392951,0.039395205,0.28927566,,0.99814876,0.74386504,0.84043104,1.0870368,
direct_rca,qwen3.6-27b,V,aiops2022,correct,17,0.85348793,0.11793672,0.92760181,,0.62262592,0.037563009,0.041795176,0.29801589,,0.95275029,0.8013442,0.89163041,1.179666,
direct_rca,qwen3.6-27b,V,aiops2022,incorrect,83,0.85186285,0.11042052,0.93836886,,0.62739311,0.036724627,0.040840121,0.29504214,,0.95940832,0.78345871,0.87125591,1.1705847,
direct_rca,qwen3.6-27b,V,aiops2025,correct,20,0.8467366,0.11117283,0.94230769,,0.64716329,0.033744741,0.0370214,0.28207056,,0.98615359,0.71988781,0.78978987,1.1282823,
direct_rca,qwen3.6-27b,V,aiops2025,incorrect,73,0.84531073,0.11004328,0.93730242,,0.6449445,0.034336954,0.037535303,0.28318324,,0.98277257,0.73252168,0.80075313,1.132733,
direct_rca,qwen3.6-27b,V,re2_ob,correct,42,0.84657461,0.10066007,0.92857143,,0.63582544,0.031821283,0.041791904,0.29056137,,0.96887686,0.67885404,0.89156063,1.1622455,
direct_rca,qwen3.6-27b,V,re2_ob,incorrect,48,0.84404419,0.10706035,0.92307692,,0.63680067,0.031732965,0.041468747,0.28999762,,0.97036293,0.67696991,0.88466659,1.1599905,
direct_rca,qwen3.6-27b,V,re2_tt,correct,39,0.85762665,0.1092403,0.93688363,,0.61150538,0.047873987,0.042951672,0.29766896,,0.93709385,1.0213117,0.91630233,1.1755054,
direct_rca,qwen3.6-27b,V,re2_tt,incorrect,51,0.85814526,0.12377193,0.92835596,,0.60562333,0.044173541,0.045563238,0.30463989,,0.94220352,0.96267461,0.9779905,1.1604549,
direct_rca,qwen3.8-27b,H,aegislab,correct,36,0.85797402,0.095982651,0.96047009,,0.65213117,0.032632376,0.031831593,0.28340486,,1.0257995,0.69990161,0.67907398,1.0589705,
direct_rca,qwen3.8-27b,H,aegislab,incorrect,60,0.85592216,0.098025065,0.96025641,,0.6487219,0.031389,0.031892431,0.28799667,,1.0200959,0.68236216,0.68037186,1.0817481,
direct_rca,qwen3.8-27b,H,aiops2022,correct,21,0.86538763,0.091557128,0.95604396,,0.67948872,0.029665218,0.026860064,0.263986,,1.0354114,0.63285798,0.5730147,1.055944,
direct_rca,qwen3.8-27b,H,aiops2022,incorrect,79,0.86518082,0.0902479,0.9600779,,0.67297409,0.030867235,0.02711531,0.26904337,,1.0303341,0.65850102,0.57845996,1.0649254,
direct_rca,qwen3.8-27b,H,aiops2025,correct,14,0.86350745,0.1031286,0.95604396,,0.65886617,0.030521175,0.026253284,0.28435937,,1.0039865,0.6511184,0.56007006,1.1374375,
direct_rca,qwen3.8-27b,H,aiops2025,incorrect,79,0.86414623,0.096630577,0.9600779,,0.66522462,0.027844688,0.024747861,0.28218283,,1.0136756,0.59402001,0.52795438,1.1287313,
direct_rca,qwen3.8-27b,H,re2_ob,correct,39,0.86406427,0.084142793,0.95956607,,0.66844371,0.028479701,0.024796492,0.2782801,,1.0185809,0.60756696,0.52899182,1.1131204,
direct_rca,qwen3.8-27b,H,re2_ob,incorrect,51,0.86316481,0.090090139,0.96153846,,0.66404489,0.029413387,0.025443028,0.28109869,,1.0118779,0.62748559,0.5427846,1.1243948,
direct_rca,qwen3.8-27b,H,re2_tt,correct,37,0.86498911,0.084085766,0.96153846,,0.66013894,0.035530197,0.027722803,0.27660806,,1.0100315,0.75797753,0.59141981,1.0966407,
direct_rca,qwen3.8-27b,H,re2_tt,incorrect,53,0.86408045,0.087162379,0.95573295,,0.65234284,0.034285468,0.028411853,0.28495984,,1.0159873,0.74876623,0.60890294,1.0868656,
direct_rca,qwen3.8-27b,P,aegislab,correct,27,0.74485284,0.093434761,0.96272223,,,,,,1,,,,,1
direct_rca,qwen3.8-27b,P,aegislab,incorrect,69,0.74443956,0.091245097,0.96246366,,,,,,1,,,,,1
direct_rca,qwen3.8-27b,P,aiops2022,correct,7,0.74659208,0.1052405,0.95743676,,,,,,1,,,,,1
direct_rca,qwen3.8-27b,P,aiops2022,incorrect,93,0.74383334,0.10726939,0.95654583,,,,,,1,,,,,1
direct_rca,qwen3.8-27b,P,aiops2025,correct,16,0.74895743,0.10003133,0.96543162,,,,,,1,,,,,1
direct_rca,qwen3.8-27b,P,aiops2025,incorrect,77,0.75011415,0.10221324,0.96223352,,,,,,1,,,,,1
direct_rca,qwen3.8-27b,P,re2_ob,correct,23,0.74660381,0.10408248,0.95583032,,,,,,1,,,,,1
direct_rca,qwen3.8-27b,P,re2_ob,incorrect,67,0.74712475,0.10752997,0.95629884,,,,,,1,,,,,1
direct_rca,qwen3.8-27b,P,re2_tt,correct,19,0.73374567,0.092417274,0.96349019,,,,,,1,,,,,1
direct_rca,qwen3.8-27b,P,re2_tt,incorrect,71,0.73340883,0.090955316,0.96258198,,,,,,1,,,,,1
direct_rca,qwen3.8-27b,R,aegislab,correct,32,0.85538953,0.10749356,0.95793269,,0.66236783,0.02987313,0.037242033,0.27051701,,1.0433873,0.64170331,0.7944967,1.0074733,
direct_rca,qwen3.8-27b,R,aegislab,incorrect,64,0.85344047,0.11512827,0.95192308,,0.66192021,0.026850943,0.035987384,0.27524147,,1.0391973,0.5860369,0.76773086,1.0334826,
direct_rca,qwen3.8-27b,R,aiops2022,correct,14,0.86170589,0.10720851,0.9478022,,0.67516126,0.023847462,0.034716889,0.26627439,,1.0288172,0.50874586,0.74062696,1.0650975,
direct_rca,qwen3.8-27b,R,aiops2022,incorrect,86,0.85812528,0.11487624,0.94767442,,0.67124656,0.025464332,0.035479942,0.26780916,,1.0272789,0.54323908,0.75690543,1.061309,
direct_rca,qwen3.8-27b,R,aiops2025,correct,19,0.85940905,0.12134643,0.94736842,,0.66560241,0.024484952,0.032269841,0.2776428,,1.0142513,0.52234564,0.68842328,1.1105712,
direct_rca,qwen3.8-27b,R,aiops2025,incorrect,74,0.86165444,0.11565936,0.95114345,,0.65983298,0.025268648,0.03347644,0.28142193,,1.0054598,0.53906448,0.71416406,1.1256877,
direct_rca,qwen3.8-27b,R,re2_ob,correct,30,0.85300537,0.10937833,0.94102564,,0.65765963,0.026476412,0.041502407,0.27436155,,1.002148,0.56483013,0.88538467,1.0974462,
direct_rca,qwen3.8-27b,R,re2_ob,incorrect,60,0.85171644,0.1098095,0.95320513,,0.66227192,0.026566507,0.039318478,0.2718431,,1.0091763,0.56675214,0.83879419,1.0873724,
direct_rca,qwen3.8-27b,R,re2_tt,correct,31,0.85936017,0.098960233,0.94416873,,0.66287531,0.02677508,0.037743872,0.27260574,,1.0175357,0.57120171,0.8052026,1.0745737,
direct_rca,qwen3.8-27b,R,re2_tt,incorrect,59,0.85753629,0.10726086,0.94850065,,0.65403637,0.02690219,0.035863326,0.28319812,,1.0149394,0.58911293,0.76807132,1.0874706,
direct_rca,qwen3.8-27b,V,aegislab,correct,30,0.84748692,0.10183591,0.95897436,,0.65895047,0.026325513,0.027471352,0.28725266,,1.0377072,0.56636743,0.5860555,1.0701281,
direct_rca,qwen3.8-27b,V,aegislab,incorrect,66,0.84589589,0.10746912,0.95979021,,0.65592613,0.025350761,0.02846849,0.29025462,,1.0304272,0.55029176,0.60732779,1.0892425,
direct_rca,qwen3.8-27b,V,aiops2022,correct,11,0.85987553,0.083420177,0.96153846,,0.70142008,0.026101809,0.022583159,0.24989495,,1.0688306,0.5568386,0.48177407,0.99957979,
direct_rca,qwen3.8-27b,V,aiops2022,incorrect,89,0.85901039,0.087188758,0.96110631,,0.7005754,0.026435236,0.022263914,0.25072545,,1.072009,0.56395169,0.47496349,0.99339845,
direct_rca,qwen3.8-27b,V,aiops2025,correct,16,0.86454337,0.10229275,0.96153846,,0.68864493,0.023350807,0.022581636,0.26542262,,1.0493637,0.49815056,0.48174156,1.0616905,
direct_rca,qwen3.8-27b,V,aiops2025,incorrect,77,0.86448002,0.10079983,0.96053946,,0.68676083,0.022913856,0.022968255,0.26735706,,1.0464927,0.48882893,0.48998944,1.0694282,
direct_rca,qwen3.8-27b,V,re2_ob,correct,31,0.85577164,0.082385476,0.96029777,,0.69055754,0.023017769,0.021133888,0.2652908,,1.0522782,0.49104575,0.45085627,1.0611632,
direct_rca,qwen3.8-27b,V,re2_ob,incorrect,59,0.85601157,0.086610673,0.96153846,,0.68738398,0.023502061,0.021428052,0.2676859,,1.0474423,0.5013773,0.45713178,1.0707436,
direct_rca,qwen3.8-27b,V,re2_tt,correct,28,0.85869312,0.093125772,0.96153846,,0.64036947,0.042692883,0.033411478,0.28352617,,0.9837933,0.91078151,0.7127782,1.1151522,
direct_rca,qwen3.8-27b,V,re2_tt,incorrect,62,0.85783103,0.098400872,0.95409429,,0.63801128,0.040647462,0.034129957,0.28721131,,0.98938711,0.88288518,0.73148429,1.1058188,
ledger_handoff_rca,gemma-4-26b-a4b,L_hyb,aegislab,correct,41,,,,,,,,,,,,,,
ledger_handoff_rca,gemma-4-26b-a4b,L_hyb,aegislab,incorrect,55,,,,,,,,,,,,,,
ledger_handoff_rca,gemma-4-26b-a4b,L_hyb,aiops2022,correct,26,,,,,,,,,,,,,,
ledger_handoff_rca,gemma-4-26b-a4b,L_hyb,aiops2022,incorrect,74,,,,,,,,,,,,,,
ledger_handoff_rca,gemma-4-26b-a4b,L_hyb,aiops2025,correct,16,,,,,,,,,,,,,,
ledger_handoff_rca,gemma-4-26b-a4b,L_hyb,aiops2025,incorrect,77,,,,,,,,,,,,,,
ledger_handoff_rca,gemma-4-26b-a4b,L_hyb,re2_ob,correct,72,,,,,,,,,,,,,,
ledger_handoff_rca,gemma-4-26b-a4b,L_hyb,re2_ob,incorrect,18,,,,,,,,,,,,,,
ledger_handoff_rca,gemma-4-26b-a4b,L_hyb,re2_tt,correct,48,,,,,,,,,,,,,,
ledger_handoff_rca,gemma-4-26b-a4b,L_hyb,re2_tt,incorrect,42,,,,,,,,,,,,,,
ledger_handoff_rca,gemma-4-26b-a4b,L_vis,aegislab,correct,39,,,,,,,,,,,,,,
ledger_handoff_rca,gemma-4-26b-a4b,L_vis,aegislab,incorrect,57,,,,,,,,,,,,,,
ledger_handoff_rca,gemma-4-26b-a4b,L_vis,aiops2022,correct,20,,,,,,,,,,,,,,
ledger_handoff_rca,gemma-4-26b-a4b,L_vis,aiops2022,incorrect,80,,,,,,,,,,,,,,
ledger_handoff_rca,gemma-4-26b-a4b,L_vis,aiops2025,correct,16,,,,,,,,,,,,,,
ledger_handoff_rca,gemma-4-26b-a4b,L_vis,aiops2025,incorrect,77,,,,,,,,,,,,,,
ledger_handoff_rca,gemma-4-26b-a4b,L_vis,re2_ob,correct,62,,,,,,,,,,,,,,
ledger_handoff_rca,gemma-4-26b-a4b,L_vis,re2_ob,incorrect,28,,,,,,,,,,,,,,
ledger_handoff_rca,gemma-4-26b-a4b,L_vis,re2_tt,correct,41,,,,,,,,,,,,,,
ledger_handoff_rca,gemma-4-26b-a4b,L_vis,re2_tt,incorrect,49,,,,,,,,,,,,,,
ledger_handoff_rca,qwen3.6-27b,L_hyb,aegislab,correct,31,,,,,,,,,,,,,,
ledger_handoff_rca,qwen3.6-27b,L_hyb,aegislab,incorrect,65,,,,,,,,,,,,,,
ledger_handoff_rca,qwen3.6-27b,L_hyb,aiops2022,correct,29,,,,,,,,,,,,,,
ledger_handoff_rca,qwen3.6-27b,L_hyb,aiops2022,incorrect,71,,,,,,,,,,,,,,
ledger_handoff_rca,qwen3.6-27b,L_hyb,aiops2025,correct,24,,,,,,,,,,,,,,
ledger_handoff_rca,qwen3.6-27b,L_hyb,aiops2025,incorrect,69,,,,,,,,,,,,,,
ledger_handoff_rca,qwen3.6-27b,L_hyb,re2_ob,correct,63,,,,,,,,,,,,,,
ledger_handoff_rca,qwen3.6-27b,L_hyb,re2_ob,incorrect,27,,,,,,,,,,,,,,
ledger_handoff_rca,qwen3.6-27b,L_hyb,re2_tt,correct,44,,,,,,,,,,,,,,
ledger_handoff_rca,qwen3.6-27b,L_hyb,re2_tt,incorrect,46,,,,,,,,,,,,,,
ledger_handoff_rca,qwen3.6-27b,L_vis,aegislab,correct,31,,,,,,,,,,,,,,
ledger_handoff_rca,qwen3.6-27b,L_vis,aegislab,incorrect,65,,,,,,,,,,,,,,
ledger_handoff_rca,qwen3.6-27b,L_vis,aiops2022,correct,21,,,,,,,,,,,,,,
ledger_handoff_rca,qwen3.6-27b,L_vis,aiops2022,incorrect,79,,,,,,,,,,,,,,
ledger_handoff_rca,qwen3.6-27b,L_vis,aiops2025,correct,17,,,,,,,,,,,,,,
ledger_handoff_rca,qwen3.6-27b,L_vis,aiops2025,incorrect,76,,,,,,,,,,,,,,
ledger_handoff_rca,qwen3.6-27b,L_vis,re2_ob,correct,59,,,,,,,,,,,,,,
ledger_handoff_rca,qwen3.6-27b,L_vis,re2_ob,incorrect,31,,,,,,,,,,,,,,
ledger_handoff_rca,qwen3.6-27b,L_vis,re2_tt,correct,35,,,,,,,,,,,,,,
ledger_handoff_rca,qwen3.6-27b,L_vis,re2_tt,incorrect,55,,,,,,,,,,,,,,
ledger_handoff_rca,qwen3.8-27b,L_hyb,aegislab,correct,26,,,,,,,,,,,,,,
ledger_handoff_rca,qwen3.8-27b,L_hyb,aegislab,incorrect,70,,,,,,,,,,,,,,
ledger_handoff_rca,qwen3.8-27b,L_hyb,aiops2022,correct,26,,,,,,,,,,,,,,
ledger_handoff_rca,qwen3.8-27b,L_hyb,aiops2022,incorrect,74,,,,,,,,,,,,,,
ledger_handoff_rca,qwen3.8-27b,L_hyb,aiops2025,correct,17,,,,,,,,,,,,,,
ledger_handoff_rca,qwen3.8-27b,L_hyb,aiops2025,incorrect,76,,,,,,,,,,,,,,
ledger_handoff_rca,qwen3.8-27b,L_hyb,re2_ob,correct,50,,,,,,,,,,,,,,
ledger_handoff_rca,qwen3.8-27b,L_hyb,re2_ob,incorrect,40,,,,,,,,,,,,,,
ledger_handoff_rca,qwen3.8-27b,L_hyb,re2_tt,correct,36,,,,,,,,,,,,,,
ledger_handoff_rca,qwen3.8-27b,L_hyb,re2_tt,incorrect,54,,,,,,,,,,,,,,
ledger_handoff_rca,qwen3.8-27b,L_vis,aegislab,correct,25,,,,,,,,,,,,,,
ledger_handoff_rca,qwen3.8-27b,L_vis,aegislab,incorrect,71,,,,,,,,,,,,,,
ledger_handoff_rca,qwen3.8-27b,L_vis,aiops2022,correct,20,,,,,,,,,,,,,,
ledger_handoff_rca,qwen3.8-27b,L_vis,aiops2022,incorrect,80,,,,,,,,,,,,,,
ledger_handoff_rca,qwen3.8-27b,L_vis,aiops2025,correct,14,,,,,,,,,,,,,,
ledger_handoff_rca,qwen3.8-27b,L_vis,aiops2025,incorrect,79,,,,,,,,,,,,,,
ledger_handoff_rca,qwen3.8-27b,L_vis,re2_ob,correct,40,,,,,,,,,,,,,,
ledger_handoff_rca,qwen3.8-27b,L_vis,re2_ob,incorrect,50,,,,,,,,,,,,,,
ledger_handoff_rca,qwen3.8-27b,L_vis,re2_tt,correct,32,,,,,,,,,,,,,,
ledger_handoff_rca,qwen3.8-27b,L_vis,re2_tt,incorrect,58,,,,,,,,,,,,,,
matched_rca,gemma-4-26b-a4b,H,aegislab,correct,44,0.85472524,0.11640748,0.88461538,,0.63073258,0.021227249,0.040460029,0.30758015,,0.99316126,0.45869809,0.86314729,1.1462283,
matched_rca,gemma-4-26b-a4b,H,aegislab,incorrect,52,0.85391633,0.12246292,0.875,,0.62768266,0.021535658,0.040724144,0.31005754,,0.98483856,0.46916141,0.86878174,1.164654,
matched_rca,gemma-4-26b-a4b,H,aiops2022,correct,29,0.85202917,0.12368638,0.86472149,,0.62413345,0.023925017,0.039668487,0.31227304,,0.95594071,0.51040036,0.84626106,1.2356732,
matched_rca,gemma-4-26b-a4b,H,aiops2022,incorrect,71,0.84987134,0.12640061,0.86078007,,0.61806047,0.024434521,0.042785047,0.31471996,,0.94476565,0.52126978,0.91274766,1.2500367,
matched_rca,gemma-4-26b-a4b,H,aiops2025,correct,19,0.84561582,0.12095866,0.89271255,,0.62375443,0.022886162,0.037763418,0.31559599,,0.95048294,0.48823813,0.80561959,1.2623839,
matched_rca,gemma-4-26b-a4b,H,aiops2025,incorrect,74,0.84484235,0.12523931,0.86642412,,0.62494963,0.022670851,0.035035215,0.3173443,,0.9523042,0.48364483,0.74741792,1.2693772,
matched_rca,gemma-4-26b-a4b,H,re2_ob,correct,69,0.8457216,0.098944512,0.9057971,,0.61836981,0.024939615,0.03708257,0.31960801,,0.9422778,0.53204512,0.79109483,1.278432,
matched_rca,gemma-4-26b-a4b,H,re2_ob,incorrect,21,0.84514095,0.10448275,0.9029304,,0.60972549,0.025914054,0.043637134,0.32072332,,0.92910551,0.55283315,0.93092552,1.2828933,
matched_rca,gemma-4-26b-a4b,H,re2_tt,correct,53,0.8507679,0.12085642,0.87880987,,0.62792497,0.021246118,0.038532051,0.31229686,,0.95951047,0.45325051,0.8220171,1.2412164,
matched_rca,gemma-4-26b-a4b,H,re2_tt,incorrect,37,0.85170082,0.13786125,0.87733888,,0.62601949,0.022255592,0.039402506,0.31232241,,0.98477571,0.48830974,0.84904042,1.1704903,
matched_rca,gemma-4-26b-a4b,P,aegislab,correct,29,0.78858762,0.23780515,0.76193055,,,,,,1,,,,,1
matched_rca,gemma-4-26b-a4b,P,aegislab,incorrect,67,0.78701623,0.24622595,0.75212612,,,,,,1,,,,,1
matched_rca,gemma-4-26b-a4b,P,aiops2022,correct,19,0.78666536,0.26097635,0.72610564,,,,,,1,,,,,1
matched_rca,gemma-4-26b-a4b,P,aiops2022,incorrect,81,0.78616723,0.26479023,0.72186441,,,,,,1,,,,,1
matched_rca,gemma-4-26b-a4b,P,aiops2025,correct,18,0.7877568,0.274624,0.72047842,,,,,,1,,,,,1
matched_rca,gemma-4-26b-a4b,P,aiops2025,incorrect,75,0.78800717,0.27310421,0.72118905,,,,,,1,,,,,1
matched_rca,gemma-4-26b-a4b,P,re2_ob,correct,55,0.78981121,0.23392869,0.74906733,,,,,,1,,,,,1
matched_rca,gemma-4-26b-a4b,P,re2_ob,incorrect,35,0.78989587,0.23859018,0.74940688,,,,,,1,,,,,1
matched_rca,gemma-4-26b-a4b,P,re2_tt,correct,35,0.7845137,0.23704818,0.75952815,,,,,,1,,,,,1
matched_rca,gemma-4-26b-a4b,P,re2_tt,incorrect,55,0.78492568,0.23543064,0.76396779,,,,,,1,,,,,1
matched_rca,gemma-4-26b-a4b,R,aegislab,correct,38,0.85707482,0.15390849,0.84716599,,0.6143042,0.030826312,0.05844144,0.29642805,,0.96237176,0.66837319,1.2467507,1.1168945,
matched_rca,gemma-4-26b-a4b,R,aegislab,incorrect,58,0.85661895,0.1663112,0.83554377,,0.60852103,0.031734449,0.057431027,0.30231349,,0.95754861,0.69748163,1.2251952,1.1263627,
matched_rca,gemma-4-26b-a4b,R,aiops2022,correct,26,0.85654439,0.16389792,0.8387574,,0.61075489,0.037487173,0.053303231,0.2984547,,0.93603292,0.79972635,1.1371356,1.1797526,
matched_rca,gemma-4-26b-a4b,R,aiops2022,incorrect,74,0.8539704,0.16109972,0.85550936,,0.61366776,0.029435467,0.053863679,0.30303309,,0.93781379,0.62795663,1.1490918,1.2040042,
matched_rca,gemma-4-26b-a4b,R,aiops2025,correct,18,0.84733643,0.15879733,0.8482906,,0.59367508,0.032704951,0.054296882,0.31932308,,0.90464775,0.69770562,1.1583335,1.2772923,
matched_rca,gemma-4-26b-a4b,R,aiops2025,incorrect,75,0.85178996,0.15989268,0.84666667,,0.60192054,0.032443929,0.050083697,0.31555183,,0.91721225,0.69213715,1.0684522,1.2622073,
matched_rca,gemma-4-26b-a4b,R,re2_ob,correct,71,0.85051353,0.12410671,0.89653304,,0.61409992,0.034222648,0.051747024,0.2999304,,0.93577131,0.73008316,1.1039365,1.1997216,
matched_rca,gemma-4-26b-a4b,R,re2_ob,incorrect,19,0.85105126,0.13015988,0.88461538,,0.62290606,0.035344387,0.052059401,0.28969015,,0.94919019,0.7540136,1.1106006,1.1587606,
matched_rca,gemma-4-26b-a4b,R,re2_tt,correct,45,0.8561734,0.14533822,0.87094017,,0.61858868,0.030748089,0.053494346,0.29716889,,0.94574529,0.65595924,1.1412127,1.1804839,
matched_rca,gemma-4-26b-a4b,R,re2_tt,incorrect,45,0.85503684,0.1729547,0.83504274,,0.61421477,0.028493014,0.055286805,0.30200541,,0.95999173,0.64467018,1.1978827,1.1428168,
matched_rca,gemma-4-26b-a4b,V,aegislab,correct,41,0.86101657,0.12055412,0.88180113,,0.63257887,0.021316832,0.03986227,0.30624203,,0.98906884,0.45475908,0.8503951,1.1594947,
matched_rca,gemma-4-26b-a4b,V,aegislab,incorrect,55,0.86220869,0.1214629,0.88181818,,0.62490593,0.021755059,0.040847009,0.312492,,0.98577692,0.47845677,0.87140286,1.1591712,
matched_rca,gemma-4-26b-a4b,V,aiops2022,correct,30,0.86173966,0.1225152,0.86538462,,0.61495575,0.024939547,0.042993812,0.31711089,,0.94178894,0.53204367,0.91720133,1.2553716,
matched_rca,gemma-4-26b-a4b,V,aiops2022,incorrect,70,0.85803144,0.12822074,0.86263736,,0.61791521,0.023897054,0.042560107,0.31562763,,0.94456795,0.50980382,0.90794895,1.2534724,
matched_rca,gemma-4-26b-a4b,V,aiops2025,correct,15,0.85297801,0.12378927,0.87435897,,0.6177212,0.025293586,0.035678395,0.32130682,,0.94128944,0.53959649,0.76113909,1.2852273,
matched_rca,gemma-4-26b-a4b,V,aiops2025,incorrect,78,0.85353801,0.12465779,0.86982249,,0.61719047,0.022958596,0.036481023,0.32336991,,0.94048072,0.48978338,0.77826183,1.2934796,
matched_rca,gemma-4-26b-a4b,V,re2_ob,correct,67,0.85465327,0.095595512,0.91389208,,0.61631912,0.025272165,0.035003573,0.32340514,,0.93915294,0.53913953,0.74674289,1.2936206,
matched_rca,gemma-4-26b-a4b,V,re2_ob,incorrect,23,0.85505734,0.10967918,0.87959866,,0.60095376,0.024730627,0.042489411,0.3318262,,0.91573907,0.52758672,0.90644077,1.3273048,
matched_rca,gemma-4-26b-a4b,V,re2_tt,correct,47,0.86435937,0.11428501,0.89607201,,0.62996429,0.021960603,0.037430005,0.3106451,,0.96293984,0.46849286,0.79850677,1.2335248,
matched_rca,gemma-4-26b-a4b,V,re2_tt,incorrect,43,0.86432773,0.14381739,0.86762075,,0.62481486,0.022313089,0.040633001,0.31223905,,0.97804817,0.48825074,0.875345,1.1791971,
matched_rca,qwen3.6-27b,H,aegislab,correct,27,0.83627594,0.10600194,0.95299145,,0.62454758,0.039241025,0.043102522,0.29310887,,0.97562634,0.83714186,0.91952047,1.1091398,
matched_rca,qwen3.6-27b,H,aegislab,incorrect,69,0.83592207,0.10819621,0.94704571,,0.61618385,0.038885692,0.043145239,0.30178522,,0.97020099,0.84607283,0.92043177,1.1204672,
matched_rca,qwen3.6-27b,H,aiops2022,correct,22,0.83599622,0.11111021,0.94755245,,0.62855816,0.036606222,0.043533235,0.29130238,,0.95780292,0.78093275,0.92870901,1.1652095,
matched_rca,qwen3.6-27b,H,aiops2022,incorrect,78,0.83681456,0.1118449,0.94625247,,0.62967512,0.035816624,0.04164591,0.29286235,,0.9639251,0.76408799,0.88844607,1.1585693,
matched_rca,qwen3.6-27b,H,aiops2025,correct,15,0.83530209,0.11396051,0.93846154,,0.61895485,0.037726626,0.039263067,0.30405546,,0.94316929,0.80483469,0.83761209,1.2162218,
matched_rca,qwen3.6-27b,H,aiops2025,incorrect,78,0.83107804,0.10625831,0.94428008,,0.62296845,0.038404597,0.039396678,0.29923027,,0.94928526,0.81929806,0.84046246,1.1969211,
matched_rca,qwen3.6-27b,H,re2_ob,correct,51,0.83534979,0.098060154,0.95475113,,0.63347138,0.032882019,0.043690689,0.28995591,,0.96528973,0.70148308,0.93206803,1.1598236,
matched_rca,qwen3.6-27b,H,re2_ob,incorrect,39,0.83138875,0.10146519,0.9556213,,0.63466423,0.031754422,0.043258234,0.29032311,,0.9671074,0.67742767,0.92284232,1.1612924,
matched_rca,qwen3.6-27b,H,re2_tt,correct,52,0.83090409,0.10561609,0.95044379,,0.62168618,0.040357177,0.037201537,0.3007551,,0.95552885,0.86505957,0.79363279,1.179104,
matched_rca,qwen3.6-27b,H,re2_tt,incorrect,38,0.83398916,0.12362139,0.94230769,,0.60982174,0.039504913,0.039366736,0.31130661,,0.94988981,0.86027538,0.84733184,1.182982,
matched_rca,qwen3.6-27b,P,aegislab,correct,10,0.79111952,0.12190247,0.95259612,,,,,,1,,,,,1
matched_rca,qwen3.6-27b,P,aegislab,incorrect,31,0.78887474,0.11517143,0.95370381,,,,,,1,,,,,1
matched_rca,qwen3.6-27b,P,aiops2022,correct,23,0.78032625,0.13019907,0.93096265,,,,,,1,,,,,1
matched_rca,qwen3.6-27b,P,aiops2022,incorrect,77,0.77985577,0.12662235,0.93138463,,,,,,1,,,,,1
matched_rca,qwen3.6-27b,P,aiops2025,correct,14,0.79349119,0.12363462,0.94321045,,,,,,1,,,,,1
matched_rca,qwen3.6-27b,P,aiops2025,incorrect,79,0.79448347,0.12705281,0.94270941,,,,,,1,,,,,1
matched_rca,qwen3.6-27b,P,re2_ob,correct,49,0.77263417,0.12072072,0.9420497,,,,,,1,,,,,1
matched_rca,qwen3.6-27b,P,re2_ob,incorrect,41,0.77251734,0.1237185,0.9421295,,,,,,1,,,,,1
matched_rca,qwen3.6-27b,P,re2_tt,correct,44,0.77193768,0.11501873,0.94571495,,,,,,1,,,,,1
matched_rca,qwen3.6-27b,P,re2_tt,incorrect,46,0.77346727,0.11398252,0.94462719,,,,,,1,,,,,1
matched_rca,qwen3.6-27b,R,aegislab,correct,27,0.82907929,0.16206294,0.92592593,,0.55413108,0.048118056,0.079316149,0.31843472,,0.86294799,1.0265185,1.6920778,1.2169037,
matched_rca,qwen3.6-27b,R,aegislab,incorrect,69,0.82849377,0.16193058,0.93701226,,0.56140256,0.04589175,0.07426747,0.31843822,,0.8851369,1.0000942,1.5843727,1.1847995,
matched_rca,qwen3.6-27b,R,aiops2022,correct,25,0.83375669,0.17778766,0.91384615,,0.56444893,0.039933841,0.068190691,0.32742654,,0.86269137,0.85192194,1.4547347,1.3016661,
matched_rca,qwen3.6-27b,R,aiops2022,incorrect,75,0.83421057,0.16942767,0.92153846,,0.56665525,0.040271264,0.067722135,0.32535135,,0.86691033,0.85912029,1.4447389,1.2910293,
matched_rca,qwen3.6-27b,R,aiops2025,correct,24,0.83074421,0.15971469,0.91987179,,0.55514138,0.047481388,0.069718625,0.3276586,,0.84592973,1.0129363,1.4873307,1.3106344,
matched_rca,qwen3.6-27b,R,aiops2025,incorrect,69,0.82827787,0.15956744,0.92976589,,0.56167859,0.044759886,0.063908496,0.32965303,,0.85589119,0.95487756,1.3633813,1.3186121,
matched_rca,qwen3.6-27b,R,re2_ob,correct,62,0.83737072,0.14678461,0.91563275,,0.55739211,0.042857834,0.075834841,0.32391521,,0.84935941,0.91430046,1.6178099,1.2956609,
matched_rca,qwen3.6-27b,R,re2_ob,incorrect,28,0.8347635,0.15025536,0.92032967,,0.5647495,0.039508956,0.073830774,0.32191077,,0.86057066,0.84285773,1.5750565,1.2876431,
matched_rca,qwen3.6-27b,R,re2_tt,correct,43,0.83149549,0.14526534,0.93828265,,0.56660831,0.045025202,0.068214909,0.32015157,,0.87217402,0.96681804,1.4552514,1.2508518,
matched_rca,qwen3.6-27b,R,re2_tt,incorrect,47,0.83200317,0.16914724,0.92307692,,0.56542529,0.041556915,0.065240682,0.32777712,,0.87683403,0.90705836,1.3988232,1.2594375,
matched_rca,qwen3.6-27b,V,aegislab,correct,28,0.84751293,0.11203634,0.93956044,,0.6354319,0.034571819,0.039357752,0.29063853,,0.99718137,0.74503624,0.83963203,1.0875126,
matched_rca,qwen3.6-27b,V,aegislab,incorrect,68,0.84808176,0.10966504,0.93778281,,0.63087279,0.035060249,0.038686244,0.29538072,,0.99166401,0.75956486,0.82530654,1.101778,
matched_rca,qwen3.6-27b,V,aiops2022,correct,23,0.84444778,0.10767258,0.94314381,,0.62971464,0.039292265,0.043911307,0.28708178,,0.96258878,0.83823499,0.93677455,1.1397311,
matched_rca,qwen3.6-27b,V,aiops2022,incorrect,77,0.84325197,0.10812659,0.94655345,,0.63096921,0.037781048,0.043163994,0.28808575,,0.96513845,0.80599569,0.92083187,1.1422636,
matched_rca,qwen3.6-27b,V,aiops2025,correct,18,0.84511378,0.10813476,0.93589744,,0.64040615,0.034637661,0.037325194,0.287631,,0.97585699,0.73893677,0.79627081,1.150524,
matched_rca,qwen3.6-27b,V,aiops2025,incorrect,75,0.84190775,0.10971937,0.93179487,,0.64379701,0.035443307,0.037646554,0.28311313,,0.98102401,0.75612387,0.80312649,1.1324525,
matched_rca,qwen3.6-27b,V,re2_ob,correct,58,0.83323889,0.097766096,0.94098143,,0.64132991,0.031859164,0.040792469,0.28601846,,0.97726463,0.67966217,0.87023934,1.1440738,
matched_rca,qwen3.6-27b,V,re2_ob,incorrect,32,0.83010414,0.10784441,0.93509615,,0.63911844,0.031623156,0.038167327,0.29109108,,0.97389477,0.67462733,0.81423631,1.1643643,
matched_rca,qwen3.6-27b,V,re2_tt,correct,45,0.85395271,0.1120828,0.93760684,,0.6130199,0.044711935,0.04111492,0.30115324,,0.94203838,0.95837982,0.87711829,1.1817744,
matched_rca,qwen3.6-27b,V,re2_tt,incorrect,45,0.85381988,0.12868534,0.92222222,,0.60713904,0.041808629,0.043449602,0.30760273,,0.94369294,0.9086701,0.93386659,1.172545,
matched_rca,qwen3.8-27b,H,aegislab,correct,16,0.85874365,0.09871567,0.95913462,,0.65263612,0.031862294,0.03117136,0.28433022,,1.0237307,0.68751873,0.66498902,1.0690042,
matched_rca,qwen3.8-27b,H,aegislab,incorrect,80,0.85788503,0.097815559,0.96105769,,0.64612107,0.032657442,0.032133378,0.28908811,,1.0164811,0.70685329,0.68551206,1.0822204,
matched_rca,qwen3.8-27b,H,aiops2022,correct,23,0.86406424,0.089326644,0.96153846,,0.68493065,0.029281305,0.025026104,0.26076194,,1.0437038,0.62466784,0.53389022,1.0430478,
matched_rca,qwen3.8-27b,H,aiops2022,incorrect,77,0.86363508,0.092351201,0.95954046,,0.67202577,0.031409082,0.027828355,0.26873679,,1.0289827,0.67006041,0.59367157,1.0633998,
matched_rca,qwen3.8-27b,H,aiops2025,correct,15,0.863394,0.097541128,0.96153846,,0.66917654,0.029681632,0.024303573,0.27683826,,1.0196976,0.63320815,0.51847622,1.107353,
matched_rca,qwen3.8-27b,H,aiops2025,incorrect,78,0.86252,0.098147524,0.95956607,,0.6626804,0.028228855,0.025252559,0.28383818,,1.0097987,0.60221557,0.53872127,1.1353527,
matched_rca,qwen3.8-27b,H,re2_ob,correct,51,0.86273697,0.087303442,0.96153846,,0.66543037,0.029290738,0.025190576,0.28008832,,1.0139891,0.62486909,0.53739896,1.1203533,
matched_rca,qwen3.8-27b,H,re2_ob,incorrect,39,0.86108198,0.089637825,0.96055227,,0.66523053,0.029897846,0.02544184,0.27942978,,1.0136846,0.63782071,0.54275924,1.1177191,
matched_rca,qwen3.8-27b,H,re2_tt,correct,45,0.86347428,0.082316077,0.95982906,,0.65954596,0.03493435,0.027902251,0.27761744,,1.0117218,0.75103043,0.59524801,1.0935977,
matched_rca,qwen3.8-27b,H,re2_tt,incorrect,45,0.86175841,0.090498934,0.95811966,,0.64919855,0.035681883,0.028928531,0.28619103,,1.0116239,0.77463223,0.62047914,1.0904892,
matched_rca,qwen3.8-27b,P,aegislab,correct,15,0.74550739,0.095691178,0.95490974,,,,,,1,,,,,1
matched_rca,qwen3.8-27b,P,aegislab,incorrect,81,0.74171043,0.091857628,0.96035281,,,,,,1,,,,,1
matched_rca,qwen3.8-27b,P,aiops2022,correct,20,0.74359598,0.11183624,0.95083337,,,,,,1,,,,,1
matched_rca,qwen3.8-27b,P,aiops2022,incorrect,80,0.74380348,0.11073298,0.95260239,,,,,,1,,,,,1
matched_rca,qwen3.8-27b,P,aiops2025,correct,14,0.76009758,0.098914381,0.96052915,,,,,,1,,,,,1
matched_rca,qwen3.8-27b,P,aiops2025,incorrect,79,0.75306178,0.1038979,0.95975934,,,,,,1,,,,,1
matched_rca,qwen3.8-27b,P,re2_ob,correct,43,0.74365856,0.10520589,0.95743432,,,,,,1,,,,,1
matched_rca,qwen3.8-27b,P,re2_ob,incorrect,47,0.74397272,0.10651147,0.95669988,,,,,,1,,,,,1
matched_rca,qwen3.8-27b,P,re2_tt,correct,41,0.72959787,0.089767519,0.96681063,,,,,,1,,,,,1
matched_rca,qwen3.8-27b,P,re2_tt,incorrect,49,0.72854577,0.089537912,0.96586756,,,,,,1,,,,,1
matched_rca,qwen3.8-27b,R,aegislab,correct,29,0.85482111,0.11284773,0.9535809,,0.65761871,0.029658833,0.038253588,0.27446887,,1.0256515,0.63272176,0.81607654,1.0446011,
matched_rca,qwen3.8-27b,R,aegislab,incorrect,67,0.85222699,0.11360425,0.95120551,,0.66360258,0.027944283,0.036581333,0.27187181,,1.0465956,0.61103094,0.78040178,1.0111583,
matched_rca,qwen3.8-27b,R,aiops2022,correct,24,0.85830373,0.11687591,0.94551282,,0.67972758,0.023142217,0.034968825,0.26216137,,1.0357754,0.49370064,0.7460016,1.0486455,
matched_rca,qwen3.8-27b,R,aiops2022,incorrect,76,0.8568098,0.11373946,0.94787449,,0.66909799,0.025765697,0.035530116,0.2696062,,1.0246174,0.54966821,0.75797582,1.067299,
matched_rca,qwen3.8-27b,R,aiops2025,correct,19,0.85677321,0.11447389,0.94736842,,0.6630392,0.025853371,0.033020662,0.27808677,,1.0103454,0.55153857,0.70444079,1.1123471,
matched_rca,qwen3.8-27b,R,aiops2025,incorrect,74,0.85968595,0.11774958,0.9464657,,0.66062938,0.025637546,0.033734111,0.27999896,,1.0066733,0.54693431,0.71966104,1.1199958,
matched_rca,qwen3.8-27b,R,re2_ob,correct,54,0.85373703,0.11091546,0.94729345,,0.65254204,0.027539965,0.041297416,0.27862058,,0.99434978,0.58751926,0.88101154,1.1144823,
matched_rca,qwen3.8-27b,R,re2_ob,incorrect,36,0.85111301,0.11083663,0.94871795,,0.66189261,0.026446373,0.040433893,0.27122712,,1.0085983,0.56418929,0.86258972,1.0849085,
matched_rca,qwen3.8-27b,R,re2_tt,correct,43,0.85764203,0.099655607,0.94364937,,0.65622603,0.027414304,0.037006154,0.27935352,,1.00696,0.59046879,0.78946461,1.100001,
matched_rca,qwen3.8-27b,R,re2_tt,incorrect,47,0.85438717,0.11084819,0.94762684,,0.65462535,0.027366584,0.036309329,0.28169873,,1.0190119,0.59789095,0.77835307,1.0754512,
matched_rca,qwen3.8-27b,V,aegislab,correct,26,0.8502867,0.10141886,0.96005917,,0.66313639,0.026912933,0.026350173,0.2836005,,1.0405508,0.5791954,0.56213702,1.0650555,
matched_rca,qwen3.8-27b,V,aegislab,incorrect,70,0.84601297,0.10595428,0.96098901,,0.66045993,0.026350011,0.027747337,0.28544272,,1.0390114,0.57139586,0.59194319,1.0671334,
matched_rca,qwen3.8-27b,V,aiops2022,correct,17,0.85511914,0.084927748,0.96153846,,0.70019791,0.026441007,0.024091159,0.24926993,,1.0669682,0.56407481,0.51394473,0.99707971,
matched_rca,qwen3.8-27b,V,aiops2022,incorrect,83,0.85383542,0.088116693,0.96107507,,0.70273875,0.027214437,0.024004742,0.24604207,,1.0756259,0.58057466,0.51210116,0.97406491,
matched_rca,qwen3.8-27b,V,aiops2025,correct,18,0.85406451,0.096584472,0.96153846,,0.69951046,0.022392097,0.021871311,0.25622613,,1.0659207,0.47769808,0.46658797,1.0249045,
matched_rca,qwen3.8-27b,V,aiops2025,incorrect,75,0.85744164,0.099193027,0.96051282,,0.69847826,0.021801554,0.022793766,0.25692642,,1.0643478,0.46509982,0.486267,1.0277057,
matched_rca,qwen3.8-27b,V,re2_ob,correct,41,0.85393824,0.087084514,0.96060038,,0.68278796,0.023992915,0.020418548,0.27280058,,1.0404388,0.51184885,0.43559568,1.0912023,
matched_rca,qwen3.8-27b,V,re2_ob,incorrect,49,0.85512068,0.08432398,0.96153846,,0.68158126,0.024166388,0.020909579,0.27334278,,1.0386,0.51554961,0.44607101,1.0933711,
matched_rca,qwen3.8-27b,V,re2_tt,correct,36,0.86853705,0.091442833,0.95940171,,0.62975698,0.044048422,0.033235684,0.29295891,,0.96573797,0.93969967,0.70902792,1.1563511,
matched_rca,qwen3.8-27b,V,re2_tt,incorrect,54,0.86478662,0.10026155,0.9522792,,0.62868626,0.043137598,0.034148972,0.29402717,,0.97734596,0.93855598,0.73238977,1.1252282,
visual_counterfactual_rca,gemma-4-26b-a4b,H_factual,aegislab,correct,43,0.86207559,0.10923096,0.88014311,,0.62907869,0.021695124,0.042760412,0.30646577,,0.982897,0.4656434,0.91222213,1.1633981,
visual_counterfactual_rca,gemma-4-26b-a4b,H_factual,aegislab,incorrect,53,0.86198768,0.11726104,0.86574746,,0.62786733,0.022503788,0.037405557,0.31222333,,0.97199806,0.48485805,0.79798522,1.2073726,
visual_counterfactual_rca,gemma-4-26b-a4b,H_factual,aiops2022,correct,12,0.86061271,0.1243446,0.8525641,,0.62136181,0.023027977,0.039367314,0.3162429,,0.95277626,0.4912635,0.83983603,1.24788,
visual_counterfactual_rca,gemma-4-26b-a4b,H_factual,aiops2022,incorrect,35,0.85854394,0.12254411,0.86923077,,0.61143497,0.024493858,0.042491736,0.32157944,,0.93171043,0.52253563,0.90649036,1.2863177,
visual_counterfactual_rca,gemma-4-26b-a4b,H_factual,aiops2025,correct,18,0.857927,0.11980238,0.87606838,,0.59453038,0.02312993,0.040431465,0.34190822,,0.90595106,0.4934385,0.86253793,1.3676329,
visual_counterfactual_rca,gemma-4-26b-a4b,H_factual,aiops2025,incorrect,75,0.85795672,0.12611762,0.85897436,,0.59484469,0.022050235,0.04184065,0.34126443,,0.90732455,0.47040501,0.89260052,1.3621723,
visual_counterfactual_rca,gemma-4-26b-a4b,H_factual,re2_ob,correct,73,0.85044389,0.10634235,0.93203372,,0.61819508,0.025656407,0.047286885,0.30886163,,0.94201155,0.54733668,1.0087869,1.2354465,
visual_counterfactual_rca,gemma-4-26b-a4b,H_factual,re2_ob,incorrect,17,0.85137056,0.12694714,0.89140271,,0.62232956,0.029019062,0.042599936,0.30605144,,0.94831171,0.61907332,0.90879863,1.2242058,
visual_counterfactual_rca,gemma-4-26b-a4b,H_factual,re2_tt,correct,51,0.85898741,0.11801024,0.89366516,,0.61163508,0.020750819,0.040106873,0.32750722,,0.94518294,0.44712124,0.8556133,1.2747124,
visual_counterfactual_rca,gemma-4-26b-a4b,H_factual,re2_tt,incorrect,39,0.85966785,0.12824621,0.88461538,,0.61278012,0.021518992,0.042722237,0.32297865,,0.96467053,0.48310414,0.91140772,1.2103759,
visual_counterfactual_rca,gemma-4-26b-a4b,H_neutral,aegislab,correct,44,0.8508745,0.75578501,0.29195804,,0.75444135,0.01372462,0.016964659,0.21486937,,1.1654799,0.29279189,0.36191273,0.83466845,
visual_counterfactual_rca,gemma-4-26b-a4b,H_neutral,aegislab,incorrect,52,0.85112079,0.75747993,0.28698225,,0.75142955,0.014304422,0.016762664,0.21750336,,1.1738632,0.31165248,0.3576035,0.82349903,
visual_counterfactual_rca,gemma-4-26b-a4b,H_neutral,aiops2022,correct,14,0.84761585,0.75499643,0.28846154,,0.74978333,0.013092792,0.015333004,0.22179088,,1.1486099,0.2793129,0.32710408,0.87657078,
visual_counterfactual_rca,gemma-4-26b-a4b,H_neutral,aiops2022,incorrect,33,0.84695747,0.75652861,0.28321678,,0.75271876,0.012031979,0.016184257,0.219065,,1.147,0.25668222,0.34526416,0.87626002,
visual_counterfactual_rca,gemma-4-26b-a4b,H_neutral,aiops2025,correct,21,0.8489329,0.76220374,0.27106227,,0.75507537,0.012198487,0.016186066,0.21654008,,1.1547089,0.26023439,0.34530274,0.8594552,
visual_counterfactual_rca,gemma-4-26b-a4b,H_neutral,aiops2025,incorrect,72,0.8482799,0.76005061,0.2724359,,0.7570176,0.011562645,0.016017115,0.21540264,,1.1535506,0.24666976,0.34169844,0.86161056,
visual_counterfactual_rca,gemma-4-26b-a4b,H_neutral,re2_ob,correct,70,0.84817416,0.75522901,0.30714286,,0.76142541,0.013816229,0.014248593,0.21050977,,1.1602673,0.29474622,0.30396998,0.84203909,
visual_counterfactual_rca,gemma-4-26b-a4b,H_neutral,re2_ob,incorrect,20,0.85039865,0.76037348,0.30576923,,0.75915351,0.013911123,0.014287917,0.21264745,,1.1568054,0.29677062,0.3048089,0.85058979,
visual_counterfactual_rca,gemma-4-26b-a4b,H_neutral,re2_tt,correct,49,0.85008854,0.76193401,0.28021978,,0.746138,0.013296221,0.016985728,0.22358005,,1.1549061,0.28829091,0.3623622,0.86456876,
visual_counterfactual_rca,gemma-4-26b-a4b,H_neutral,re2_tt,incorrect,41,0.8507707,0.75915681,0.28236398,,0.74212027,0.012423869,0.018974895,0.22648096,,1.1636088,0.27890892,0.40479776,0.85285906,
visual_counterfactual_rca,gemma-4-26b-a4b,H_placebo,aegislab,correct,44,0.86184394,0.11002882,0.87674825,,0.63118394,0.020847923,0.043021965,0.30494617,,0.98538937,0.44772759,0.91780193,1.1583962,
visual_counterfactual_rca,gemma-4-26b-a4b,H_placebo,aegislab,incorrect,52,0.86233117,0.11751407,0.86908284,,0.62485286,0.022705924,0.037496157,0.31494506,,0.96776537,0.48853001,0.79991802,1.2172213,
visual_counterfactual_rca,gemma-4-26b-a4b,H_placebo,aiops2022,correct,11,0.85806331,0.11932492,0.88461538,,0.61833803,0.021916184,0.036601046,0.32314474,,0.94866795,0.46754525,0.78082232,1.2734631,
visual_counterfactual_rca,gemma-4-26b-a4b,H_placebo,aiops2022,incorrect,36,0.85941827,0.12322622,0.86965812,,0.61508632,0.02371971,0.041867514,0.31932646,,0.93727439,0.50602049,0.89317362,1.2773058,
visual_counterfactual_rca,gemma-4-26b-a4b,H_placebo,aiops2025,correct,17,0.85846884,0.12334774,0.86199095,,0.59215883,0.023315142,0.039133294,0.34539273,,0.90233727,0.49738971,0.83484361,1.3815709,
visual_counterfactual_rca,gemma-4-26b-a4b,H_placebo,aiops2025,incorrect,76,0.8577409,0.12544335,0.8638664,,0.59652927,0.022084887,0.042508068,0.33887777,,0.90988229,0.47114425,0.90683878,1.3526757,
visual_counterfactual_rca,gemma-4-26b-a4b,H_placebo,re2_ob,correct,71,0.85030418,0.1062887,0.93011918,,0.61765926,0.026379802,0.048365239,0.3075957,,0.94119506,0.56276912,1.0317918,1.2303828,
visual_counterfactual_rca,gemma-4-26b-a4b,H_placebo,re2_ob,incorrect,19,0.85100994,0.12250623,0.89676113,,0.62227416,0.030262676,0.037009122,0.31045404,,0.94822729,0.64560375,0.78952794,1.2418162,
visual_counterfactual_rca,gemma-4-26b-a4b,H_placebo,re2_tt,correct,51,0.8593621,0.11985964,0.8974359,,0.61429787,0.021380076,0.039743569,0.32457849,,0.94904616,0.45864185,0.8478628,1.263319,
visual_counterfactual_rca,gemma-4-26b-a4b,H_placebo,re2_tt,incorrect,39,0.86003412,0.12568189,0.88560158,,0.61125091,0.019910289,0.043356224,0.32548258,,0.96264501,0.44722843,0.92493278,1.2197797,
visual_counterfactual_rca,gemma-4-26b-a4b,H_targeted,aegislab,correct,39,0.86138317,0.10742747,0.88658777,,0.6332269,0.021285765,0.043252997,0.30223433,,0.98800255,0.45777911,0.9227306,1.1506614,
visual_counterfactual_rca,gemma-4-26b-a4b,H_targeted,aegislab,incorrect,57,0.8627599,0.11877586,0.86707152,,0.62681646,0.022430869,0.037522163,0.31323051,,0.97206035,0.48262808,0.80047281,1.2080568,
visual_counterfactual_rca,gemma-4-26b-a4b,H_targeted,aiops2022,correct,11,0.85951317,0.12872225,0.86363636,,0.61860047,0.023971042,0.040991548,0.31643694,,0.94262929,0.51138222,0.87448635,1.2657478,
visual_counterfactual_rca,gemma-4-26b-a4b,H_targeted,aiops2022,incorrect,36,0.85859907,0.12159017,0.8707265,,0.61335845,0.023358943,0.041717405,0.32156521,,0.93657542,0.49832411,0.8899713,1.2805422,
visual_counterfactual_rca,gemma-4-26b-a4b,H_targeted,aiops2025,correct,18,0.85984876,0.11479621,0.88461538,,0.59369647,0.02338267,0.040248985,0.34267187,,0.90468034,0.49883029,0.858645,1.3706875,
visual_counterfactual_rca,gemma-4-26b-a4b,H_targeted,aiops2025,incorrect,75,0.85744663,0.12686683,0.85846154,,0.59453566,0.022061834,0.041746608,0.3416559,,0.9068628,0.47065246,0.8905943,1.3637581,
visual_counterfactual_rca,gemma-4-26b-a4b,H_targeted,re2_ob,correct,69,0.85047832,0.10661114,0.93088071,,0.61823822,0.025378541,0.047473619,0.30890962,,0.94207729,0.54140888,1.0127705,1.2356385,
visual_counterfactual_rca,gemma-4-26b-a4b,H_targeted,re2_ob,incorrect,21,0.85190595,0.11808605,0.91025641,,0.62568184,0.027168298,0.03964543,0.30750443,,0.95341995,0.57959036,0.84576917,1.2300177,
visual_counterfactual_rca,gemma-4-26b-a4b,H_targeted,re2_tt,correct,53,0.86024233,0.11642079,0.90130624,,0.61504329,0.021007158,0.038654391,0.32529517,,0.95142344,0.45278242,0.82462701,1.2636756,
visual_counterfactual_rca,gemma-4-26b-a4b,H_targeted,re2_tt,incorrect,37,0.85852939,0.13101044,0.87214137,,0.60929672,0.021011137,0.043226078,0.32646606,,0.95864041,0.47182114,0.92215633,1.2229088,
visual_counterfactual_rca,qwen3.6-27b,H_factual,aegislab,correct,23,0.83255453,0.099618106,0.94816054,,0.64582082,0.036432129,0.041891695,0.27585536,,1.0094385,0.78827991,0.89368949,1.0371909,
visual_counterfactual_rca,qwen3.6-27b,H_factual,aegislab,incorrect,73,0.83246195,0.10028493,0.95205479,,0.63229816,0.0391178,0.040881588,0.28770245,,0.98031226,0.84095402,0.87214055,1.1056111,
visual_counterfactual_rca,qwen3.6-27b,H_factual,aiops2022,correct,12,0.83946796,0.10866258,0.94551282,,0.62109978,0.041846275,0.039597436,0.2974565,,0.94643777,0.89272054,0.84474531,1.189826,
visual_counterfactual_rca,qwen3.6-27b,H_factual,aiops2022,incorrect,35,0.83523982,0.11017849,0.94725275,,0.62945952,0.039097435,0.038226989,0.29321606,,0.9611272,0.83407861,0.8155091,1.1668134,
visual_counterfactual_rca,qwen3.6-27b,H_factual,aiops2025,correct,15,0.828065,0.097064457,0.94102564,,0.60897163,0.043409194,0.040176216,0.30744296,,0.9327378,0.92606281,0.85709261,1.2169427,
visual_counterfactual_rca,qwen3.6-27b,H_factual,aiops2025,incorrect,78,0.83160466,0.096696504,0.94329389,,0.61057434,0.043813737,0.039061218,0.3065507,,0.930399,0.93469305,0.83330599,1.2262028,
visual_counterfactual_rca,qwen3.6-27b,H_factual,re2_ob,correct,61,0.82431851,0.11709875,0.9369483,,0.62603362,0.029715056,0.044665189,0.29958614,,0.95395599,0.63392119,0.95285736,1.1983446,
visual_counterfactual_rca,qwen3.6-27b,H_factual,re2_ob,incorrect,29,0.82440865,0.12160174,0.94297082,,0.61979982,0.030992689,0.045076936,0.30413055,,0.94445687,0.66117737,0.9616413,1.2165222,
visual_counterfactual_rca,qwen3.6-27b,H_factual,re2_tt,correct,54,0.82348305,0.10953846,0.94871795,,0.60972181,0.041969572,0.041639267,0.30666935,,0.94062248,0.90472521,0.88830437,1.19107,
visual_counterfactual_rca,qwen3.6-27b,H_factual,re2_tt,incorrect,36,0.8255985,0.11453733,0.95192308,,0.60121153,0.040730115,0.042936235,0.31512212,,0.94757153,0.90380461,0.91597301,1.1655224,
visual_counterfactual_rca,qwen3.6-27b,H_neutral,aegislab,correct,24,0.83040843,0.72077796,0.30769231,,0.6167909,0.022961173,0.02388807,0.33635985,,0.96062346,0.50412874,0.50961215,1.2785849,
visual_counterfactual_rca,qwen3.6-27b,H_neutral,aegislab,incorrect,72,0.82701481,0.7158777,0.30769231,,0.61875291,0.022338048,0.024106445,0.3348026,,0.96059319,0.47917097,0.51427082,1.2842597,
visual_counterfactual_rca,qwen3.6-27b,H_neutral,aiops2022,correct,13,0.82268155,0.70842991,0.30769231,,0.62659131,0.021610839,0.023004129,0.32879372,,0.9548058,0.46103122,0.49075475,1.3151749,
visual_counterfactual_rca,qwen3.6-27b,H_neutral,aiops2022,incorrect,34,0.82193864,0.70914025,0.30769231,,0.62512366,0.021991931,0.023178862,0.32970554,,0.95456066,0.46916119,0.4944824,1.3118322,
visual_counterfactual_rca,qwen3.6-27b,H_neutral,aiops2025,correct,13,0.82911861,0.71538842,0.30769231,,0.62486469,0.020844815,0.023297263,0.33099324,,0.95217476,0.44468938,0.49700827,1.3239729,
visual_counterfactual_rca,qwen3.6-27b,H_neutral,aiops2025,incorrect,80,0.83026372,0.71703694,0.30769231,,0.62484478,0.020107408,0.023006715,0.3320411,,0.95302393,0.42895803,0.49080993,1.3253335,
visual_counterfactual_rca,qwen3.6-27b,H_neutral,re2_ob,correct,59,0.82339734,0.71733765,0.30769231,,0.62389465,0.024147557,0.018723905,0.33323389,,0.9506966,0.51514789,0.39944331,1.3329356,
visual_counterfactual_rca,qwen3.6-27b,H_neutral,re2_ob,incorrect,31,0.82343687,0.71802157,0.30769231,,0.62260653,0.024534651,0.018874935,0.33398388,,0.94873376,0.52340589,0.40266527,1.3359355,
visual_counterfactual_rca,qwen3.6-27b,H_neutral,re2_tt,correct,63,0.8309559,0.72136944,0.30769231,,0.61362555,0.022405805,0.025279213,0.33868943,,0.94865361,0.48638415,0.53928989,1.3116285,
visual_counterfactual_rca,qwen3.6-27b,H_neutral,re2_tt,incorrect,27,0.83252206,0.72062363,0.30769231,,0.61406945,0.021656199,0.025255064,0.33901928,,0.97030084,0.48768577,0.5387747,1.2458801,
visual_counterfactual_rca,qwen3.6-27b,H_placebo,aegislab,correct,17,0.83165754,0.09829156,0.94343891,,0.6433906,0.037004356,0.042714558,0.27689048,,1.0012788,0.80438689,0.91124391,1.0484154,
visual_counterfactual_rca,qwen3.6-27b,H_placebo,aegislab,incorrect,79,0.83276108,0.10057679,0.95277507,,0.63377968,0.038868993,0.040764428,0.2865869,,0.98415938,0.83519888,0.86964113,1.0979666,
visual_counterfactual_rca,qwen3.6-27b,H_placebo,aiops2022,correct,14,0.838132,0.1135416,0.9478022,,0.62283609,0.040469749,0.039037129,0.29765703,,0.94908357,0.86335465,0.8327921,1.1906281,
visual_counterfactual_rca,qwen3.6-27b,H_placebo,aiops2022,incorrect,33,0.83550187,0.10808356,0.94522145,,0.62907159,0.03954911,0.038349722,0.29302958,,0.96065511,0.84371434,0.81812739,1.1656953,
visual_counterfactual_rca,qwen3.6-27b,H_placebo,aiops2025,correct,16,0.82862808,0.096836289,0.94230769,,0.60870493,0.0430608,0.03944537,0.3087889,,0.93200291,0.91863039,0.84150123,1.2229456,
visual_counterfactual_rca,qwen3.6-27b,H_placebo,aiops2025,incorrect,77,0.83146645,0.096707379,0.94255744,,0.61066429,0.043928113,0.039158061,0.30624954,,0.93053605,0.93713308,0.83537197,1.2249982,
visual_counterfactual_rca,qwen3.6-27b,H_placebo,re2_ob,correct,58,0.82516973,0.11670076,0.93501326,,0.62491939,0.029805248,0.045071075,0.30020429,,0.95225811,0.63584528,0.96151626,1.2008172,
visual_counterfactual_rca,qwen3.6-27b,H_placebo,re2_ob,incorrect,32,0.82237893,0.1211869,0.94591346,,0.62311097,0.030853763,0.044341328,0.30169393,,0.94950244,0.65821362,0.94594833,1.2067757,
visual_counterfactual_rca,qwen3.6-27b,H_placebo,re2_tt,correct,53,0.82327092,0.10834846,0.95065312,,0.60926742,0.041605431,0.041434891,0.30769225,,0.94156478,0.90236869,0.88394435,1.189871,
visual_counterfactual_rca,qwen3.6-27b,H_placebo,re2_tt,incorrect,37,0.82600389,0.11625421,0.94906445,,0.60167042,0.041264296,0.043089215,0.31397607,,0.94532399,0.9070284,0.91923659,1.1697365,
visual_counterfactual_rca,qwen3.6-27b,H_targeted,aegislab,correct,21,0.83461546,0.099016916,0.94505495,,0.63818539,0.036594048,0.044199465,0.28102109,,0.99975261,0.80410966,0.94292192,1.0471049,
visual_counterfactual_rca,qwen3.6-27b,H_targeted,aegislab,incorrect,75,0.83188015,0.1004626,0.95384615,,0.63469292,0.039062651,0.040190394,0.28605403,,0.98363549,0.83646804,0.85739507,1.1014544,
visual_counterfactual_rca,qwen3.6-27b,H_targeted,aiops2022,correct,11,0.83410837,0.11057628,0.94755245,,0.62199199,0.039763915,0.040468418,0.29777568,,0.94779732,0.84829686,0.86332624,1.1911027,
visual_counterfactual_rca,qwen3.6-27b,H_targeted,aiops2022,incorrect,36,0.83711033,0.10937593,0.94551282,,0.62835678,0.039790812,0.037906079,0.29394633,,0.95939711,0.84887065,0.80866301,1.1699293,
visual_counterfactual_rca,qwen3.6-27b,H_targeted,aiops2025,correct,13,0.82785307,0.098273721,0.93491124,,0.61292832,0.042786464,0.040447931,0.30383728,,0.93398601,0.9127779,0.8628892,1.2153491,
visual_counterfactual_rca,qwen3.6-27b,H_targeted,aiops2025,incorrect,80,0.83150279,0.096472662,0.94375,,0.6102026,0.043768639,0.039016763,0.307012,,0.93073192,0.93373096,0.83235761,1.2256615,
visual_counterfactual_rca,qwen3.6-27b,H_targeted,re2_ob,correct,55,0.82542906,0.11669138,0.93706294,,0.62503176,0.029977647,0.045017171,0.29997342,,0.95242935,0.63952313,0.96036632,1.1998937,
visual_counterfactual_rca,qwen3.6-27b,H_targeted,re2_ob,incorrect,35,0.82279072,0.12131231,0.93956044,,0.62306961,0.030556951,0.044614021,0.30175942,,0.9494394,0.65188163,0.95176579,1.2070377,
visual_counterfactual_rca,qwen3.6-27b,H_targeted,re2_tt,correct,54,0.82322329,0.10872597,0.9508547,,0.60872089,0.042191584,0.041582881,0.30750464,,0.94058607,0.91362431,0.88710145,1.1903252,
visual_counterfactual_rca,qwen3.6-27b,H_targeted,re2_tt,incorrect,36,0.82581752,0.11564762,0.9508547,,0.60313722,0.040420775,0.043039287,0.31340272,,0.94829618,0.8911424,0.91817146,1.1649269,
visual_counterfactual_rca,qwen3.8-27b,H_factual,aegislab,correct,21,0.85828052,0.098389023,0.95970696,,0.65447163,0.031208473,0.030174912,0.28414499,,1.0270522,0.67171584,0.64373145,1.0677845,
visual_counterfactual_rca,qwen3.8-27b,H_factual,aegislab,incorrect,75,0.8579529,0.097825695,0.96102564,,0.64518873,0.032890552,0.032473567,0.28944715,,1.0150918,0.71250373,0.69276943,1.0833992,
visual_counterfactual_rca,qwen3.8-27b,H_factual,aiops2022,correct,9,0.86073096,0.092170272,0.96153846,,0.68830066,0.02990493,0.025189326,0.25660508,,1.0488391,0.63797184,0.5373723,1.0264203,
visual_counterfactual_rca,qwen3.8-27b,H_factual,aiops2022,incorrect,52,0.86427957,0.091691822,0.96005917,,0.67386504,0.030873479,0.027079267,0.26818222,,1.0283227,0.65863422,0.57769103,1.0693118,
visual_counterfactual_rca,qwen3.8-27b,H_factual,aiops2025,correct,14,0.86395646,0.098358885,0.96153846,,0.66606221,0.030193315,0.024974943,0.27876954,,1.0149519,0.64412405,0.53279878,1.1150781,
visual_counterfactual_rca,qwen3.8-27b,H_factual,aiops2025,incorrect,79,0.86244136,0.098000343,0.95959104,,0.66331366,0.028154234,0.025118726,0.28341338,,1.0107637,0.60062366,0.53586615,1.1336535,
visual_counterfactual_rca,qwen3.8-27b,H_factual,re2_ob,correct,48,0.86366622,0.086235225,0.96153846,,0.66691082,0.029203304,0.025103807,0.27878207,,1.0162451,0.62300382,0.53554788,1.1151283,
visual_counterfactual_rca,qwen3.8-27b,H_factual,re2_ob,incorrect,42,0.86007529,0.090678264,0.96062271,,0.66360493,0.029942344,0.025515041,0.28093769,,1.0112075,0.63876999,0.54432088,1.1237507,
visual_counterfactual_rca,qwen3.8-27b,H_factual,re2_tt,correct,48,0.86376614,0.081858233,0.9599359,,0.66016825,0.034813843,0.02787268,0.27714523,,1.0122511,0.74809935,0.59461717,1.0927623,
visual_counterfactual_rca,qwen3.8-27b,H_factual,re2_tt,incorrect,42,0.86130377,0.091621071,0.95787546,,0.64775576,0.035868697,0.029035997,0.28733954,,1.0110198,0.77957607,0.6230046,1.0911897,
visual_counterfactual_rca,qwen3.8-27b,H_neutral,aegislab,correct,20,0.77058059,0.64825254,0.30769231,,0.65877097,0.019581052,0.015849554,0.30579842,,1.0313264,0.42153642,0.33812381,1.1539921,
visual_counterfactual_rca,qwen3.8-27b,H_neutral,aegislab,incorrect,76,0.76882219,0.6454819,0.30769231,,0.65348796,0.019008437,0.015468446,0.31203516,,1.0288721,0.41541848,0.32999352,1.1663017,
visual_counterfactual_rca,qwen3.8-27b,H_neutral,aiops2022,correct,7,0.76468483,0.63515475,0.30769231,,0.67217627,0.020036598,0.016538053,0.29124908,,1.0242686,0.42744742,0.3528118,1.1649963,
visual_counterfactual_rca,qwen3.8-27b,H_neutral,aiops2022,incorrect,54,0.76538377,0.64287017,0.30769231,,0.66384958,0.017475201,0.01568339,0.30299183,,1.0129883,0.37280429,0.33457898,1.2082609,
visual_counterfactual_rca,qwen3.8-27b,H_neutral,aiops2025,correct,14,0.7656659,0.64371317,0.30769231,,0.66767408,0.016763372,0.015147512,0.30041503,,1.0174081,0.3576186,0.32314693,1.2016601,
visual_counterfactual_rca,qwen3.8-27b,H_neutral,aiops2025,incorrect,79,0.76311072,0.64093257,0.30769231,,0.66544106,0.015099408,0.014859488,0.30460004,,1.0140054,0.3221207,0.31700242,1.2184002,
visual_counterfactual_rca,qwen3.8-27b,H_neutral,re2_ob,correct,51,0.76422547,0.64533322,0.30769231,,0.66023633,0.022054316,0.016269895,0.30143946,,1.0060744,0.47049209,0.3470911,1.2057578,
visual_counterfactual_rca,qwen3.8-27b,H_neutral,re2_ob,incorrect,39,0.76505816,0.64737931,0.30769231,,0.65897689,0.023180076,0.016875984,0.30096705,,1.0041553,0.49450829,0.36002099,1.2038682,
visual_counterfactual_rca,qwen3.8-27b,H_neutral,re2_tt,correct,47,0.7688266,0.6450489,0.30769231,,0.66274229,0.015910193,0.015486082,0.30586143,,1.018191,0.3415672,0.33036975,1.2018972,
visual_counterfactual_rca,qwen3.8-27b,H_neutral,re2_tt,incorrect,43,0.76752898,0.64309967,0.30769231,,0.65661726,0.016895851,0.01518171,0.31130518,,1.0228682,0.37271747,0.32593876,1.1898144,
visual_counterfactual_rca,qwen3.8-27b,H_placebo,aegislab,correct,18,0.85972587,0.096601842,0.96153846,,0.65839079,0.032321751,0.030791791,0.27849566,,1.0289919,0.68953069,0.65689155,1.0558346,
visual_counterfactual_rca,qwen3.8-27b,H_placebo,aegislab,incorrect,78,0.85777979,0.098255469,0.96055227,,0.64455254,0.032571559,0.032226164,0.29064974,,1.014969,0.70685493,0.6874915,1.0859645,
visual_counterfactual_rca,qwen3.8-27b,H_placebo,aiops2022,correct,10,0.86040449,0.092241106,0.96153846,,0.6810203,0.030810318,0.025813606,0.26235578,,1.0377452,0.65728679,0.55069026,1.0494231,
visual_counterfactual_rca,qwen3.8-27b,H_placebo,aiops2022,incorrect,51,0.86438456,0.091620344,0.96003017,,0.67525332,0.030666416,0.026962732,0.26711753,,1.0304661,0.65421686,0.57520494,1.0649814,
visual_counterfactual_rca,qwen3.8-27b,H_placebo,aiops2025,correct,16,0.8641578,0.099820602,0.96153846,,0.66792969,0.029899299,0.024479149,0.27769186,,1.0177976,0.6378517,0.52222184,1.1107675,
visual_counterfactual_rca,qwen3.8-27b,H_placebo,aiops2025,incorrect,77,0.86243627,0.097603525,0.95904096,,0.66277457,0.028175531,0.025223307,0.2838266,,1.0099422,0.60107799,0.53809721,1.1353064,
visual_counterfactual_rca,qwen3.8-27b,H_placebo,re2_ob,correct,50,0.86232207,0.087108609,0.96076923,,0.66669124,0.0288208,0.024934202,0.27955376,,1.0159105,0.61484373,0.53192964,1.118215,
visual_counterfactual_rca,qwen3.8-27b,H_placebo,re2_ob,incorrect,40,0.86131076,0.089815919,0.96057692,,0.66364817,0.030354576,0.025747469,0.28024978,,1.0112734,0.64756428,0.54927934,1.1209991,
visual_counterfactual_rca,qwen3.8-27b,H_placebo,re2_tt,correct,46,0.86346256,0.081572797,0.95986622,,0.65936189,0.03512254,0.027899171,0.2776164,,1.0113033,0.7549984,0.59518231,1.0940384,
visual_counterfactual_rca,qwen3.8-27b,H_placebo,re2_tt,incorrect,44,0.86176865,0.091426789,0.95804196,,0.64926538,0.035490891,0.028899648,0.28634408,,1.0122389,0.77087298,0.61997739,1.0898711,
visual_counterfactual_rca,qwen3.8-27b,H_targeted,aegislab,correct,17,0.85933093,0.096142972,0.95927602,,0.64562449,0.032685648,0.031316233,0.29037363,,1.0112588,0.70452054,0.66807964,1.096908,
visual_counterfactual_rca,qwen3.8-27b,H_targeted,aegislab,incorrect,79,0.85769009,0.09842974,0.96105161,,0.6470768,0.032554817,0.032184849,0.28818354,,1.0183384,0.70482257,0.68661011,1.077649,
visual_counterfactual_rca,qwen3.8-27b,H_targeted,aiops2022,correct,8,0.85973546,0.083941588,0.96153846,,0.68372405,0.029174603,0.024197489,0.26290386,,1.0418652,0.62239152,0.51621311,1.0516154,
visual_counterfactual_rca,qwen3.8-27b,H_targeted,aiops2022,incorrect,53,0.86433718,0.092803853,0.96008708,,0.67531357,0.03089421,0.027107435,0.26668479,,1.0305023,0.65907649,0.57829195,1.0633902,
visual_counterfactual_rca,qwen3.8-27b,H_targeted,aiops2025,correct,13,0.86329401,0.099884142,0.96153846,,0.66612115,0.028994158,0.024413785,0.2804709,,1.0150418,0.61854203,0.52082742,1.1218836,
visual_counterfactual_rca,qwen3.8-27b,H_targeted,aiops2025,incorrect,80,0.86262409,0.097896082,0.95961538,,0.6633304,0.028340305,0.025213861,0.28311543,,1.0107892,0.60459318,0.5378957,1.1324617,
visual_counterfactual_rca,qwen3.8-27b,H_targeted,re2_ob,correct,48,0.86351581,0.086887948,0.96153846,,0.66612155,0.029151535,0.025206608,0.27952031,,1.0150424,0.62189941,0.53774097,1.1180812,
visual_counterfactual_rca,qwen3.8-27b,H_targeted,re2_ob,incorrect,42,0.86008759,0.090059374,0.96062271,,0.66410465,0.029970229,0.025550721,0.2803744,,1.011969,0.63936488,0.54508205,1.1214976,
visual_counterfactual_rca,qwen3.8-27b,H_targeted,re2_tt,correct,40,0.86478422,0.082078096,0.95961538,,0.65771017,0.035534357,0.027624705,0.27913077,,1.0097977,0.76458677,0.58932705,1.0976989,
visual_counterfactual_rca,qwen3.8-27b,H_targeted,re2_tt,incorrect,50,0.86086714,0.089834136,0.95692308,,0.65224465,0.035177673,0.029059891,0.28351779,,1.0140088,0.76237714,0.62304925,1.0850996,
