experiment,model,arm,dataset,n,overall,level1,level2,level3,query_id_valid,step_accuracy
cross_region,gemma-4-26b-a4b,H,aegislab,96,0.5625,0.95833333,0.26315789,0.44736842,1,0.66840278
cross_region,gemma-4-26b-a4b,H,aiops2022,100,0.74833333,0.89,0.66666667,0.22222222,1,0.77833333
cross_region,gemma-4-26b-a4b,H,aiops2025,93,0.82795699,0.93548387,0.88461538,0.43181818,1,0.84587814
cross_region,gemma-4-26b-a4b,H,re2_ob,90,0.58518519,0.91111111,0.47777778,0.36666667,1,0.67962963
cross_region,gemma-4-26b-a4b,H,re2_tt,90,0.67592593,0.95555556,0.51685393,0.54545455,1,0.76481481
cross_region,gemma-4-26b-a4b,Mt-Rt-Lt-Gt,aegislab,96,0.52951389,0.96875,0.26315789,0.30263158,1,0.54166667
cross_region,gemma-4-26b-a4b,Mt-Rt-Lt-Gt,aiops2022,100,0.66333333,0.93,0.45833333,0,1,0.65833333
cross_region,gemma-4-26b-a4b,Mt-Rt-Lt-Gt,aiops2025,93,0.82258065,0.96774194,0.84615385,0.27272727,1,0.82795699
cross_region,gemma-4-26b-a4b,Mt-Rt-Lt-Gt,re2_ob,90,0.53703704,0.93333333,0.45555556,0.22222222,1,0.57222222
cross_region,gemma-4-26b-a4b,Mt-Rt-Lt-Gt,re2_tt,90,0.58703704,0.93333333,0.47191011,0.34090909,1,0.58888889
cross_region,gemma-4-26b-a4b,Mt-Rt-Lt-Gv,aegislab,96,0.46354167,0.875,0.23157895,0.22368421,1,0.54166667
cross_region,gemma-4-26b-a4b,Mt-Rt-Lt-Gv,aiops2022,100,0.57833333,0.73,0.48958333,0.055555556,1,0.60333333
cross_region,gemma-4-26b-a4b,Mt-Rt-Lt-Gv,aiops2025,93,0.76523297,0.87096774,0.83333333,0.34090909,1,0.79390681
cross_region,gemma-4-26b-a4b,Mt-Rt-Lt-Gv,re2_ob,90,0.53703704,0.92222222,0.45555556,0.23333333,1,0.6037037
cross_region,gemma-4-26b-a4b,Mt-Rt-Lt-Gv,re2_tt,90,0.53518519,0.82222222,0.42696629,0.34090909,1,0.63148148
cross_region,gemma-4-26b-a4b,Mt-Rt-Lv-Gt,aegislab,96,0.45138889,0.73958333,0.23157895,0.35526316,1,0.50520833
cross_region,gemma-4-26b-a4b,Mt-Rt-Lv-Gt,aiops2022,100,0.72833333,0.83,0.69791667,0.22222222,1,0.78
cross_region,gemma-4-26b-a4b,Mt-Rt-Lv-Gt,aiops2025,93,0.6827957,0.80645161,0.70512821,0.27272727,1,0.73476703
cross_region,gemma-4-26b-a4b,Mt-Rt-Lv-Gt,re2_ob,90,0.54814815,0.91111111,0.5,0.23333333,1,0.60740741
cross_region,gemma-4-26b-a4b,Mt-Rt-Lv-Gt,re2_tt,90,0.51296296,0.73333333,0.42696629,0.36363636,1,0.59259259
cross_region,gemma-4-26b-a4b,Mt-Rt-Lv-Gv,aegislab,96,0.375,0.59375,0.23157895,0.27631579,1,0.49131944
cross_region,gemma-4-26b-a4b,Mt-Rt-Lv-Gv,aiops2022,100,0.67,0.73,0.6875,0.16666667,1,0.74333333
cross_region,gemma-4-26b-a4b,Mt-Rt-Lv-Gv,aiops2025,93,0.63799283,0.67741935,0.70512821,0.36363636,1,0.71505376
cross_region,gemma-4-26b-a4b,Mt-Rt-Lv-Gv,re2_ob,90,0.51481481,0.83333333,0.46666667,0.24444444,1,0.59814815
cross_region,gemma-4-26b-a4b,Mt-Rt-Lv-Gv,re2_tt,90,0.49444444,0.64444444,0.40449438,0.42045455,1,0.62592593
cross_region,gemma-4-26b-a4b,Mt-Rv-Lt-Gt,aegislab,96,0.58159722,0.97916667,0.26315789,0.48684211,1,0.69444444
cross_region,gemma-4-26b-a4b,Mt-Rv-Lt-Gt,aiops2022,100,0.685,0.88,0.51041667,0.38888889,1,0.7
cross_region,gemma-4-26b-a4b,Mt-Rv-Lt-Gt,aiops2025,93,0.89784946,0.98924731,0.87179487,0.63636364,1,0.92473118
cross_region,gemma-4-26b-a4b,Mt-Rv-Lt-Gt,re2_ob,90,0.6037037,0.96666667,0.41111111,0.43333333,1,0.67037037
cross_region,gemma-4-26b-a4b,Mt-Rv-Lt-Gt,re2_tt,90,0.65,0.92222222,0.46067416,0.55681818,1,0.72037037
cross_region,gemma-4-26b-a4b,Mt-Rv-Lt-Gv,aegislab,96,0.55034722,0.875,0.26315789,0.52631579,1,0.70486111
cross_region,gemma-4-26b-a4b,Mt-Rv-Lt-Gv,aiops2022,100,0.64166667,0.77,0.53125,0.44444444,1,0.68666667
cross_region,gemma-4-26b-a4b,Mt-Rv-Lt-Gv,aiops2025,93,0.84229391,0.86021505,0.87179487,0.75,1,0.88709677
cross_region,gemma-4-26b-a4b,Mt-Rv-Lt-Gv,re2_ob,90,0.57407407,0.85555556,0.42222222,0.44444444,1,0.68703704
cross_region,gemma-4-26b-a4b,Mt-Rv-Lt-Gv,re2_tt,90,0.58333333,0.8,0.4494382,0.48863636,1,0.72407407
cross_region,gemma-4-26b-a4b,Mt-Rv-Lv-Gt,aegislab,96,0.48958333,0.72916667,0.25263158,0.48684211,1,0.65104167
cross_region,gemma-4-26b-a4b,Mt-Rv-Lv-Gt,aiops2022,100,0.77833333,0.84,0.70833333,0.88888889,1,0.83666667
cross_region,gemma-4-26b-a4b,Mt-Rv-Lv-Gt,aiops2025,93,0.73297491,0.78494624,0.70512821,0.68181818,1,0.80286738
cross_region,gemma-4-26b-a4b,Mt-Rv-Lv-Gt,re2_ob,90,0.62592593,0.93333333,0.45555556,0.48888889,1,0.71666667
cross_region,gemma-4-26b-a4b,Mt-Rv-Lv-Gt,re2_tt,90,0.56111111,0.74444444,0.41573034,0.51136364,1,0.7
cross_region,gemma-4-26b-a4b,Mt-Rv-Lv-Gv,aegislab,96,0.47569444,0.63541667,0.24210526,0.56578947,1,0.67534722
cross_region,gemma-4-26b-a4b,Mt-Rv-Lv-Gv,aiops2022,100,0.715,0.77,0.67708333,0.72222222,1,0.80333333
cross_region,gemma-4-26b-a4b,Mt-Rv-Lv-Gv,aiops2025,93,0.6702509,0.67741935,0.62820513,0.72727273,1,0.77419355
cross_region,gemma-4-26b-a4b,Mt-Rv-Lv-Gv,re2_ob,90,0.56666667,0.84444444,0.44444444,0.41111111,1,0.69259259
cross_region,gemma-4-26b-a4b,Mt-Rv-Lv-Gv,re2_tt,90,0.51666667,0.57777778,0.41573034,0.54545455,1,0.70740741
cross_region,gemma-4-26b-a4b,Mv-Rt-Lt-Gt,aegislab,96,0.515625,0.95833333,0.26315789,0.27631579,1,0.53993056
cross_region,gemma-4-26b-a4b,Mv-Rt-Lt-Gt,aiops2022,100,0.69666667,0.97,0.47916667,0.16666667,1,0.68166667
cross_region,gemma-4-26b-a4b,Mv-Rt-Lt-Gt,aiops2025,93,0.8172043,0.96774194,0.85897436,0.22727273,1,0.84050179
cross_region,gemma-4-26b-a4b,Mv-Rt-Lt-Gt,re2_ob,90,0.52222222,0.92222222,0.43333333,0.21111111,1,0.56851852
cross_region,gemma-4-26b-a4b,Mv-Rt-Lt-Gt,re2_tt,90,0.5537037,0.91111111,0.46067416,0.27272727,1,0.60740741
cross_region,gemma-4-26b-a4b,Mv-Rt-Lt-Gv,aegislab,96,0.47222222,0.82291667,0.26315789,0.27631579,1,0.546875
cross_region,gemma-4-26b-a4b,Mv-Rt-Lt-Gv,aiops2022,100,0.66,0.86,0.5,0.16666667,1,0.67333333
cross_region,gemma-4-26b-a4b,Mv-Rt-Lt-Gv,aiops2025,93,0.76523297,0.84946237,0.84615385,0.27272727,1,0.79032258
cross_region,gemma-4-26b-a4b,Mv-Rt-Lt-Gv,re2_ob,90,0.52592593,0.92222222,0.44444444,0.21111111,1,0.58888889
cross_region,gemma-4-26b-a4b,Mv-Rt-Lt-Gv,re2_tt,90,0.49814815,0.75555556,0.4494382,0.27272727,1,0.58333333
cross_region,gemma-4-26b-a4b,Mv-Rt-Lv-Gt,aegislab,96,0.42708333,0.71875,0.24210526,0.27631579,1,0.50520833
cross_region,gemma-4-26b-a4b,Mv-Rt-Lv-Gt,aiops2022,100,0.76833333,0.86,0.75,0.27777778,1,0.81666667
cross_region,gemma-4-26b-a4b,Mv-Rt-Lv-Gt,aiops2025,93,0.70250896,0.8172043,0.71794872,0.29545455,1,0.76523297
cross_region,gemma-4-26b-a4b,Mv-Rt-Lv-Gt,re2_ob,90,0.53703704,0.88888889,0.5,0.22222222,1,0.62407407
cross_region,gemma-4-26b-a4b,Mv-Rt-Lv-Gt,re2_tt,90,0.49074074,0.74444444,0.38202247,0.32954545,1,0.61111111
cross_region,gemma-4-26b-a4b,Mv-Rt-Lv-Gv,aegislab,96,0.39930556,0.625,0.23157895,0.31578947,1,0.49826389
cross_region,gemma-4-26b-a4b,Mv-Rt-Lv-Gv,aiops2022,100,0.71,0.74,0.73958333,0.27777778,1,0.79
cross_region,gemma-4-26b-a4b,Mv-Rt-Lv-Gv,aiops2025,93,0.64874552,0.7311828,0.67948718,0.31818182,1,0.71684588
cross_region,gemma-4-26b-a4b,Mv-Rt-Lv-Gv,re2_ob,90,0.50740741,0.86666667,0.46666667,0.18888889,1,0.60185185
cross_region,gemma-4-26b-a4b,Mv-Rt-Lv-Gv,re2_tt,90,0.46111111,0.67777778,0.39325843,0.29545455,1,0.59259259
cross_region,gemma-4-26b-a4b,Mv-Rv-Lt-Gt,aegislab,96,0.56770833,0.98958333,0.26315789,0.42105263,1,0.72743056
cross_region,gemma-4-26b-a4b,Mv-Rv-Lt-Gt,aiops2022,100,0.74166667,0.95,0.55208333,0.55555556,1,0.74166667
cross_region,gemma-4-26b-a4b,Mv-Rv-Lt-Gt,aiops2025,93,0.88351254,0.97849462,0.85897436,0.59090909,1,0.92293907
cross_region,gemma-4-26b-a4b,Mv-Rv-Lt-Gt,re2_ob,90,0.55925926,0.93333333,0.43333333,0.31111111,1,0.64074074
cross_region,gemma-4-26b-a4b,Mv-Rv-Lt-Gt,re2_tt,90,0.60555556,0.93333333,0.49438202,0.375,1,0.71481481
cross_region,gemma-4-26b-a4b,Mv-Rv-Lt-Gv,aegislab,96,0.49652778,0.875,0.25263158,0.31578947,1,0.68229167
cross_region,gemma-4-26b-a4b,Mv-Rv-Lt-Gv,aiops2022,100,0.66833333,0.85,0.5,0.44444444,1,0.68833333
cross_region,gemma-4-26b-a4b,Mv-Rv-Lt-Gv,aiops2025,93,0.82258065,0.87096774,0.84615385,0.61363636,1,0.87992832
cross_region,gemma-4-26b-a4b,Mv-Rv-Lt-Gv,re2_ob,90,0.57777778,0.91111111,0.43333333,0.38888889,1,0.69074074
cross_region,gemma-4-26b-a4b,Mv-Rv-Lt-Gv,re2_tt,90,0.57592593,0.87777778,0.47191011,0.36363636,1,0.72962963
cross_region,gemma-4-26b-a4b,Mv-Rv-Lv-Gt,aegislab,96,0.46527778,0.73958333,0.26315789,0.36842105,1,0.65625
cross_region,gemma-4-26b-a4b,Mv-Rv-Lv-Gt,aiops2022,100,0.79666667,0.87,0.73958333,0.72222222,1,0.85333333
cross_region,gemma-4-26b-a4b,Mv-Rv-Lv-Gt,aiops2025,93,0.77060932,0.82795699,0.74358974,0.61363636,1,0.84229391
cross_region,gemma-4-26b-a4b,Mv-Rv-Lv-Gt,re2_ob,90,0.55925926,0.91111111,0.46666667,0.3,1,0.66481481
cross_region,gemma-4-26b-a4b,Mv-Rv-Lv-Gt,re2_tt,90,0.49074074,0.73333333,0.39325843,0.32954545,1,0.67407407
cross_region,gemma-4-26b-a4b,Mv-Rv-Lv-Gv,aegislab,96,0.35763889,0.48958333,0.25263158,0.32894737,1,0.60243056
cross_region,gemma-4-26b-a4b,Mv-Rv-Lv-Gv,aiops2022,100,0.67166667,0.67,0.65625,0.88888889,1,0.77666667
cross_region,gemma-4-26b-a4b,Mv-Rv-Lv-Gv,aiops2025,93,0.67921147,0.69892473,0.67948718,0.59090909,1,0.79032258
cross_region,gemma-4-26b-a4b,Mv-Rv-Lv-Gv,re2_ob,90,0.48888889,0.76666667,0.43333333,0.26666667,1,0.65740741
cross_region,gemma-4-26b-a4b,Mv-Rv-Lv-Gv,re2_tt,90,0.44259259,0.62222222,0.38202247,0.32954545,1,0.67407407
cross_region,gemma-4-26b-a4b,P,aegislab,96,0.36284722,0.8125,0.12631579,0.092105263,1,0.38020833
cross_region,gemma-4-26b-a4b,P,aiops2022,100,0.50166667,0.79,0.25,0,1,0.525
cross_region,gemma-4-26b-a4b,P,aiops2025,93,0.57885305,0.75268817,0.58974359,0.045454545,1,0.58243728
cross_region,gemma-4-26b-a4b,P,re2_ob,90,0.2962963,0.7,0.14444444,0.044444444,1,0.32777778
cross_region,gemma-4-26b-a4b,P,re2_tt,90,0.34259259,0.77777778,0.15730337,0.068181818,1,0.35555556
cross_region,gemma-4-26b-a4b,V,aegislab,96,0.25,0.40625,0.16842105,0.11842105,1,0.48784722
cross_region,gemma-4-26b-a4b,V,aiops2022,100,0.48833333,0.52,0.44791667,0.44444444,1,0.635
cross_region,gemma-4-26b-a4b,V,aiops2025,93,0.47670251,0.5483871,0.55128205,0.068181818,1,0.57706093
cross_region,gemma-4-26b-a4b,V,re2_ob,90,0.35185185,0.48888889,0.41111111,0.15555556,1,0.52222222
cross_region,gemma-4-26b-a4b,V,re2_tt,90,0.29814815,0.38888889,0.31460674,0.17045455,1,0.54074074
cross_region,qwen3.6-27b,H,aegislab,96,0.56597222,0.9375,0.31578947,0.40789474,1,0.69097222
cross_region,qwen3.6-27b,H,aiops2022,100,0.82,0.99,0.71875,0.22222222,1,0.84
cross_region,qwen3.6-27b,H,aiops2025,93,0.85483871,0.96774194,0.85897436,0.45454545,1,0.89605735
cross_region,qwen3.6-27b,H,re2_ob,90,0.64814815,0.98888889,0.56666667,0.38888889,1,0.73148148
cross_region,qwen3.6-27b,H,re2_tt,90,0.72407407,1,0.53932584,0.625,1,0.8037037
cross_region,qwen3.6-27b,Mt-Rt-Lt-Gt,aegislab,96,0.57638889,0.97916667,0.33684211,0.36842105,1,0.59548611
cross_region,qwen3.6-27b,Mt-Rt-Lt-Gt,aiops2022,100,0.71833333,0.98,0.51041667,0.16666667,1,0.71166667
cross_region,qwen3.6-27b,Mt-Rt-Lt-Gt,aiops2025,93,0.83691756,0.96774194,0.85897436,0.34090909,1,0.85304659
cross_region,qwen3.6-27b,Mt-Rt-Lt-Gt,re2_ob,90,0.57407407,1,0.5,0.22222222,1,0.6037037
cross_region,qwen3.6-27b,Mt-Rt-Lt-Gt,re2_tt,90,0.62777778,0.96666667,0.48314607,0.42045455,1,0.67037037
cross_region,qwen3.6-27b,Mt-Rt-Lt-Gv,aegislab,96,0.49652778,0.80208333,0.29473684,0.36842105,1,0.56597222
cross_region,qwen3.6-27b,Mt-Rt-Lt-Gv,aiops2022,100,0.70333333,0.91,0.55208333,0.22222222,1,0.71166667
cross_region,qwen3.6-27b,Mt-Rt-Lt-Gv,aiops2025,93,0.7921147,0.88172043,0.84615385,0.34090909,1,0.82078853
cross_region,qwen3.6-27b,Mt-Rt-Lt-Gv,re2_ob,90,0.51111111,0.81111111,0.48888889,0.23333333,1,0.57407407
cross_region,qwen3.6-27b,Mt-Rt-Lt-Gv,re2_tt,90,0.57222222,0.71111111,0.51685393,0.47727273,1,0.67592593
cross_region,qwen3.6-27b,Mt-Rt-Lv-Gt,aegislab,96,0.54340278,0.875,0.31578947,0.40789474,1,0.59722222
cross_region,qwen3.6-27b,Mt-Rt-Lv-Gt,aiops2022,100,0.81166667,0.94,0.76041667,0.22222222,1,0.855
cross_region,qwen3.6-27b,Mt-Rt-Lv-Gt,aiops2025,93,0.81899642,0.94623656,0.82051282,0.36363636,1,0.84408602
cross_region,qwen3.6-27b,Mt-Rt-Lv-Gt,re2_ob,90,0.61481481,0.97777778,0.58888889,0.27777778,1,0.66666667
cross_region,qwen3.6-27b,Mt-Rt-Lv-Gt,re2_tt,90,0.64259259,0.87777778,0.48314607,0.55681818,1,0.72222222
cross_region,qwen3.6-27b,Mt-Rt-Lv-Gv,aegislab,96,0.48611111,0.78125,0.30526316,0.32894737,1,0.57118056
cross_region,qwen3.6-27b,Mt-Rt-Lv-Gv,aiops2022,100,0.79,0.87,0.76041667,0.38888889,1,0.84
cross_region,qwen3.6-27b,Mt-Rt-Lv-Gv,aiops2025,93,0.79928315,0.88172043,0.82051282,0.40909091,1,0.84587814
cross_region,qwen3.6-27b,Mt-Rt-Lv-Gv,re2_ob,90,0.53333333,0.76666667,0.53333333,0.3,1,0.62222222
cross_region,qwen3.6-27b,Mt-Rt-Lv-Gv,re2_tt,90,0.5462963,0.61111111,0.51685393,0.5,1,0.68518519
cross_region,qwen3.6-27b,Mt-Rv-Lt-Gt,aegislab,96,0.59895833,0.94791667,0.37894737,0.44736842,1,0.70138889
cross_region,qwen3.6-27b,Mt-Rv-Lt-Gt,aiops2022,100,0.745,0.94,0.5625,0.5,1,0.75833333
cross_region,qwen3.6-27b,Mt-Rv-Lt-Gt,aiops2025,93,0.89784946,0.97849462,0.85897436,0.68181818,1,0.91935484
cross_region,qwen3.6-27b,Mt-Rv-Lt-Gt,re2_ob,90,0.62222222,0.91111111,0.51111111,0.44444444,1,0.69259259
cross_region,qwen3.6-27b,Mt-Rv-Lt-Gt,re2_tt,90,0.63518519,0.82222222,0.47191011,0.60227273,1,0.73333333
cross_region,qwen3.6-27b,Mt-Rv-Lt-Gv,aegislab,96,0.546875,0.86458333,0.32631579,0.43421053,1,0.671875
cross_region,qwen3.6-27b,Mt-Rv-Lt-Gv,aiops2022,100,0.725,0.93,0.5625,0.38888889,1,0.72833333
cross_region,qwen3.6-27b,Mt-Rv-Lt-Gv,aiops2025,93,0.86200717,0.92473118,0.84615385,0.63636364,1,0.88888889
cross_region,qwen3.6-27b,Mt-Rv-Lt-Gv,re2_ob,90,0.55555556,0.78888889,0.47777778,0.4,1,0.6462963
cross_region,qwen3.6-27b,Mt-Rv-Lt-Gv,re2_tt,90,0.59074074,0.65555556,0.49438202,0.61363636,1,0.71851852
cross_region,qwen3.6-27b,Mt-Rv-Lv-Gt,aegislab,96,0.50347222,0.80208333,0.30526316,0.38157895,1,0.65798611
cross_region,qwen3.6-27b,Mt-Rv-Lv-Gt,aiops2022,100,0.76166667,0.88,0.6875,0.38888889,1,0.82
cross_region,qwen3.6-27b,Mt-Rv-Lv-Gt,aiops2025,93,0.85125448,0.92473118,0.79487179,0.70454545,1,0.89247312
cross_region,qwen3.6-27b,Mt-Rv-Lv-Gt,re2_ob,90,0.62592593,0.86666667,0.52222222,0.48888889,1,0.71851852
cross_region,qwen3.6-27b,Mt-Rv-Lv-Gt,re2_tt,90,0.59444444,0.67777778,0.49438202,0.60227273,1,0.73148148
cross_region,qwen3.6-27b,Mt-Rv-Lv-Gv,aegislab,96,0.47048611,0.71875,0.30526316,0.35526316,1,0.64930556
cross_region,qwen3.6-27b,Mt-Rv-Lv-Gv,aiops2022,100,0.75166667,0.87,0.67708333,0.5,1,0.80166667
cross_region,qwen3.6-27b,Mt-Rv-Lv-Gv,aiops2025,93,0.8046595,0.87096774,0.75641026,0.61363636,1,0.87096774
cross_region,qwen3.6-27b,Mt-Rv-Lv-Gv,re2_ob,90,0.57037037,0.72222222,0.52222222,0.46666667,1,0.7
cross_region,qwen3.6-27b,Mt-Rv-Lv-Gv,re2_tt,90,0.5537037,0.5,0.49438202,0.65909091,1,0.72777778
cross_region,qwen3.6-27b,Mv-Rt-Lt-Gt,aegislab,96,0.55729167,0.97916667,0.31578947,0.32894737,1,0.59548611
cross_region,qwen3.6-27b,Mv-Rt-Lt-Gt,aiops2022,100,0.72333333,0.98,0.54166667,0.055555556,1,0.71333333
cross_region,qwen3.6-27b,Mv-Rt-Lt-Gt,aiops2025,93,0.84408602,0.97849462,0.87179487,0.31818182,1,0.84946237
cross_region,qwen3.6-27b,Mv-Rt-Lt-Gt,re2_ob,90,0.56666667,1,0.46666667,0.23333333,1,0.57777778
cross_region,qwen3.6-27b,Mv-Rt-Lt-Gt,re2_tt,90,0.64259259,1,0.50561798,0.40909091,1,0.68518519
cross_region,qwen3.6-27b,Mv-Rt-Lt-Gv,aegislab,96,0.53125,0.9375,0.28421053,0.32894737,1,0.59027778
cross_region,qwen3.6-27b,Mv-Rt-Lt-Gv,aiops2022,100,0.7,0.93,0.54166667,0.11111111,1,0.70166667
cross_region,qwen3.6-27b,Mv-Rt-Lt-Gv,aiops2025,93,0.81362007,0.92473118,0.85897436,0.34090909,1,0.81899642
cross_region,qwen3.6-27b,Mv-Rt-Lt-Gv,re2_ob,90,0.49259259,0.81111111,0.46666667,0.2,1,0.56111111
cross_region,qwen3.6-27b,Mv-Rt-Lt-Gv,re2_tt,90,0.52407407,0.71111111,0.49438202,0.35227273,1,0.61851852
cross_region,qwen3.6-27b,Mv-Rt-Lv-Gt,aegislab,96,0.49652778,0.8125,0.31578947,0.31578947,1,0.55729167
cross_region,qwen3.6-27b,Mv-Rt-Lv-Gt,aiops2022,100,0.82166667,0.94,0.77083333,0.33333333,1,0.86166667
cross_region,qwen3.6-27b,Mv-Rt-Lv-Gt,aiops2025,93,0.79569892,0.90322581,0.80769231,0.34090909,1,0.81541219
cross_region,qwen3.6-27b,Mv-Rt-Lv-Gt,re2_ob,90,0.55185185,0.91111111,0.47777778,0.26666667,1,0.60740741
cross_region,qwen3.6-27b,Mv-Rt-Lv-Gt,re2_tt,90,0.56851852,0.78888889,0.51685393,0.38636364,1,0.66851852
cross_region,qwen3.6-27b,Mv-Rt-Lv-Gv,aegislab,96,0.44791667,0.75,0.27368421,0.27631579,1,0.51736111
cross_region,qwen3.6-27b,Mv-Rt-Lv-Gv,aiops2022,100,0.795,0.89,0.77083333,0.27777778,1,0.845
cross_region,qwen3.6-27b,Mv-Rt-Lv-Gv,aiops2025,93,0.75806452,0.83870968,0.79487179,0.38636364,1,0.79569892
cross_region,qwen3.6-27b,Mv-Rt-Lv-Gv,re2_ob,90,0.5037037,0.76666667,0.5,0.24444444,1,0.5962963
cross_region,qwen3.6-27b,Mv-Rt-Lv-Gv,re2_tt,90,0.47592593,0.55555556,0.4494382,0.40909091,1,0.62962963
cross_region,qwen3.6-27b,Mv-Rv-Lt-Gt,aegislab,96,0.578125,0.94791667,0.35789474,0.40789474,1,0.70833333
cross_region,qwen3.6-27b,Mv-Rv-Lt-Gt,aiops2022,100,0.71166667,0.93,0.52083333,0.38888889,1,0.715
cross_region,qwen3.6-27b,Mv-Rv-Lt-Gt,aiops2025,93,0.88172043,0.97849462,0.88461538,0.54545455,1,0.92114695
cross_region,qwen3.6-27b,Mv-Rv-Lt-Gt,re2_ob,90,0.56296296,0.94444444,0.48888889,0.25555556,1,0.62222222
cross_region,qwen3.6-27b,Mv-Rv-Lt-Gt,re2_tt,90,0.59444444,0.86666667,0.48314607,0.42045455,1,0.68888889
cross_region,qwen3.6-27b,Mv-Rv-Lt-Gv,aegislab,96,0.546875,0.89583333,0.34736842,0.35526316,1,0.69270833
cross_region,qwen3.6-27b,Mv-Rv-Lt-Gv,aiops2022,100,0.68333333,0.89,0.5,0.44444444,1,0.695
cross_region,qwen3.6-27b,Mv-Rv-Lt-Gv,aiops2025,93,0.8172043,0.90322581,0.83333333,0.5,1,0.86379928
cross_region,qwen3.6-27b,Mv-Rv-Lt-Gv,re2_ob,90,0.53703704,0.75555556,0.48888889,0.36666667,1,0.63888889
cross_region,qwen3.6-27b,Mv-Rv-Lt-Gv,re2_tt,90,0.40555556,0.46666667,0.39325843,0.34090909,1,0.58518519
cross_region,qwen3.6-27b,Mv-Rv-Lv-Gt,aegislab,96,0.5,0.76041667,0.33684211,0.38157895,1,0.66319444
cross_region,qwen3.6-27b,Mv-Rv-Lv-Gt,aiops2022,100,0.76166667,0.9,0.66666667,0.44444444,1,0.815
cross_region,qwen3.6-27b,Mv-Rv-Lv-Gt,aiops2025,93,0.81899642,0.90322581,0.78205128,0.56818182,1,0.87455197
cross_region,qwen3.6-27b,Mv-Rv-Lv-Gt,re2_ob,90,0.58888889,0.88888889,0.5,0.37777778,1,0.6962963
cross_region,qwen3.6-27b,Mv-Rv-Lv-Gt,re2_tt,90,0.57962963,0.72222222,0.48314607,0.52272727,1,0.72222222
cross_region,qwen3.6-27b,Mv-Rv-Lv-Gv,aegislab,96,0.45138889,0.6875,0.28421053,0.36842105,1,0.63020833
cross_region,qwen3.6-27b,Mv-Rv-Lv-Gv,aiops2022,100,0.7,0.82,0.63541667,0.38888889,1,0.76
cross_region,qwen3.6-27b,Mv-Rv-Lv-Gv,aiops2025,93,0.71146953,0.78494624,0.69230769,0.47727273,1,0.81182796
cross_region,qwen3.6-27b,Mv-Rv-Lv-Gv,re2_ob,90,0.47777778,0.66666667,0.43333333,0.33333333,1,0.63333333
cross_region,qwen3.6-27b,Mv-Rv-Lv-Gv,re2_tt,90,0.45,0.47777778,0.42696629,0.43181818,1,0.67037037
cross_region,qwen3.6-27b,P,aegislab,96,0.53298611,0.92708333,0.30526316,0.31578947,1,0.52430556
cross_region,qwen3.6-27b,P,aiops2022,100,0.65166667,0.94,0.42708333,0,1,0.64
cross_region,qwen3.6-27b,P,aiops2025,93,0.82078853,0.97849462,0.84615385,0.22727273,1,0.79749104
cross_region,qwen3.6-27b,P,re2_ob,90,0.52592593,0.96666667,0.44444444,0.16666667,1,0.52962963
cross_region,qwen3.6-27b,P,re2_tt,90,0.56481481,0.96666667,0.47191011,0.23863636,1,0.5537037
cross_region,qwen3.6-27b,V,aegislab,96,0.40277778,0.66666667,0.28421053,0.22368421,1,0.56770833
cross_region,qwen3.6-27b,V,aiops2022,100,0.66833333,0.76,0.625,0.27777778,1,0.74166667
cross_region,qwen3.6-27b,V,aiops2025,93,0.71146953,0.77419355,0.70512821,0.38636364,1,0.78673835
cross_region,qwen3.6-27b,V,re2_ob,90,0.46296296,0.66666667,0.45555556,0.26666667,1,0.59444444
cross_region,qwen3.6-27b,V,re2_tt,90,0.37592593,0.44444444,0.34831461,0.31818182,1,0.58888889
cross_region,qwen3.8-27b,H,aegislab,96,0.33333333,0.47916667,0.21875,0.2967033,1,0.50868056
cross_region,qwen3.8-27b,H,aiops2022,100,0.36833333,0.45,0.32291667,0.17391304,1,0.48833333
cross_region,qwen3.8-27b,H,aiops2025,93,0.34587814,0.47311828,0.20689655,0.3,1,0.49103943
cross_region,qwen3.8-27b,H,re2_ob,90,0.27407407,0.44444444,0.23333333,0.14444444,1,0.44259259
cross_region,qwen3.8-27b,H,re2_tt,90,0.31111111,0.46666667,0.2247191,0.22727273,1,0.50555556
cross_region,qwen3.8-27b,Mt-Rt-Lt-Gt,aegislab,96,0.42013889,0.69791667,0.27083333,0.28571429,1,0.49479167
cross_region,qwen3.8-27b,Mt-Rt-Lt-Gt,aiops2022,100,0.47666667,0.68,0.3125,0.17391304,1,0.51833333
cross_region,qwen3.8-27b,Mt-Rt-Lt-Gt,aiops2025,93,0.46236559,0.66666667,0.27586207,0.325,1,0.51971326
cross_region,qwen3.8-27b,Mt-Rt-Lt-Gt,re2_ob,90,0.46666667,0.78888889,0.37777778,0.23333333,1,0.53333333
cross_region,qwen3.8-27b,Mt-Rt-Lt-Gt,re2_tt,90,0.43518519,0.68888889,0.35955056,0.23863636,1,0.52777778
cross_region,qwen3.8-27b,Mt-Rt-Lt-Gv,aegislab,96,0.32118056,0.55208333,0.1875,0.21978022,1,0.44270833
cross_region,qwen3.8-27b,Mt-Rt-Lt-Gv,aiops2022,100,0.345,0.47,0.27083333,0.17391304,1,0.415
cross_region,qwen3.8-27b,Mt-Rt-Lt-Gv,aiops2025,93,0.32437276,0.44086022,0.2183908,0.25,1,0.43010753
cross_region,qwen3.8-27b,Mt-Rt-Lt-Gv,re2_ob,90,0.34814815,0.5,0.37777778,0.16666667,1,0.46666667
cross_region,qwen3.8-27b,Mt-Rt-Lt-Gv,re2_tt,90,0.31851852,0.45555556,0.26966292,0.21590909,1,0.45
cross_region,qwen3.8-27b,Mt-Rt-Lv-Gt,aegislab,96,0.32118056,0.5,0.16666667,0.2967033,1,0.48090278
cross_region,qwen3.8-27b,Mt-Rt-Lv-Gt,aiops2022,100,0.32666667,0.37,0.30208333,0.13043478,1,0.44333333
cross_region,qwen3.8-27b,Mt-Rt-Lv-Gt,aiops2025,93,0.34587814,0.4516129,0.2183908,0.375,1,0.46057348
cross_region,qwen3.8-27b,Mt-Rt-Lv-Gt,re2_ob,90,0.27407407,0.44444444,0.21111111,0.16666667,1,0.46111111
cross_region,qwen3.8-27b,Mt-Rt-Lv-Gt,re2_tt,90,0.31111111,0.51111111,0.2247191,0.18181818,1,0.47592593
cross_region,qwen3.8-27b,Mt-Rt-Lv-Gv,aegislab,96,0.28298611,0.46875,0.14583333,0.23076923,1,0.47048611
cross_region,qwen3.8-27b,Mt-Rt-Lv-Gv,aiops2022,100,0.34333333,0.37,0.34375,0.13043478,1,0.47
cross_region,qwen3.8-27b,Mt-Rt-Lv-Gv,aiops2025,93,0.3297491,0.44086022,0.20689655,0.35,1,0.44623656
cross_region,qwen3.8-27b,Mt-Rt-Lv-Gv,re2_ob,90,0.30740741,0.44444444,0.25555556,0.22222222,1,0.47962963
cross_region,qwen3.8-27b,Mt-Rt-Lv-Gv,re2_tt,90,0.25185185,0.33333333,0.23595506,0.17045455,1,0.45
cross_region,qwen3.8-27b,Mt-Rv-Lt-Gt,aegislab,96,0.296875,0.47916667,0.17708333,0.23076923,1,0.44965278
cross_region,qwen3.8-27b,Mt-Rv-Lt-Gt,aiops2022,100,0.29166667,0.4,0.20833333,0.13043478,1,0.38
cross_region,qwen3.8-27b,Mt-Rv-Lt-Gt,aiops2025,93,0.34587814,0.47311828,0.20689655,0.25,1,0.49462366
cross_region,qwen3.8-27b,Mt-Rv-Lt-Gt,re2_ob,90,0.32222222,0.52222222,0.23333333,0.21111111,1,0.46111111
cross_region,qwen3.8-27b,Mt-Rv-Lt-Gt,re2_tt,90,0.38148148,0.56666667,0.28089888,0.28409091,1,0.5462963
cross_region,qwen3.8-27b,Mt-Rv-Lt-Gv,aegislab,96,0.30729167,0.47916667,0.17708333,0.26373626,1,0.43923611
cross_region,qwen3.8-27b,Mt-Rv-Lt-Gv,aiops2022,100,0.34,0.45,0.25,0.13043478,1,0.43
cross_region,qwen3.8-27b,Mt-Rv-Lt-Gv,aiops2025,93,0.390681,0.50537634,0.28735632,0.3,1,0.49283154
cross_region,qwen3.8-27b,Mt-Rv-Lt-Gv,re2_ob,90,0.36666667,0.53333333,0.32222222,0.24444444,1,0.51111111
cross_region,qwen3.8-27b,Mt-Rv-Lt-Gv,re2_tt,90,0.3037037,0.4,0.23595506,0.26136364,1,0.5037037
cross_region,qwen3.8-27b,Mt-Rv-Lv-Gt,aegislab,96,0.27430556,0.42708333,0.14583333,0.24175824,1,0.49652778
cross_region,qwen3.8-27b,Mt-Rv-Lv-Gt,aiops2022,100,0.315,0.36,0.29166667,0.17391304,1,0.455
cross_region,qwen3.8-27b,Mt-Rv-Lv-Gt,aiops2025,93,0.35304659,0.46236559,0.1954023,0.4,1,0.50179211
cross_region,qwen3.8-27b,Mt-Rv-Lv-Gt,re2_ob,90,0.36666667,0.56666667,0.26666667,0.26666667,1,0.5537037
cross_region,qwen3.8-27b,Mt-Rv-Lv-Gt,re2_tt,90,0.32592593,0.46666667,0.2247191,0.27272727,1,0.56666667
cross_region,qwen3.8-27b,Mt-Rv-Lv-Gv,aegislab,96,0.22395833,0.375,0.10416667,0.18681319,1,0.47916667
cross_region,qwen3.8-27b,Mt-Rv-Lv-Gv,aiops2022,100,0.33666667,0.39,0.3125,0.13043478,1,0.47833333
cross_region,qwen3.8-27b,Mt-Rv-Lv-Gv,aiops2025,93,0.34946237,0.46236559,0.2183908,0.325,1,0.48207885
cross_region,qwen3.8-27b,Mt-Rv-Lv-Gv,re2_ob,90,0.28518519,0.34444444,0.25555556,0.25555556,1,0.48703704
cross_region,qwen3.8-27b,Mt-Rv-Lv-Gv,re2_tt,90,0.22962963,0.3,0.15730337,0.21590909,1,0.46851852
cross_region,qwen3.8-27b,Mv-Rt-Lt-Gt,aegislab,96,0.35243056,0.57291667,0.20833333,0.27472527,1,0.44270833
cross_region,qwen3.8-27b,Mv-Rt-Lt-Gt,aiops2022,100,0.43,0.62,0.30208333,0.043478261,1,0.50166667
cross_region,qwen3.8-27b,Mv-Rt-Lt-Gt,aiops2025,93,0.38888889,0.5483871,0.20689655,0.325,1,0.46594982
cross_region,qwen3.8-27b,Mv-Rt-Lt-Gt,re2_ob,90,0.38148148,0.61111111,0.33333333,0.2,1,0.48148148
cross_region,qwen3.8-27b,Mv-Rt-Lt-Gt,re2_tt,90,0.36111111,0.6,0.28089888,0.18181818,1,0.47962963
cross_region,qwen3.8-27b,Mv-Rt-Lt-Gv,aegislab,96,0.38020833,0.61458333,0.23958333,0.28571429,1,0.5
cross_region,qwen3.8-27b,Mv-Rt-Lt-Gv,aiops2022,100,0.43166667,0.59,0.27083333,0.2173913,1,0.51
cross_region,qwen3.8-27b,Mv-Rt-Lt-Gv,aiops2025,93,0.47132616,0.67741935,0.32183908,0.275,1,0.53584229
cross_region,qwen3.8-27b,Mv-Rt-Lt-Gv,re2_ob,90,0.3962963,0.58888889,0.37777778,0.22222222,1,0.50925926
cross_region,qwen3.8-27b,Mv-Rt-Lt-Gv,re2_tt,90,0.38518519,0.55555556,0.37078652,0.21590909,1,0.54074074
cross_region,qwen3.8-27b,Mv-Rt-Lv-Gt,aegislab,96,0.31423611,0.48958333,0.23958333,0.1978022,1,0.484375
cross_region,qwen3.8-27b,Mv-Rt-Lv-Gt,aiops2022,100,0.47833333,0.56,0.4375,0.26086957,1,0.61666667
cross_region,qwen3.8-27b,Mv-Rt-Lv-Gt,aiops2025,93,0.37096774,0.53763441,0.2183908,0.275,1,0.46774194
cross_region,qwen3.8-27b,Mv-Rt-Lv-Gt,re2_ob,90,0.33333333,0.57777778,0.27777778,0.14444444,1,0.49444444
cross_region,qwen3.8-27b,Mv-Rt-Lv-Gt,re2_tt,90,0.30925926,0.51111111,0.2247191,0.17045455,1,0.48888889
cross_region,qwen3.8-27b,Mv-Rt-Lv-Gv,aegislab,96,0.33680556,0.53125,0.22916667,0.23076923,1,0.52430556
cross_region,qwen3.8-27b,Mv-Rt-Lv-Gv,aiops2022,100,0.53666667,0.6,0.5,0.30434783,1,0.665
cross_region,qwen3.8-27b,Mv-Rt-Lv-Gv,aiops2025,93,0.4265233,0.60215054,0.25287356,0.375,1,0.51971326
cross_region,qwen3.8-27b,Mv-Rt-Lv-Gv,re2_ob,90,0.4,0.64444444,0.36666667,0.18888889,1,0.52777778
cross_region,qwen3.8-27b,Mv-Rt-Lv-Gv,re2_tt,90,0.34074074,0.46666667,0.33707865,0.20454545,1,0.51851852
cross_region,qwen3.8-27b,Mv-Rv-Lt-Gt,aegislab,96,0.32465278,0.61458333,0.17708333,0.17582418,1,0.45486111
cross_region,qwen3.8-27b,Mv-Rv-Lt-Gt,aiops2022,100,0.36833333,0.54,0.21875,0.2173913,1,0.45166667
cross_region,qwen3.8-27b,Mv-Rv-Lt-Gt,aiops2025,93,0.4265233,0.62365591,0.27586207,0.2,1,0.55376344
cross_region,qwen3.8-27b,Mv-Rv-Lt-Gt,re2_ob,90,0.41481481,0.63333333,0.26666667,0.34444444,1,0.55740741
cross_region,qwen3.8-27b,Mv-Rv-Lt-Gt,re2_tt,90,0.34074074,0.54444444,0.26966292,0.19318182,1,0.52407407
cross_region,qwen3.8-27b,Mv-Rv-Lt-Gv,aegislab,96,0.36631944,0.63541667,0.20833333,0.25274725,1,0.51041667
cross_region,qwen3.8-27b,Mv-Rv-Lt-Gv,aiops2022,100,0.45666667,0.64,0.28125,0.26086957,1,0.52333333
cross_region,qwen3.8-27b,Mv-Rv-Lt-Gv,aiops2025,93,0.47849462,0.64516129,0.33333333,0.3,1,0.57526882
cross_region,qwen3.8-27b,Mv-Rv-Lt-Gv,re2_ob,90,0.4037037,0.56666667,0.37777778,0.26666667,1,0.54444444
cross_region,qwen3.8-27b,Mv-Rv-Lt-Gv,re2_tt,90,0.34444444,0.46666667,0.31460674,0.23863636,1,0.58148148
cross_region,qwen3.8-27b,Mv-Rv-Lv-Gt,aegislab,96,0.265625,0.47916667,0.14583333,0.15384615,1,0.47743056
cross_region,qwen3.8-27b,Mv-Rv-Lv-Gt,aiops2022,100,0.395,0.48,0.32291667,0.30434783,1,0.56
cross_region,qwen3.8-27b,Mv-Rv-Lv-Gt,aiops2025,93,0.3781362,0.53763441,0.20689655,0.3,1,0.52688172
cross_region,qwen3.8-27b,Mv-Rv-Lv-Gt,re2_ob,90,0.37777778,0.58888889,0.26666667,0.27777778,1,0.53518519
cross_region,qwen3.8-27b,Mv-Rv-Lv-Gt,re2_tt,90,0.31296296,0.51111111,0.20224719,0.20454545,1,0.54444444
cross_region,qwen3.8-27b,Mv-Rv-Lv-Gv,aegislab,96,0.20659722,0.41666667,0.10416667,0.087912088,1,0.44791667
cross_region,qwen3.8-27b,Mv-Rv-Lv-Gv,aiops2022,100,0.375,0.46,0.3125,0.13043478,1,0.525
cross_region,qwen3.8-27b,Mv-Rv-Lv-Gv,aiops2025,93,0.34946237,0.48387097,0.20689655,0.35,1,0.49820789
cross_region,qwen3.8-27b,Mv-Rv-Lv-Gv,re2_ob,90,0.31481481,0.37777778,0.3,0.26666667,1,0.51851852
cross_region,qwen3.8-27b,Mv-Rv-Lv-Gv,re2_tt,90,0.26666667,0.33333333,0.24719101,0.20454545,0.98888889,0.53148148
cross_region,qwen3.8-27b,P,aegislab,96,0.41493056,0.77083333,0.27083333,0.18681319,1,0.41493056
cross_region,qwen3.8-27b,P,aiops2022,100,0.48166667,0.72,0.3125,0.043478261,1,0.51
cross_region,qwen3.8-27b,P,aiops2025,93,0.50179211,0.75268817,0.31034483,0.2,1,0.49820789
cross_region,qwen3.8-27b,P,re2_ob,90,0.45185185,0.82222222,0.38888889,0.14444444,1,0.45740741
cross_region,qwen3.8-27b,P,re2_tt,90,0.39074074,0.7,0.34831461,0.10227273,1,0.45555556
cross_region,qwen3.8-27b,V,aegislab,96,0.19965278,0.35416667,0.125,0.10989011,1,0.42361111
cross_region,qwen3.8-27b,V,aiops2022,100,0.31833333,0.37,0.30208333,0.086956522,1,0.47833333
cross_region,qwen3.8-27b,V,aiops2025,93,0.30645161,0.39784946,0.20689655,0.225,1,0.44265233
cross_region,qwen3.8-27b,V,re2_ob,90,0.28518519,0.36666667,0.28888889,0.2,1,0.4537037
cross_region,qwen3.8-27b,V,re2_tt,90,0.22222222,0.28888889,0.2247191,0.13636364,1,0.49074074
legacy_q9,gemma-4-26b-a4b,H,aegislab,96,0.88078704,0.88078704,,,1,0.88078704
legacy_q9,gemma-4-26b-a4b,H,aiops2022,100,0.89333333,0.89333333,,,1,0.89333333
legacy_q9,gemma-4-26b-a4b,H,aiops2025,93,0.97849462,0.97849462,,,1,0.97849462
legacy_q9,gemma-4-26b-a4b,H,re2_ob,90,0.89135802,0.89135802,,,1,0.89135802
legacy_q9,gemma-4-26b-a4b,H,re2_tt,90,0.88148148,0.88148148,,,1,0.88148148
legacy_q9,gemma-4-26b-a4b,P,aegislab,96,0.76041667,0.76041667,,,1,0.76041667
legacy_q9,gemma-4-26b-a4b,P,aiops2022,100,0.77222222,0.77222222,,,1,0.77222222
legacy_q9,gemma-4-26b-a4b,P,aiops2025,93,0.83751493,0.83751493,,,1,0.83751493
legacy_q9,gemma-4-26b-a4b,P,re2_ob,90,0.69135802,0.69135802,,,1,0.69135802
legacy_q9,gemma-4-26b-a4b,P,re2_tt,90,0.74814815,0.74814815,,,1,0.74814815
legacy_q9,gemma-4-26b-a4b,T,aegislab,96,0.90625,0.90625,,,1,0.90625
legacy_q9,gemma-4-26b-a4b,T,aiops2022,100,0.91333333,0.91333333,,,1,0.91333333
legacy_q9,gemma-4-26b-a4b,T,aiops2025,93,0.98566308,0.98566308,,,1,0.98566308
legacy_q9,gemma-4-26b-a4b,T,re2_ob,90,0.9345679,0.9345679,,,1,0.9345679
legacy_q9,gemma-4-26b-a4b,T,re2_tt,90,0.9308642,0.9308642,,,1,0.9308642
legacy_q9,gemma-4-26b-a4b,V,aegislab,96,0.6724537,0.6724537,,,1,0.6724537
legacy_q9,gemma-4-26b-a4b,V,aiops2022,100,0.74222222,0.74222222,,,1,0.74222222
legacy_q9,gemma-4-26b-a4b,V,aiops2025,93,0.81003584,0.81003584,,,1,0.81003584
legacy_q9,gemma-4-26b-a4b,V,re2_ob,90,0.72839506,0.72839506,,,1,0.72839506
legacy_q9,gemma-4-26b-a4b,V,re2_tt,90,0.64444444,0.64444444,,,1,0.64444444
legacy_q9,qwen3.6-27b,H,aegislab,96,0.89699074,0.89699074,,,1,0.89699074
legacy_q9,qwen3.6-27b,H,aiops2022,100,0.90666667,0.90666667,,,1,0.90666667
legacy_q9,qwen3.6-27b,H,aiops2025,93,0.97968937,0.97968937,,,1,0.97968937
legacy_q9,qwen3.6-27b,H,re2_ob,90,0.89876543,0.89876543,,,1,0.89876543
legacy_q9,qwen3.6-27b,H,re2_tt,90,0.91481481,0.91481481,,,1,0.91481481
legacy_q9,qwen3.6-27b,P,aegislab,96,0.86226852,0.86226852,,,1,0.86226852
legacy_q9,qwen3.6-27b,P,aiops2022,100,0.86222222,0.86222222,,,1,0.86222222
legacy_q9,qwen3.6-27b,P,aiops2025,93,0.95818399,0.95818399,,,1,0.95818399
legacy_q9,qwen3.6-27b,P,re2_ob,90,0.84938272,0.84938272,,,1,0.84938272
legacy_q9,qwen3.6-27b,P,re2_tt,90,0.88395062,0.88395062,,,1,0.88395062
legacy_q9,qwen3.6-27b,T,aegislab,96,0.89467593,0.89467593,,,1,0.89467593
legacy_q9,qwen3.6-27b,T,aiops2022,100,0.90111111,0.90111111,,,1,0.90111111
legacy_q9,qwen3.6-27b,T,aiops2025,93,0.98088411,0.98088411,,,1,0.98088411
legacy_q9,qwen3.6-27b,T,re2_ob,90,0.88888889,0.88888889,,,1,0.88888889
legacy_q9,qwen3.6-27b,T,re2_tt,90,0.91975309,0.91975309,,,1,0.91975309
legacy_q9,qwen3.6-27b,V,aegislab,96,0.82060185,0.82060185,,,1,0.82060185
legacy_q9,qwen3.6-27b,V,aiops2022,100,0.88,0.88,,,1,0.88
legacy_q9,qwen3.6-27b,V,aiops2025,93,0.91397849,0.91397849,,,1,0.91397849
legacy_q9,qwen3.6-27b,V,re2_ob,90,0.8345679,0.8345679,,,1,0.8345679
legacy_q9,qwen3.6-27b,V,re2_tt,90,0.83580247,0.83580247,,,1,0.83580247
legacy_q9,qwen3.8-27b,H,aegislab,96,0.88541667,0.88541667,,,1,0.88541667
legacy_q9,qwen3.8-27b,H,aiops2022,100,0.89666667,0.89666667,,,1,0.89666667
legacy_q9,qwen3.8-27b,H,aiops2025,93,0.89725209,0.89725209,,,1,0.89725209
legacy_q9,qwen3.8-27b,H,re2_ob,90,0.89012346,0.89012346,,,1,0.89012346
legacy_q9,qwen3.8-27b,H,re2_tt,90,0.90246914,0.90246914,,,1,0.90246914
legacy_q9,qwen3.8-27b,P,aegislab,96,0.84143519,0.84143519,,,1,0.84143519
legacy_q9,qwen3.8-27b,P,aiops2022,100,0.85666667,0.85666667,,,1,0.85666667
legacy_q9,qwen3.8-27b,P,aiops2025,93,0.87096774,0.87096774,,,1,0.87096774
legacy_q9,qwen3.8-27b,P,re2_ob,90,0.84814815,0.84814815,,,1,0.84814815
legacy_q9,qwen3.8-27b,P,re2_tt,90,0.87654321,0.87654321,,,1,0.87654321
legacy_q9,qwen3.8-27b,T,aegislab,96,0.8912037,0.8912037,,,1,0.8912037
legacy_q9,qwen3.8-27b,T,aiops2022,100,0.89666667,0.89666667,,,1,0.89666667
legacy_q9,qwen3.8-27b,T,aiops2025,93,0.90322581,0.90322581,,,1,0.90322581
legacy_q9,qwen3.8-27b,T,re2_ob,90,0.88888889,0.88888889,,,1,0.88888889
legacy_q9,qwen3.8-27b,T,re2_tt,90,0.90740741,0.90740741,,,1,0.90740741
legacy_q9,qwen3.8-27b,V,aegislab,96,0.78587963,0.78587963,,,1,0.78587963
legacy_q9,qwen3.8-27b,V,aiops2022,100,0.83777778,0.83777778,,,1,0.83777778
legacy_q9,qwen3.8-27b,V,aiops2025,93,0.83990442,0.83990442,,,1,0.83990442
legacy_q9,qwen3.8-27b,V,re2_ob,90,0.84074074,0.84074074,,,1,0.84074074
legacy_q9,qwen3.8-27b,V,re2_tt,90,0.82962963,0.82962963,,,1,0.82962963
typed_two_stage,gemma-4-26b-a4b,H,aegislab,96,0.44965278,0.83333333,0.23157895,0.21794872,1,0.546875
typed_two_stage,gemma-4-26b-a4b,H,aiops2022,100,0.595,0.76,0.52631579,0.047619048,1,0.64333333
typed_two_stage,gemma-4-26b-a4b,H,aiops2025,93,0.58781362,0.75268817,0.5443038,0.35,1,0.63799283
typed_two_stage,gemma-4-26b-a4b,H,re2_ob,90,0.42592593,0.68888889,0.43333333,0.15555556,1,0.5
typed_two_stage,gemma-4-26b-a4b,H,re2_tt,90,0.56296296,0.85555556,0.47727273,0.32954545,1,0.66111111
typed_two_stage,gemma-4-26b-a4b,Mt-Rt-Lt-Gt,aegislab,96,0.47743056,0.9375,0.26315789,0.15384615,1,0.47048611
typed_two_stage,gemma-4-26b-a4b,Mt-Rt-Lt-Gt,aiops2022,100,0.60333333,0.85,0.41052632,0.14285714,1,0.625
typed_two_stage,gemma-4-26b-a4b,Mt-Rt-Lt-Gt,aiops2025,93,0.64336918,0.87096774,0.53164557,0.275,0.98924731,0.65949821
typed_two_stage,gemma-4-26b-a4b,Mt-Rt-Lt-Gt,re2_ob,90,0.43703704,0.81111111,0.37777778,0.12222222,1,0.44074074
typed_two_stage,gemma-4-26b-a4b,Mt-Rt-Lt-Gt,re2_tt,90,0.54444444,0.93333333,0.44318182,0.22727273,1,0.58518519
typed_two_stage,gemma-4-26b-a4b,Mt-Rt-Lt-Gv,aegislab,96,0.48263889,0.91666667,0.25263158,0.21794872,1,0.56597222
typed_two_stage,gemma-4-26b-a4b,Mt-Rt-Lt-Gv,aiops2022,100,0.58166667,0.86,0.36842105,0.047619048,1,0.585
typed_two_stage,gemma-4-26b-a4b,Mt-Rt-Lt-Gv,aiops2025,93,0.70250896,0.91397849,0.64556962,0.325,1,0.72222222
typed_two_stage,gemma-4-26b-a4b,Mt-Rt-Lt-Gv,re2_ob,90,0.45555556,0.83333333,0.36666667,0.16666667,1,0.50185185
typed_two_stage,gemma-4-26b-a4b,Mt-Rt-Lt-Gv,re2_tt,90,0.54444444,0.93333333,0.46590909,0.20454545,1,0.61481481
typed_two_stage,gemma-4-26b-a4b,Mt-Rt-Lv-Gt,aegislab,96,0.41493056,0.76041667,0.21052632,0.21794872,1,0.49826389
typed_two_stage,gemma-4-26b-a4b,Mt-Rt-Lv-Gt,aiops2022,100,0.525,0.6,0.51578947,0,1,0.62
typed_two_stage,gemma-4-26b-a4b,Mt-Rt-Lv-Gt,aiops2025,93,0.48207885,0.70967742,0.3164557,0.3,1,0.55376344
typed_two_stage,gemma-4-26b-a4b,Mt-Rt-Lv-Gt,re2_ob,90,0.34444444,0.67777778,0.21111111,0.14444444,1,0.43703704
typed_two_stage,gemma-4-26b-a4b,Mt-Rt-Lv-Gt,re2_tt,90,0.51111111,0.9,0.38636364,0.21590909,1,0.57962963
typed_two_stage,gemma-4-26b-a4b,Mt-Rt-Lv-Gv,aegislab,96,0.39930556,0.71875,0.24210526,0.17948718,1,0.53298611
typed_two_stage,gemma-4-26b-a4b,Mt-Rt-Lv-Gv,aiops2022,100,0.565,0.68,0.51578947,0.095238095,1,0.65
typed_two_stage,gemma-4-26b-a4b,Mt-Rt-Lv-Gv,aiops2025,93,0.51612903,0.74193548,0.34177215,0.325,1,0.60752688
typed_two_stage,gemma-4-26b-a4b,Mt-Rt-Lv-Gv,re2_ob,90,0.34444444,0.66666667,0.24444444,0.12222222,1,0.47037037
typed_two_stage,gemma-4-26b-a4b,Mt-Rt-Lv-Gv,re2_tt,90,0.48148148,0.85555556,0.375,0.18181818,1,0.59259259
typed_two_stage,gemma-4-26b-a4b,Mt-Rv-Lt-Gt,aegislab,96,0.36805556,0.80208333,0.084210526,0.17948718,1,0.51388889
typed_two_stage,gemma-4-26b-a4b,Mt-Rv-Lt-Gt,aiops2022,100,0.375,0.61,0.16842105,0.095238095,1,0.47666667
typed_two_stage,gemma-4-26b-a4b,Mt-Rv-Lt-Gt,aiops2025,93,0.53046595,0.76344086,0.40506329,0.075,1,0.65232975
typed_two_stage,gemma-4-26b-a4b,Mt-Rv-Lt-Gt,re2_ob,90,0.37037037,0.7,0.24444444,0.16666667,1,0.49259259
typed_two_stage,gemma-4-26b-a4b,Mt-Rv-Lt-Gt,re2_tt,90,0.37777778,0.76666667,0.17045455,0.18181818,1,0.56481481
typed_two_stage,gemma-4-26b-a4b,Mt-Rv-Lt-Gv,aegislab,96,0.35763889,0.79166667,0.042105263,0.19230769,1,0.54861111
typed_two_stage,gemma-4-26b-a4b,Mt-Rv-Lt-Gv,aiops2022,100,0.38,0.63,0.15789474,0.095238095,1,0.47666667
typed_two_stage,gemma-4-26b-a4b,Mt-Rv-Lt-Gv,aiops2025,93,0.53225806,0.75268817,0.39240506,0.075,1,0.66845878
typed_two_stage,gemma-4-26b-a4b,Mt-Rv-Lt-Gv,re2_ob,90,0.36296296,0.66666667,0.25555556,0.16666667,1,0.51296296
typed_two_stage,gemma-4-26b-a4b,Mt-Rv-Lt-Gv,re2_tt,90,0.36296296,0.74444444,0.13636364,0.19318182,1,0.56481481
typed_two_stage,gemma-4-26b-a4b,Mt-Rv-Lv-Gt,aegislab,96,0.24652778,0.55208333,0.031578947,0.14102564,1,0.47569444
typed_two_stage,gemma-4-26b-a4b,Mt-Rv-Lv-Gt,aiops2022,100,0.205,0.38,0.031578947,0,1,0.42333333
typed_two_stage,gemma-4-26b-a4b,Mt-Rv-Lv-Gt,aiops2025,93,0.28494624,0.50537634,0.050632911,0.1,1,0.51075269
typed_two_stage,gemma-4-26b-a4b,Mt-Rv-Lv-Gt,re2_ob,90,0.2,0.48888889,0.022222222,0.088888889,1,0.42222222
typed_two_stage,gemma-4-26b-a4b,Mt-Rv-Lv-Gt,re2_tt,90,0.27407407,0.6,0.034090909,0.14772727,1,0.50555556
typed_two_stage,gemma-4-26b-a4b,Mt-Rv-Lv-Gv,aegislab,96,0.23958333,0.55208333,0.031578947,0.1025641,1,0.47569444
typed_two_stage,gemma-4-26b-a4b,Mt-Rv-Lv-Gv,aiops2022,100,0.23666667,0.44,0.042105263,0.047619048,1,0.42833333
typed_two_stage,gemma-4-26b-a4b,Mt-Rv-Lv-Gv,aiops2025,93,0.30286738,0.52688172,0.050632911,0.075,1,0.51792115
typed_two_stage,gemma-4-26b-a4b,Mt-Rv-Lv-Gv,re2_ob,90,0.2,0.48888889,0.022222222,0.088888889,1,0.44444444
typed_two_stage,gemma-4-26b-a4b,Mt-Rv-Lv-Gv,re2_tt,90,0.25555556,0.57777778,0.056818182,0.11363636,1,0.50740741
typed_two_stage,gemma-4-26b-a4b,Mv-Rt-Lt-Gt,aegislab,96,0.42534722,0.84375,0.22105263,0.12820513,1,0.45659722
typed_two_stage,gemma-4-26b-a4b,Mv-Rt-Lt-Gt,aiops2022,100,0.50833333,0.7,0.36842105,0.047619048,1,0.53333333
typed_two_stage,gemma-4-26b-a4b,Mv-Rt-Lt-Gt,aiops2025,93,0.55376344,0.74193548,0.50632911,0.225,1,0.58602151
typed_two_stage,gemma-4-26b-a4b,Mv-Rt-Lt-Gt,re2_ob,90,0.38518519,0.68888889,0.36666667,0.1,0.98888889,0.43333333
typed_two_stage,gemma-4-26b-a4b,Mv-Rt-Lt-Gt,re2_tt,90,0.45925926,0.76666667,0.42045455,0.15909091,1,0.53148148
typed_two_stage,gemma-4-26b-a4b,Mv-Rt-Lt-Gv,aegislab,96,0.42534722,0.88541667,0.21052632,0.1025641,1,0.47569444
typed_two_stage,gemma-4-26b-a4b,Mv-Rt-Lt-Gv,aiops2022,100,0.54,0.82,0.33684211,0,1,0.55666667
typed_two_stage,gemma-4-26b-a4b,Mv-Rt-Lt-Gv,aiops2025,93,0.58781362,0.80645161,0.53164557,0.175,1,0.61111111
typed_two_stage,gemma-4-26b-a4b,Mv-Rt-Lt-Gv,re2_ob,90,0.4,0.73333333,0.37777778,0.088888889,1,0.46851852
typed_two_stage,gemma-4-26b-a4b,Mv-Rt-Lt-Gv,re2_tt,90,0.54074074,0.94444444,0.46590909,0.18181818,1,0.60925926
typed_two_stage,gemma-4-26b-a4b,Mv-Rt-Lv-Gt,aegislab,96,0.29340278,0.53125,0.16842105,0.1025641,1,0.41493056
typed_two_stage,gemma-4-26b-a4b,Mv-Rt-Lv-Gt,aiops2022,100,0.42833333,0.45,0.45263158,0.095238095,1,0.545
typed_two_stage,gemma-4-26b-a4b,Mv-Rt-Lv-Gt,aiops2025,93,0.3297491,0.48387097,0.24050633,0.275,1,0.41577061
typed_two_stage,gemma-4-26b-a4b,Mv-Rt-Lv-Gt,re2_ob,90,0.23333333,0.43333333,0.2,0.066666667,1,0.4
typed_two_stage,gemma-4-26b-a4b,Mv-Rt-Lv-Gt,re2_tt,90,0.34444444,0.53333333,0.30681818,0.15909091,1,0.47592593
typed_two_stage,gemma-4-26b-a4b,Mv-Rt-Lv-Gv,aegislab,96,0.33506944,0.59375,0.22105263,0.11538462,1,0.46875
typed_two_stage,gemma-4-26b-a4b,Mv-Rt-Lv-Gv,aiops2022,100,0.53,0.64,0.47368421,0.047619048,1,0.61166667
typed_two_stage,gemma-4-26b-a4b,Mv-Rt-Lv-Gv,aiops2025,93,0.40681004,0.60215054,0.29113924,0.175,1,0.47849462
typed_two_stage,gemma-4-26b-a4b,Mv-Rt-Lv-Gv,re2_ob,90,0.3037037,0.56666667,0.23333333,0.11111111,1,0.42777778
typed_two_stage,gemma-4-26b-a4b,Mv-Rt-Lv-Gv,re2_tt,90,0.3962963,0.66666667,0.35227273,0.13636364,1,0.53703704
typed_two_stage,gemma-4-26b-a4b,Mv-Rv-Lt-Gt,aegislab,96,0.26388889,0.60416667,0.073684211,0.076923077,1,0.45138889
typed_two_stage,gemma-4-26b-a4b,Mv-Rv-Lt-Gt,aiops2022,100,0.33333333,0.54,0.15789474,0.047619048,1,0.44333333
typed_two_stage,gemma-4-26b-a4b,Mv-Rv-Lt-Gt,aiops2025,93,0.41218638,0.55913978,0.32911392,0.075,1,0.54301075
typed_two_stage,gemma-4-26b-a4b,Mv-Rv-Lt-Gt,re2_ob,90,0.28888889,0.52222222,0.24444444,0.1,1,0.45925926
typed_two_stage,gemma-4-26b-a4b,Mv-Rv-Lt-Gt,re2_tt,90,0.3037037,0.57777778,0.18181818,0.13636364,1,0.51296296
typed_two_stage,gemma-4-26b-a4b,Mv-Rv-Lt-Gv,aegislab,96,0.28645833,0.6875,0.063157895,0.064102564,1,0.48263889
typed_two_stage,gemma-4-26b-a4b,Mv-Rv-Lt-Gv,aiops2022,100,0.355,0.59,0.15789474,0.047619048,1,0.43666667
typed_two_stage,gemma-4-26b-a4b,Mv-Rv-Lt-Gv,aiops2025,93,0.43727599,0.62365591,0.3164557,0.075,1,0.55555556
typed_two_stage,gemma-4-26b-a4b,Mv-Rv-Lt-Gv,re2_ob,90,0.3,0.56666667,0.26666667,0.066666667,1,0.46481481
typed_two_stage,gemma-4-26b-a4b,Mv-Rv-Lt-Gv,re2_tt,90,0.33703704,0.71111111,0.15909091,0.125,1,0.54074074
typed_two_stage,gemma-4-26b-a4b,Mv-Rv-Lv-Gt,aegislab,96,0.13715278,0.35416667,0,0.012820513,1,0.35243056
typed_two_stage,gemma-4-26b-a4b,Mv-Rv-Lv-Gt,aiops2022,100,0.17333333,0.33,0.021052632,0,1,0.37666667
typed_two_stage,gemma-4-26b-a4b,Mv-Rv-Lv-Gt,aiops2025,93,0.21505376,0.37634409,0.050632911,0.075,1,0.40860215
typed_two_stage,gemma-4-26b-a4b,Mv-Rv-Lv-Gt,re2_ob,90,0.15555556,0.4,0.033333333,0.033333333,1,0.38148148
typed_two_stage,gemma-4-26b-a4b,Mv-Rv-Lv-Gt,re2_tt,90,0.18148148,0.43333333,0.034090909,0.056818182,1,0.44444444
typed_two_stage,gemma-4-26b-a4b,Mv-Rv-Lv-Gv,aegislab,96,0.16493056,0.40625,0.010526316,0.038461538,1,0.41319444
typed_two_stage,gemma-4-26b-a4b,Mv-Rv-Lv-Gv,aiops2022,100,0.22166667,0.41,0.042105263,0,1,0.42333333
typed_two_stage,gemma-4-26b-a4b,Mv-Rv-Lv-Gv,aiops2025,93,0.25268817,0.44086022,0.050632911,0.05,1,0.43189964
typed_two_stage,gemma-4-26b-a4b,Mv-Rv-Lv-Gv,re2_ob,90,0.15555556,0.44444444,0.011111111,0.011111111,1,0.41111111
typed_two_stage,gemma-4-26b-a4b,Mv-Rv-Lv-Gv,re2_tt,90,0.16666667,0.4,0.022727273,0.056818182,1,0.42777778
typed_two_stage,gemma-4-26b-a4b,P,aegislab,96,0.32118056,0.77083333,0.073684211,0.025641026,1,0.29340278
typed_two_stage,gemma-4-26b-a4b,P,aiops2022,100,0.46,0.73,0.23157895,0.047619048,1,0.45
typed_two_stage,gemma-4-26b-a4b,P,aiops2025,93,0.39426523,0.65591398,0.2278481,0.025,1,0.42114695
typed_two_stage,gemma-4-26b-a4b,P,re2_ob,90,0.32592593,0.72222222,0.16666667,0.088888889,0.98888889,0.33703704
typed_two_stage,gemma-4-26b-a4b,P,re2_tt,90,0.34074074,0.74444444,0.17045455,0.090909091,1,0.37592593
typed_two_stage,gemma-4-26b-a4b,V,aegislab,96,0.17534722,0.36458333,0.042105263,0.08974359,1,0.37847222
typed_two_stage,gemma-4-26b-a4b,V,aiops2022,100,0.27666667,0.38,0.18947368,0.047619048,1,0.45333333
typed_two_stage,gemma-4-26b-a4b,V,aiops2025,93,0.27956989,0.39784946,0.18987342,0.05,1,0.4390681
typed_two_stage,gemma-4-26b-a4b,V,re2_ob,90,0.22222222,0.41111111,0.16666667,0.088888889,1,0.42962963
typed_two_stage,gemma-4-26b-a4b,V,re2_tt,90,0.16666667,0.36666667,0.056818182,0.034090909,1,0.37777778
typed_two_stage,qwen3.6-27b,H,aegislab,96,0.40798611,0.66666667,0.2,0.32894737,1,0.54513889
typed_two_stage,qwen3.6-27b,H,aiops2022,100,0.52,0.62,0.48958333,0,1,0.56833333
typed_two_stage,qwen3.6-27b,H,aiops2025,93,0.53225806,0.69892473,0.51282051,0.20454545,1,0.63799283
typed_two_stage,qwen3.6-27b,H,re2_ob,90,0.35555556,0.64444444,0.25555556,0.16666667,1,0.46851852
typed_two_stage,qwen3.6-27b,H,re2_tt,90,0.37222222,0.61111111,0.28089888,0.22727273,1,0.49444444
typed_two_stage,qwen3.6-27b,Mt-Rt-Lt-Gt,aegislab,96,0.36805556,0.65625,0.17894737,0.21052632,1,0.46527778
typed_two_stage,qwen3.6-27b,Mt-Rt-Lt-Gt,aiops2022,100,0.41833333,0.6,0.27083333,0.055555556,1,0.445
typed_two_stage,qwen3.6-27b,Mt-Rt-Lt-Gt,aiops2025,93,0.48566308,0.69892473,0.35897436,0.22727273,1,0.5734767
typed_two_stage,qwen3.6-27b,Mt-Rt-Lt-Gt,re2_ob,90,0.31851852,0.63333333,0.21111111,0.11111111,1,0.40185185
typed_two_stage,qwen3.6-27b,Mt-Rt-Lt-Gt,re2_tt,90,0.31851852,0.6,0.2247191,0.13636364,1,0.41111111
typed_two_stage,qwen3.6-27b,Mt-Rt-Lt-Gv,aegislab,96,0.36458333,0.64583333,0.17894737,0.22368421,1,0.47743056
typed_two_stage,qwen3.6-27b,Mt-Rt-Lt-Gv,aiops2022,100,0.425,0.57,0.32291667,0,1,0.45166667
typed_two_stage,qwen3.6-27b,Mt-Rt-Lt-Gv,aiops2025,93,0.48924731,0.69892473,0.41025641,0.15909091,1,0.5609319
typed_two_stage,qwen3.6-27b,Mt-Rt-Lt-Gv,re2_ob,90,0.34444444,0.65555556,0.24444444,0.13333333,1,0.44259259
typed_two_stage,qwen3.6-27b,Mt-Rt-Lt-Gv,re2_tt,90,0.35555556,0.57777778,0.26966292,0.22727273,1,0.4462963
typed_two_stage,qwen3.6-27b,Mt-Rt-Lv-Gt,aegislab,96,0.375,0.64583333,0.17894737,0.26315789,1,0.49305556
typed_two_stage,qwen3.6-27b,Mt-Rt-Lv-Gt,aiops2022,100,0.515,0.62,0.46875,0,1,0.59166667
typed_two_stage,qwen3.6-27b,Mt-Rt-Lv-Gt,aiops2025,93,0.46953405,0.69892473,0.34615385,0.15909091,1,0.57168459
typed_two_stage,qwen3.6-27b,Mt-Rt-Lv-Gt,re2_ob,90,0.32962963,0.65555556,0.18888889,0.14444444,1,0.42962963
typed_two_stage,qwen3.6-27b,Mt-Rt-Lv-Gt,re2_tt,90,0.32222222,0.57777778,0.2247191,0.17045455,1,0.46481481
typed_two_stage,qwen3.6-27b,Mt-Rt-Lv-Gv,aegislab,96,0.34722222,0.625,0.15789474,0.21052632,1,0.46875
typed_two_stage,qwen3.6-27b,Mt-Rt-Lv-Gv,aiops2022,100,0.495,0.59,0.45833333,0,1,0.56166667
typed_two_stage,qwen3.6-27b,Mt-Rt-Lv-Gv,aiops2025,93,0.46953405,0.69892473,0.33333333,0.18181818,1,0.56272401
typed_two_stage,qwen3.6-27b,Mt-Rt-Lv-Gv,re2_ob,90,0.31481481,0.64444444,0.17777778,0.12222222,1,0.41666667
typed_two_stage,qwen3.6-27b,Mt-Rt-Lv-Gv,re2_tt,90,0.34814815,0.58888889,0.24719101,0.21590909,1,0.50555556
typed_two_stage,qwen3.6-27b,Mt-Rv-Lt-Gt,aegislab,96,0.30729167,0.57291667,0.10526316,0.21052632,1,0.49479167
typed_two_stage,qwen3.6-27b,Mt-Rv-Lt-Gt,aiops2022,100,0.37666667,0.57,0.21875,0,1,0.44
typed_two_stage,qwen3.6-27b,Mt-Rv-Lt-Gt,aiops2025,93,0.37634409,0.60215054,0.17948718,0.18181818,1,0.49283154
typed_two_stage,qwen3.6-27b,Mt-Rv-Lt-Gt,re2_ob,90,0.24444444,0.5,0.15555556,0.077777778,1,0.4037037
typed_two_stage,qwen3.6-27b,Mt-Rv-Lt-Gt,re2_tt,90,0.23333333,0.51111111,0.078651685,0.11363636,1,0.4037037
typed_two_stage,qwen3.6-27b,Mt-Rv-Lt-Gv,aegislab,96,0.27256944,0.53125,0.094736842,0.19736842,1,0.44270833
typed_two_stage,qwen3.6-27b,Mt-Rv-Lt-Gv,aiops2022,100,0.35,0.52,0.21875,0,1,0.42166667
typed_two_stage,qwen3.6-27b,Mt-Rv-Lt-Gv,aiops2025,93,0.34946237,0.60215054,0.17948718,0.068181818,1,0.45878136
typed_two_stage,qwen3.6-27b,Mt-Rv-Lt-Gv,re2_ob,90,0.23703704,0.46666667,0.15555556,0.088888889,1,0.37777778
typed_two_stage,qwen3.6-27b,Mt-Rv-Lt-Gv,re2_tt,90,0.24444444,0.47777778,0.14606742,0.11363636,1,0.39444444
typed_two_stage,qwen3.6-27b,Mt-Rv-Lv-Gt,aegislab,96,0.296875,0.57291667,0.11578947,0.18421053,1,0.50694444
typed_two_stage,qwen3.6-27b,Mt-Rv-Lv-Gt,aiops2022,100,0.335,0.52,0.17708333,0,1,0.43666667
typed_two_stage,qwen3.6-27b,Mt-Rv-Lv-Gt,aiops2025,93,0.32078853,0.56989247,0.11538462,0.090909091,1,0.44982079
typed_two_stage,qwen3.6-27b,Mt-Rv-Lv-Gt,re2_ob,90,0.23333333,0.47777778,0.11111111,0.11111111,1,0.41666667
typed_two_stage,qwen3.6-27b,Mt-Rv-Lv-Gt,re2_tt,90,0.23518519,0.51111111,0.078651685,0.11363636,1,0.47962963
typed_two_stage,qwen3.6-27b,Mt-Rv-Lv-Gv,aegislab,96,0.27604167,0.57291667,0.094736842,0.13157895,1,0.45486111
typed_two_stage,qwen3.6-27b,Mt-Rv-Lv-Gv,aiops2022,100,0.34,0.47,0.25,0.055555556,1,0.445
typed_two_stage,qwen3.6-27b,Mt-Rv-Lv-Gv,aiops2025,93,0.36200717,0.61290323,0.20512821,0.068181818,1,0.48924731
typed_two_stage,qwen3.6-27b,Mt-Rv-Lv-Gv,re2_ob,90,0.24814815,0.48888889,0.16666667,0.088888889,1,0.4
typed_two_stage,qwen3.6-27b,Mt-Rv-Lv-Gv,re2_tt,90,0.31296296,0.54444444,0.20224719,0.19318182,1,0.51296296
typed_two_stage,qwen3.6-27b,Mv-Rt-Lt-Gt,aegislab,96,0.38368056,0.67708333,0.21052632,0.21052632,1,0.484375
typed_two_stage,qwen3.6-27b,Mv-Rt-Lt-Gt,aiops2022,100,0.44666667,0.63,0.3125,0,1,0.465
typed_two_stage,qwen3.6-27b,Mv-Rt-Lt-Gt,aiops2025,93,0.54121864,0.7311828,0.5,0.11363636,1,0.62365591
typed_two_stage,qwen3.6-27b,Mv-Rt-Lt-Gt,re2_ob,90,0.39259259,0.7,0.27777778,0.2,1,0.47962963
typed_two_stage,qwen3.6-27b,Mv-Rt-Lt-Gt,re2_tt,90,0.36111111,0.62222222,0.26966292,0.19318182,1,0.4462963
typed_two_stage,qwen3.6-27b,Mv-Rt-Lt-Gv,aegislab,96,0.38020833,0.6875,0.2,0.19736842,1,0.48784722
typed_two_stage,qwen3.6-27b,Mv-Rt-Lt-Gv,aiops2022,100,0.46166667,0.61,0.36458333,0.055555556,1,0.49333333
typed_two_stage,qwen3.6-27b,Mv-Rt-Lt-Gv,aiops2025,93,0.54301075,0.72043011,0.5,0.20454545,1,0.62544803
typed_two_stage,qwen3.6-27b,Mv-Rt-Lt-Gv,re2_ob,90,0.34074074,0.66666667,0.22222222,0.13333333,1,0.44074074
typed_two_stage,qwen3.6-27b,Mv-Rt-Lt-Gv,re2_tt,90,0.36481481,0.62222222,0.28089888,0.19318182,1,0.45740741
typed_two_stage,qwen3.6-27b,Mv-Rt-Lv-Gt,aegislab,96,0.40277778,0.6875,0.22105263,0.25,1,0.51388889
typed_two_stage,qwen3.6-27b,Mv-Rt-Lv-Gt,aiops2022,100,0.54,0.65,0.5,0,1,0.61
typed_two_stage,qwen3.6-27b,Mv-Rt-Lv-Gt,aiops2025,93,0.52329749,0.7311828,0.42307692,0.20454545,1,0.61648746
typed_two_stage,qwen3.6-27b,Mv-Rt-Lv-Gt,re2_ob,90,0.35925926,0.68888889,0.22222222,0.16666667,1,0.47777778
typed_two_stage,qwen3.6-27b,Mv-Rt-Lv-Gt,re2_tt,90,0.35740741,0.62222222,0.24719101,0.20454545,1,0.49259259
typed_two_stage,qwen3.6-27b,Mv-Rt-Lv-Gv,aegislab,96,0.390625,0.67708333,0.21052632,0.23684211,1,0.49305556
typed_two_stage,qwen3.6-27b,Mv-Rt-Lv-Gv,aiops2022,100,0.53,0.63,0.5,0,1,0.59833333
typed_two_stage,qwen3.6-27b,Mv-Rt-Lv-Gv,aiops2025,93,0.5125448,0.72043011,0.41025641,0.20454545,1,0.61648746
typed_two_stage,qwen3.6-27b,Mv-Rt-Lv-Gv,re2_ob,90,0.35185185,0.7,0.21111111,0.14444444,1,0.44444444
typed_two_stage,qwen3.6-27b,Mv-Rt-Lv-Gv,re2_tt,90,0.36481481,0.63333333,0.28089888,0.18181818,1,0.51111111
typed_two_stage,qwen3.6-27b,Mv-Rv-Lt-Gt,aegislab,96,0.27083333,0.53125,0.094736842,0.18421053,1,0.48090278
typed_two_stage,qwen3.6-27b,Mv-Rv-Lt-Gt,aiops2022,100,0.38166667,0.56,0.22916667,0.11111111,1,0.46666667
typed_two_stage,qwen3.6-27b,Mv-Rv-Lt-Gt,aiops2025,93,0.41218638,0.60215054,0.26923077,0.13636364,1,0.5609319
typed_two_stage,qwen3.6-27b,Mv-Rv-Lt-Gt,re2_ob,90,0.24074074,0.46666667,0.14444444,0.11111111,1,0.43888889
typed_two_stage,qwen3.6-27b,Mv-Rv-Lt-Gt,re2_tt,90,0.23148148,0.51111111,0.1011236,0.079545455,1,0.41851852
typed_two_stage,qwen3.6-27b,Mv-Rv-Lt-Gv,aegislab,96,0.33680556,0.61458333,0.16842105,0.19736842,1,0.50173611
typed_two_stage,qwen3.6-27b,Mv-Rv-Lt-Gv,aiops2022,100,0.36333333,0.53,0.23958333,0.055555556,1,0.45166667
typed_two_stage,qwen3.6-27b,Mv-Rv-Lt-Gv,aiops2025,93,0.43010753,0.59139785,0.38461538,0.13636364,1,0.56272401
typed_two_stage,qwen3.6-27b,Mv-Rv-Lt-Gv,re2_ob,90,0.26666667,0.48888889,0.17777778,0.13333333,1,0.42407407
typed_two_stage,qwen3.6-27b,Mv-Rv-Lt-Gv,re2_tt,90,0.30925926,0.53333333,0.23595506,0.15909091,1,0.46111111
typed_two_stage,qwen3.6-27b,Mv-Rv-Lv-Gt,aegislab,96,0.34201389,0.63541667,0.13684211,0.21052632,1,0.53125
typed_two_stage,qwen3.6-27b,Mv-Rv-Lv-Gt,aiops2022,100,0.405,0.55,0.29166667,0,1,0.50833333
typed_two_stage,qwen3.6-27b,Mv-Rv-Lv-Gt,aiops2025,93,0.44265233,0.67741935,0.32051282,0.13636364,1,0.56630824
typed_two_stage,qwen3.6-27b,Mv-Rv-Lv-Gt,re2_ob,90,0.23333333,0.48888889,0.11111111,0.1,1,0.44074074
typed_two_stage,qwen3.6-27b,Mv-Rv-Lv-Gt,re2_tt,90,0.26111111,0.55555556,0.1011236,0.125,1,0.48518519
typed_two_stage,qwen3.6-27b,Mv-Rv-Lv-Gv,aegislab,96,0.38194444,0.6875,0.17894737,0.22368421,1,0.54340278
typed_two_stage,qwen3.6-27b,Mv-Rv-Lv-Gv,aiops2022,100,0.40833333,0.53,0.33333333,0.055555556,1,0.525
typed_two_stage,qwen3.6-27b,Mv-Rv-Lv-Gv,aiops2025,93,0.45878136,0.62365591,0.41025641,0.15909091,1,0.58422939
typed_two_stage,qwen3.6-27b,Mv-Rv-Lv-Gv,re2_ob,90,0.26296296,0.51111111,0.15555556,0.12222222,1,0.43703704
typed_two_stage,qwen3.6-27b,Mv-Rv-Lv-Gv,re2_tt,90,0.31666667,0.57777778,0.23595506,0.13636364,1,0.51296296
typed_two_stage,qwen3.6-27b,P,aegislab,96,0.35069444,0.65625,0.17894737,0.15789474,1,0.41493056
typed_two_stage,qwen3.6-27b,P,aiops2022,100,0.35666667,0.51,0.23958333,0,1,0.39666667
typed_two_stage,qwen3.6-27b,P,aiops2025,93,0.39247312,0.55913978,0.3974359,0.022727273,1,0.47311828
typed_two_stage,qwen3.6-27b,P,re2_ob,90,0.31481481,0.65555556,0.2,0.088888889,1,0.36851852
typed_two_stage,qwen3.6-27b,P,re2_tt,90,0.29814815,0.6,0.21348315,0.079545455,1,0.34814815
typed_two_stage,qwen3.6-27b,V,aegislab,96,0.36284722,0.66666667,0.21052632,0.17105263,1,0.47048611
typed_two_stage,qwen3.6-27b,V,aiops2022,100,0.48333333,0.59,0.4375,0,1,0.54833333
typed_two_stage,qwen3.6-27b,V,aiops2025,93,0.51792115,0.68817204,0.52564103,0.18181818,1,0.60394265
typed_two_stage,qwen3.6-27b,V,re2_ob,90,0.27777778,0.55555556,0.18888889,0.088888889,1,0.40740741
typed_two_stage,qwen3.6-27b,V,re2_tt,90,0.3537037,0.65555556,0.29213483,0.11363636,1,0.50555556
typed_two_stage,qwen3.8-27b,H,aegislab,96,0.37673611,0.70833333,0.16666667,0.24175824,1,0.47395833
typed_two_stage,qwen3.8-27b,H,aiops2022,100,0.67666667,0.89,0.5625,0.086956522,1,0.72166667
typed_two_stage,qwen3.8-27b,H,aiops2025,93,0.46774194,0.75268817,0.20689655,0.3,1,0.54659498
typed_two_stage,qwen3.8-27b,H,re2_ob,90,0.44444444,0.78888889,0.33333333,0.21111111,1,0.53333333
typed_two_stage,qwen3.8-27b,H,re2_tt,90,0.36111111,0.66666667,0.24719101,0.14772727,1,0.46851852
typed_two_stage,qwen3.8-27b,Mt-Rt-Lt-Gt,aegislab,96,0.30208333,0.65625,0.125,0.10989011,1,0.36805556
typed_two_stage,qwen3.8-27b,Mt-Rt-Lt-Gt,aiops2022,100,0.60833333,0.85,0.45833333,0.043478261,1,0.65333333
typed_two_stage,qwen3.8-27b,Mt-Rt-Lt-Gt,aiops2025,93,0.44623656,0.7311828,0.1954023,0.25,1,0.49462366
typed_two_stage,qwen3.8-27b,Mt-Rt-Lt-Gt,re2_ob,90,0.41481481,0.77777778,0.31111111,0.15555556,1,0.48703704
typed_two_stage,qwen3.8-27b,Mt-Rt-Lt-Gt,re2_tt,90,0.36481481,0.72222222,0.2247191,0.125,1,0.42777778
typed_two_stage,qwen3.8-27b,Mt-Rt-Lt-Gv,aegislab,96,0.32986111,0.66666667,0.14583333,0.16483516,1,0.41319444
typed_two_stage,qwen3.8-27b,Mt-Rt-Lt-Gv,aiops2022,100,0.58333333,0.83,0.42708333,0.043478261,1,0.62
typed_two_stage,qwen3.8-27b,Mt-Rt-Lt-Gv,aiops2025,93,0.40501792,0.68817204,0.18390805,0.2,1,0.45519713
typed_two_stage,qwen3.8-27b,Mt-Rt-Lt-Gv,re2_ob,90,0.40740741,0.8,0.33333333,0.088888889,1,0.47592593
typed_two_stage,qwen3.8-27b,Mt-Rt-Lt-Gv,re2_tt,90,0.36111111,0.72222222,0.21348315,0.14772727,1,0.44814815
typed_two_stage,qwen3.8-27b,Mt-Rt-Lv-Gt,aegislab,96,0.31944444,0.65625,0.15625,0.13186813,1,0.43576389
typed_two_stage,qwen3.8-27b,Mt-Rt-Lv-Gt,aiops2022,100,0.63166667,0.82,0.54166667,0.043478261,1,0.685
typed_two_stage,qwen3.8-27b,Mt-Rt-Lv-Gt,aiops2025,93,0.42473118,0.72043011,0.18390805,0.175,1,0.4874552
typed_two_stage,qwen3.8-27b,Mt-Rt-Lv-Gt,re2_ob,90,0.38888889,0.75555556,0.24444444,0.16666667,1,0.47407407
typed_two_stage,qwen3.8-27b,Mt-Rt-Lv-Gt,re2_tt,90,0.35740741,0.7,0.23595506,0.13636364,0.98888889,0.4462963
typed_two_stage,qwen3.8-27b,Mt-Rt-Lv-Gv,aegislab,96,0.33159722,0.65625,0.17708333,0.15384615,1,0.44270833
typed_two_stage,qwen3.8-27b,Mt-Rt-Lv-Gv,aiops2022,100,0.59166667,0.82,0.44791667,0.043478261,1,0.635
typed_two_stage,qwen3.8-27b,Mt-Rt-Lv-Gv,aiops2025,93,0.40860215,0.69892473,0.14942529,0.25,1,0.46415771
typed_two_stage,qwen3.8-27b,Mt-Rt-Lv-Gv,re2_ob,90,0.4,0.77777778,0.26666667,0.15555556,1,0.49814815
typed_two_stage,qwen3.8-27b,Mt-Rt-Lv-Gv,re2_tt,90,0.35740741,0.7,0.23595506,0.13636364,1,0.44074074
typed_two_stage,qwen3.8-27b,Mt-Rv-Lt-Gt,aegislab,96,0.22916667,0.48958333,0.083333333,0.10989011,1,0.35243056
typed_two_stage,qwen3.8-27b,Mt-Rv-Lt-Gt,aiops2022,100,0.55,0.83,0.36458333,0,1,0.605
typed_two_stage,qwen3.8-27b,Mt-Rv-Lt-Gt,aiops2025,93,0.27956989,0.51612903,0.08045977,0.075,1,0.41577061
typed_two_stage,qwen3.8-27b,Mt-Rv-Lt-Gt,re2_ob,90,0.28888889,0.5,0.22222222,0.14444444,1,0.42407407
typed_two_stage,qwen3.8-27b,Mt-Rv-Lt-Gt,re2_tt,90,0.24259259,0.55555556,0.08988764,0.079545455,1,0.37592593
typed_two_stage,qwen3.8-27b,Mt-Rv-Lt-Gv,aegislab,96,0.22916667,0.48958333,0.09375,0.098901099,1,0.35243056
typed_two_stage,qwen3.8-27b,Mt-Rv-Lt-Gv,aiops2022,100,0.53333333,0.83,0.32291667,0.043478261,1,0.565
typed_two_stage,qwen3.8-27b,Mt-Rv-Lt-Gv,aiops2025,93,0.29390681,0.52688172,0.091954023,0.075,1,0.42831541
typed_two_stage,qwen3.8-27b,Mt-Rv-Lt-Gv,re2_ob,90,0.3,0.52222222,0.25555556,0.12222222,1,0.44074074
typed_two_stage,qwen3.8-27b,Mt-Rv-Lt-Gv,re2_tt,90,0.25740741,0.55555556,0.12359551,0.090909091,1,0.37777778
typed_two_stage,qwen3.8-27b,Mt-Rv-Lv-Gt,aegislab,96,0.23263889,0.5,0.10416667,0.087912088,1,0.41145833
typed_two_stage,qwen3.8-27b,Mt-Rv-Lv-Gt,aiops2022,100,0.565,0.81,0.39583333,0.043478261,1,0.63
typed_two_stage,qwen3.8-27b,Mt-Rv-Lv-Gt,aiops2025,93,0.27419355,0.50537634,0.068965517,0.1,1,0.39784946
typed_two_stage,qwen3.8-27b,Mt-Rv-Lv-Gt,re2_ob,90,0.25925926,0.48888889,0.17777778,0.11111111,1,0.4462963
typed_two_stage,qwen3.8-27b,Mt-Rv-Lv-Gt,re2_tt,90,0.26481481,0.54444444,0.15730337,0.068181818,1,0.43888889
typed_two_stage,qwen3.8-27b,Mt-Rv-Lv-Gv,aegislab,96,0.28125,0.53125,0.15625,0.15384615,1,0.46006944
typed_two_stage,qwen3.8-27b,Mt-Rv-Lv-Gv,aiops2022,100,0.605,0.8,0.5,0.043478261,1,0.655
typed_two_stage,qwen3.8-27b,Mt-Rv-Lv-Gv,aiops2025,93,0.27777778,0.51612903,0.08045977,0.075,1,0.390681
typed_two_stage,qwen3.8-27b,Mt-Rv-Lv-Gv,re2_ob,90,0.26666667,0.48888889,0.18888889,0.12222222,1,0.4462963
typed_two_stage,qwen3.8-27b,Mt-Rv-Lv-Gv,re2_tt,90,0.25740741,0.55555556,0.11235955,0.10227273,1,0.41296296
typed_two_stage,qwen3.8-27b,Mv-Rt-Lt-Gt,aegislab,96,0.35243056,0.71875,0.16666667,0.15384615,1,0.42708333
typed_two_stage,qwen3.8-27b,Mv-Rt-Lt-Gt,aiops2022,100,0.64333333,0.89,0.47916667,0.043478261,1,0.67333333
typed_two_stage,qwen3.8-27b,Mv-Rt-Lt-Gt,aiops2025,93,0.48028674,0.77419355,0.2183908,0.3,1,0.53046595
typed_two_stage,qwen3.8-27b,Mv-Rt-Lt-Gt,re2_ob,90,0.42962963,0.75555556,0.33333333,0.2,1,0.51666667
typed_two_stage,qwen3.8-27b,Mv-Rt-Lt-Gt,re2_tt,90,0.40185185,0.74444444,0.29213483,0.14772727,1,0.47777778
typed_two_stage,qwen3.8-27b,Mv-Rt-Lt-Gv,aegislab,96,0.33506944,0.6875,0.14583333,0.15384615,1,0.43402778
typed_two_stage,qwen3.8-27b,Mv-Rt-Lt-Gv,aiops2022,100,0.64166667,0.9,0.48958333,0.043478261,1,0.67333333
typed_two_stage,qwen3.8-27b,Mv-Rt-Lt-Gv,aiops2025,93,0.46057348,0.74193548,0.20689655,0.325,1,0.50896057
typed_two_stage,qwen3.8-27b,Mv-Rt-Lt-Gv,re2_ob,90,0.42962963,0.77777778,0.33333333,0.17777778,1,0.50555556
typed_two_stage,qwen3.8-27b,Mv-Rt-Lt-Gv,re2_tt,90,0.39814815,0.73333333,0.31460674,0.125,1,0.47777778
typed_two_stage,qwen3.8-27b,Mv-Rt-Lv-Gt,aegislab,96,0.34548611,0.65625,0.17708333,0.17582418,1,0.44791667
typed_two_stage,qwen3.8-27b,Mv-Rt-Lv-Gt,aiops2022,100,0.665,0.89,0.53125,0.043478261,1,0.72
typed_two_stage,qwen3.8-27b,Mv-Rt-Lv-Gt,aiops2025,93,0.46415771,0.75268817,0.1954023,0.3,1,0.5
typed_two_stage,qwen3.8-27b,Mv-Rt-Lv-Gt,re2_ob,90,0.38518519,0.76666667,0.22222222,0.16666667,1,0.48703704
typed_two_stage,qwen3.8-27b,Mv-Rt-Lv-Gt,re2_tt,90,0.37962963,0.7,0.30337079,0.11363636,1,0.47407407
typed_two_stage,qwen3.8-27b,Mv-Rt-Lv-Gv,aegislab,96,0.37673611,0.70833333,0.21875,0.18681319,1,0.49305556
typed_two_stage,qwen3.8-27b,Mv-Rt-Lv-Gv,aiops2022,100,0.665,0.86,0.55208333,0.043478261,1,0.725
typed_two_stage,qwen3.8-27b,Mv-Rt-Lv-Gv,aiops2025,93,0.46774194,0.76344086,0.20689655,0.3,1,0.51433692
typed_two_stage,qwen3.8-27b,Mv-Rt-Lv-Gv,re2_ob,90,0.40740741,0.78888889,0.26666667,0.16666667,1,0.49259259
typed_two_stage,qwen3.8-27b,Mv-Rt-Lv-Gv,re2_tt,90,0.42037037,0.73333333,0.3258427,0.18181818,1,0.54259259
typed_two_stage,qwen3.8-27b,Mv-Rv-Lt-Gt,aegislab,96,0.26215278,0.55208333,0.10416667,0.12087912,1,0.38888889
typed_two_stage,qwen3.8-27b,Mv-Rv-Lt-Gt,aiops2022,100,0.59166667,0.88,0.38541667,0.043478261,1,0.64166667
typed_two_stage,qwen3.8-27b,Mv-Rv-Lt-Gt,aiops2025,93,0.33870968,0.59139785,0.091954023,0.175,1,0.46953405
typed_two_stage,qwen3.8-27b,Mv-Rv-Lt-Gt,re2_ob,90,0.30740741,0.52222222,0.21111111,0.18888889,1,0.47222222
typed_two_stage,qwen3.8-27b,Mv-Rv-Lt-Gt,re2_tt,90,0.27222222,0.58888889,0.11235955,0.090909091,1,0.43888889
typed_two_stage,qwen3.8-27b,Mv-Rv-Lt-Gv,aegislab,96,0.265625,0.52083333,0.14583333,0.12087912,1,0.38888889
typed_two_stage,qwen3.8-27b,Mv-Rv-Lt-Gv,aiops2022,100,0.59333333,0.88,0.39583333,0,1,0.635
typed_two_stage,qwen3.8-27b,Mv-Rv-Lt-Gv,aiops2025,93,0.33870968,0.59139785,0.13793103,0.1,1,0.46057348
typed_two_stage,qwen3.8-27b,Mv-Rv-Lt-Gv,re2_ob,90,0.31481481,0.53333333,0.26666667,0.14444444,1,0.4537037
typed_two_stage,qwen3.8-27b,Mv-Rv-Lt-Gv,re2_tt,90,0.29444444,0.56666667,0.16853933,0.125,1,0.45
typed_two_stage,qwen3.8-27b,Mv-Rv-Lv-Gt,aegislab,96,0.25173611,0.54166667,0.11458333,0.087912088,1,0.42361111
typed_two_stage,qwen3.8-27b,Mv-Rv-Lv-Gt,aiops2022,100,0.655,0.9,0.5,0.043478261,1,0.705
typed_two_stage,qwen3.8-27b,Mv-Rv-Lv-Gt,aiops2025,93,0.36379928,0.61290323,0.10344828,0.2,1,0.49641577
typed_two_stage,qwen3.8-27b,Mv-Rv-Lv-Gt,re2_ob,90,0.28518519,0.53333333,0.21111111,0.11111111,1,0.48703704
typed_two_stage,qwen3.8-27b,Mv-Rv-Lv-Gt,re2_tt,90,0.29444444,0.57777778,0.15730337,0.125,1,0.49814815
typed_two_stage,qwen3.8-27b,Mv-Rv-Lv-Gv,aegislab,96,0.29340278,0.59375,0.14583333,0.13186813,1,0.46180556
typed_two_stage,qwen3.8-27b,Mv-Rv-Lv-Gv,aiops2022,100,0.64,0.87,0.5,0.043478261,1,0.68833333
typed_two_stage,qwen3.8-27b,Mv-Rv-Lv-Gv,aiops2025,93,0.35304659,0.60215054,0.11494253,0.175,1,0.49283154
typed_two_stage,qwen3.8-27b,Mv-Rv-Lv-Gv,re2_ob,90,0.29259259,0.52222222,0.23333333,0.12222222,1,0.4537037
typed_two_stage,qwen3.8-27b,Mv-Rv-Lv-Gv,re2_tt,90,0.29814815,0.54444444,0.17977528,0.14772727,1,0.50555556
typed_two_stage,qwen3.8-27b,P,aegislab,96,0.32291667,0.70833333,0.14583333,0.098901099,1,0.35590278
typed_two_stage,qwen3.8-27b,P,aiops2022,100,0.58166667,0.87,0.375,0,1,0.59833333
typed_two_stage,qwen3.8-27b,P,aiops2025,93,0.44444444,0.75268817,0.20689655,0.125,1,0.47311828
typed_two_stage,qwen3.8-27b,P,re2_ob,90,0.4037037,0.78888889,0.32222222,0.1,1,0.42037037
typed_two_stage,qwen3.8-27b,P,re2_tt,90,0.35740741,0.74444444,0.24719101,0.056818182,1,0.39444444
typed_two_stage,qwen3.8-27b,V,aegislab,96,0.30381944,0.59375,0.17708333,0.12087912,1,0.45659722
typed_two_stage,qwen3.8-27b,V,aiops2022,100,0.65,0.89,0.5,0.043478261,1,0.68666667
typed_two_stage,qwen3.8-27b,V,aiops2025,93,0.34408602,0.58064516,0.13793103,0.15,1,0.44982079
typed_two_stage,qwen3.8-27b,V,re2_ob,90,0.35555556,0.62222222,0.28888889,0.15555556,1,0.50740741
typed_two_stage,qwen3.8-27b,V,re2_tt,90,0.31666667,0.56666667,0.25842697,0.10227273,1,0.48518519
