experiment,model,arm,dataset,outcome_class,n
direct_rca,gemma-4-26b-a4b,F,aegislab,rank_2_3,10
direct_rca,gemma-4-26b-a4b,F,aegislab,rank_4_5,1
direct_rca,gemma-4-26b-a4b,F,aegislab,top1_correct,45
direct_rca,gemma-4-26b-a4b,F,aegislab,top5_miss,40
direct_rca,gemma-4-26b-a4b,F,aiops2022,rank_2_3,10
direct_rca,gemma-4-26b-a4b,F,aiops2022,rank_4_5,3
direct_rca,gemma-4-26b-a4b,F,aiops2022,top1_correct,36
direct_rca,gemma-4-26b-a4b,F,aiops2022,top5_miss,51
direct_rca,gemma-4-26b-a4b,F,aiops2025,rank_2_3,13
direct_rca,gemma-4-26b-a4b,F,aiops2025,rank_4_5,6
direct_rca,gemma-4-26b-a4b,F,aiops2025,top1_correct,15
direct_rca,gemma-4-26b-a4b,F,aiops2025,top5_miss,59
direct_rca,gemma-4-26b-a4b,F,re2_ob,rank_2_3,23
direct_rca,gemma-4-26b-a4b,F,re2_ob,rank_4_5,1
direct_rca,gemma-4-26b-a4b,F,re2_ob,top1_correct,63
direct_rca,gemma-4-26b-a4b,F,re2_ob,top5_miss,3
direct_rca,gemma-4-26b-a4b,F,re2_tt,rank_2_3,15
direct_rca,gemma-4-26b-a4b,F,re2_tt,rank_4_5,1
direct_rca,gemma-4-26b-a4b,F,re2_tt,top1_correct,58
direct_rca,gemma-4-26b-a4b,F,re2_tt,top5_miss,16
direct_rca,gemma-4-26b-a4b,H,aegislab,rank_2_3,11
direct_rca,gemma-4-26b-a4b,H,aegislab,rank_4_5,2
direct_rca,gemma-4-26b-a4b,H,aegislab,top1_correct,34
direct_rca,gemma-4-26b-a4b,H,aegislab,top5_miss,49
direct_rca,gemma-4-26b-a4b,H,aiops2022,rank_2_3,19
direct_rca,gemma-4-26b-a4b,H,aiops2022,rank_4_5,4
direct_rca,gemma-4-26b-a4b,H,aiops2022,top1_correct,30
direct_rca,gemma-4-26b-a4b,H,aiops2022,top5_miss,47
direct_rca,gemma-4-26b-a4b,H,aiops2025,rank_2_3,11
direct_rca,gemma-4-26b-a4b,H,aiops2025,rank_4_5,5
direct_rca,gemma-4-26b-a4b,H,aiops2025,top1_correct,19
direct_rca,gemma-4-26b-a4b,H,aiops2025,top5_miss,58
direct_rca,gemma-4-26b-a4b,H,re2_ob,rank_2_3,26
direct_rca,gemma-4-26b-a4b,H,re2_ob,rank_4_5,5
direct_rca,gemma-4-26b-a4b,H,re2_ob,top1_correct,53
direct_rca,gemma-4-26b-a4b,H,re2_ob,top5_miss,6
direct_rca,gemma-4-26b-a4b,H,re2_tt,rank_2_3,18
direct_rca,gemma-4-26b-a4b,H,re2_tt,rank_4_5,5
direct_rca,gemma-4-26b-a4b,H,re2_tt,top1_correct,52
direct_rca,gemma-4-26b-a4b,H,re2_tt,top5_miss,15
direct_rca,gemma-4-26b-a4b,P,aegislab,top1_correct,23
direct_rca,gemma-4-26b-a4b,P,aegislab,top5_miss,73
direct_rca,gemma-4-26b-a4b,P,aiops2022,rank_2_3,2
direct_rca,gemma-4-26b-a4b,P,aiops2022,rank_4_5,2
direct_rca,gemma-4-26b-a4b,P,aiops2022,top1_correct,26
direct_rca,gemma-4-26b-a4b,P,aiops2022,top5_miss,70
direct_rca,gemma-4-26b-a4b,P,aiops2025,rank_2_3,1
direct_rca,gemma-4-26b-a4b,P,aiops2025,top1_correct,14
direct_rca,gemma-4-26b-a4b,P,aiops2025,top5_miss,78
direct_rca,gemma-4-26b-a4b,P,re2_ob,rank_2_3,1
direct_rca,gemma-4-26b-a4b,P,re2_ob,top1_correct,49
direct_rca,gemma-4-26b-a4b,P,re2_ob,top5_miss,40
direct_rca,gemma-4-26b-a4b,P,re2_tt,top1_correct,30
direct_rca,gemma-4-26b-a4b,P,re2_tt,top5_miss,60
direct_rca,gemma-4-26b-a4b,R,aegislab,rank_2_3,10
direct_rca,gemma-4-26b-a4b,R,aegislab,rank_4_5,1
direct_rca,gemma-4-26b-a4b,R,aegislab,top1_correct,40
direct_rca,gemma-4-26b-a4b,R,aegislab,top5_miss,45
direct_rca,gemma-4-26b-a4b,R,aiops2022,rank_2_3,12
direct_rca,gemma-4-26b-a4b,R,aiops2022,rank_4_5,2
direct_rca,gemma-4-26b-a4b,R,aiops2022,top1_correct,22
direct_rca,gemma-4-26b-a4b,R,aiops2022,top5_miss,64
direct_rca,gemma-4-26b-a4b,R,aiops2025,rank_2_3,7
direct_rca,gemma-4-26b-a4b,R,aiops2025,rank_4_5,2
direct_rca,gemma-4-26b-a4b,R,aiops2025,top1_correct,18
direct_rca,gemma-4-26b-a4b,R,aiops2025,top5_miss,66
direct_rca,gemma-4-26b-a4b,R,re2_ob,rank_2_3,10
direct_rca,gemma-4-26b-a4b,R,re2_ob,rank_4_5,1
direct_rca,gemma-4-26b-a4b,R,re2_ob,top1_correct,68
direct_rca,gemma-4-26b-a4b,R,re2_ob,top5_miss,11
direct_rca,gemma-4-26b-a4b,R,re2_tt,rank_2_3,10
direct_rca,gemma-4-26b-a4b,R,re2_tt,rank_4_5,2
direct_rca,gemma-4-26b-a4b,R,re2_tt,top1_correct,53
direct_rca,gemma-4-26b-a4b,R,re2_tt,top5_miss,25
direct_rca,gemma-4-26b-a4b,T,aegislab,rank_2_3,14
direct_rca,gemma-4-26b-a4b,T,aegislab,rank_4_5,6
direct_rca,gemma-4-26b-a4b,T,aegislab,top1_correct,40
direct_rca,gemma-4-26b-a4b,T,aegislab,top5_miss,36
direct_rca,gemma-4-26b-a4b,T,aiops2022,rank_2_3,17
direct_rca,gemma-4-26b-a4b,T,aiops2022,rank_4_5,3
direct_rca,gemma-4-26b-a4b,T,aiops2022,top1_correct,34
direct_rca,gemma-4-26b-a4b,T,aiops2022,top5_miss,46
direct_rca,gemma-4-26b-a4b,T,aiops2025,rank_2_3,11
direct_rca,gemma-4-26b-a4b,T,aiops2025,rank_4_5,5
direct_rca,gemma-4-26b-a4b,T,aiops2025,top1_correct,17
direct_rca,gemma-4-26b-a4b,T,aiops2025,top5_miss,60
direct_rca,gemma-4-26b-a4b,T,re2_ob,rank_2_3,20
direct_rca,gemma-4-26b-a4b,T,re2_ob,rank_4_5,3
direct_rca,gemma-4-26b-a4b,T,re2_ob,top1_correct,63
direct_rca,gemma-4-26b-a4b,T,re2_ob,top5_miss,4
direct_rca,gemma-4-26b-a4b,T,re2_tt,rank_2_3,13
direct_rca,gemma-4-26b-a4b,T,re2_tt,rank_4_5,7
direct_rca,gemma-4-26b-a4b,T,re2_tt,top1_correct,57
direct_rca,gemma-4-26b-a4b,T,re2_tt,top5_miss,13
direct_rca,gemma-4-26b-a4b,V,aegislab,rank_2_3,5
direct_rca,gemma-4-26b-a4b,V,aegislab,rank_4_5,1
direct_rca,gemma-4-26b-a4b,V,aegislab,top1_correct,34
direct_rca,gemma-4-26b-a4b,V,aegislab,top5_miss,56
direct_rca,gemma-4-26b-a4b,V,aiops2022,rank_2_3,7
direct_rca,gemma-4-26b-a4b,V,aiops2022,top1_correct,21
direct_rca,gemma-4-26b-a4b,V,aiops2022,top5_miss,72
direct_rca,gemma-4-26b-a4b,V,aiops2025,rank_2_3,2
direct_rca,gemma-4-26b-a4b,V,aiops2025,rank_4_5,4
direct_rca,gemma-4-26b-a4b,V,aiops2025,top1_correct,16
direct_rca,gemma-4-26b-a4b,V,aiops2025,top5_miss,71
direct_rca,gemma-4-26b-a4b,V,re2_ob,rank_2_3,12
direct_rca,gemma-4-26b-a4b,V,re2_ob,rank_4_5,1
direct_rca,gemma-4-26b-a4b,V,re2_ob,top1_correct,61
direct_rca,gemma-4-26b-a4b,V,re2_ob,top5_miss,16
direct_rca,gemma-4-26b-a4b,V,re2_tt,rank_2_3,6
direct_rca,gemma-4-26b-a4b,V,re2_tt,rank_4_5,1
direct_rca,gemma-4-26b-a4b,V,re2_tt,top1_correct,48
direct_rca,gemma-4-26b-a4b,V,re2_tt,top5_miss,35
direct_rca,qwen3.6-27b,F,aegislab,rank_2_3,28
direct_rca,qwen3.6-27b,F,aegislab,rank_4_5,7
direct_rca,qwen3.6-27b,F,aegislab,top1_correct,35
direct_rca,qwen3.6-27b,F,aegislab,top5_miss,26
direct_rca,qwen3.6-27b,F,aiops2022,rank_2_3,17
direct_rca,qwen3.6-27b,F,aiops2022,rank_4_5,12
direct_rca,qwen3.6-27b,F,aiops2022,top1_correct,19
direct_rca,qwen3.6-27b,F,aiops2022,top5_miss,52
direct_rca,qwen3.6-27b,F,aiops2025,rank_2_3,15
direct_rca,qwen3.6-27b,F,aiops2025,rank_4_5,6
direct_rca,qwen3.6-27b,F,aiops2025,top1_correct,19
direct_rca,qwen3.6-27b,F,aiops2025,top5_miss,53
direct_rca,qwen3.6-27b,F,re2_ob,rank_2_3,28
direct_rca,qwen3.6-27b,F,re2_ob,rank_4_5,1
direct_rca,qwen3.6-27b,F,re2_ob,top1_correct,59
direct_rca,qwen3.6-27b,F,re2_ob,top5_miss,2
direct_rca,qwen3.6-27b,F,re2_tt,rank_2_3,22
direct_rca,qwen3.6-27b,F,re2_tt,rank_4_5,1
direct_rca,qwen3.6-27b,F,re2_tt,top1_correct,54
direct_rca,qwen3.6-27b,F,re2_tt,top5_miss,13
direct_rca,qwen3.6-27b,H,aegislab,rank_2_3,26
direct_rca,qwen3.6-27b,H,aegislab,rank_4_5,7
direct_rca,qwen3.6-27b,H,aegislab,top1_correct,35
direct_rca,qwen3.6-27b,H,aegislab,top5_miss,28
direct_rca,qwen3.6-27b,H,aiops2022,rank_2_3,17
direct_rca,qwen3.6-27b,H,aiops2022,rank_4_5,5
direct_rca,qwen3.6-27b,H,aiops2022,top1_correct,20
direct_rca,qwen3.6-27b,H,aiops2022,top5_miss,58
direct_rca,qwen3.6-27b,H,aiops2025,rank_2_3,14
direct_rca,qwen3.6-27b,H,aiops2025,rank_4_5,6
direct_rca,qwen3.6-27b,H,aiops2025,top1_correct,17
direct_rca,qwen3.6-27b,H,aiops2025,top5_miss,56
direct_rca,qwen3.6-27b,H,re2_ob,rank_2_3,31
direct_rca,qwen3.6-27b,H,re2_ob,rank_4_5,1
direct_rca,qwen3.6-27b,H,re2_ob,top1_correct,52
direct_rca,qwen3.6-27b,H,re2_ob,top5_miss,6
direct_rca,qwen3.6-27b,H,re2_tt,rank_2_3,22
direct_rca,qwen3.6-27b,H,re2_tt,rank_4_5,2
direct_rca,qwen3.6-27b,H,re2_tt,top1_correct,51
direct_rca,qwen3.6-27b,H,re2_tt,top5_miss,15
direct_rca,qwen3.6-27b,P,aegislab,rank_2_3,29
direct_rca,qwen3.6-27b,P,aegislab,rank_4_5,3
direct_rca,qwen3.6-27b,P,aegislab,top1_correct,25
direct_rca,qwen3.6-27b,P,aegislab,top5_miss,39
direct_rca,qwen3.6-27b,P,aiops2022,rank_2_3,18
direct_rca,qwen3.6-27b,P,aiops2022,rank_4_5,3
direct_rca,qwen3.6-27b,P,aiops2022,top1_correct,13
direct_rca,qwen3.6-27b,P,aiops2022,top5_miss,66
direct_rca,qwen3.6-27b,P,aiops2025,rank_2_3,12
direct_rca,qwen3.6-27b,P,aiops2025,rank_4_5,2
direct_rca,qwen3.6-27b,P,aiops2025,top1_correct,20
direct_rca,qwen3.6-27b,P,aiops2025,top5_miss,59
direct_rca,qwen3.6-27b,P,re2_ob,rank_2_3,20
direct_rca,qwen3.6-27b,P,re2_ob,rank_4_5,1
direct_rca,qwen3.6-27b,P,re2_ob,top1_correct,47
direct_rca,qwen3.6-27b,P,re2_ob,top5_miss,22
direct_rca,qwen3.6-27b,P,re2_tt,rank_2_3,28
direct_rca,qwen3.6-27b,P,re2_tt,top1_correct,32
direct_rca,qwen3.6-27b,P,re2_tt,top5_miss,30
direct_rca,qwen3.6-27b,R,aegislab,rank_2_3,24
direct_rca,qwen3.6-27b,R,aegislab,rank_4_5,4
direct_rca,qwen3.6-27b,R,aegislab,top1_correct,33
direct_rca,qwen3.6-27b,R,aegislab,top5_miss,35
direct_rca,qwen3.6-27b,R,aiops2022,rank_2_3,16
direct_rca,qwen3.6-27b,R,aiops2022,rank_4_5,4
direct_rca,qwen3.6-27b,R,aiops2022,top1_correct,20
direct_rca,qwen3.6-27b,R,aiops2022,top5_miss,60
direct_rca,qwen3.6-27b,R,aiops2025,rank_2_3,13
direct_rca,qwen3.6-27b,R,aiops2025,rank_4_5,9
direct_rca,qwen3.6-27b,R,aiops2025,top1_correct,23
direct_rca,qwen3.6-27b,R,aiops2025,top5_miss,48
direct_rca,qwen3.6-27b,R,re2_ob,rank_2_3,26
direct_rca,qwen3.6-27b,R,re2_ob,rank_4_5,2
direct_rca,qwen3.6-27b,R,re2_ob,top1_correct,49
direct_rca,qwen3.6-27b,R,re2_ob,top5_miss,13
direct_rca,qwen3.6-27b,R,re2_tt,rank_2_3,16
direct_rca,qwen3.6-27b,R,re2_tt,rank_4_5,7
direct_rca,qwen3.6-27b,R,re2_tt,top1_correct,39
direct_rca,qwen3.6-27b,R,re2_tt,top5_miss,28
direct_rca,qwen3.6-27b,T,aegislab,rank_2_3,26
direct_rca,qwen3.6-27b,T,aegislab,rank_4_5,11
direct_rca,qwen3.6-27b,T,aegislab,top1_correct,41
direct_rca,qwen3.6-27b,T,aegislab,top5_miss,18
direct_rca,qwen3.6-27b,T,aiops2022,rank_2_3,13
direct_rca,qwen3.6-27b,T,aiops2022,rank_4_5,9
direct_rca,qwen3.6-27b,T,aiops2022,top1_correct,26
direct_rca,qwen3.6-27b,T,aiops2022,top5_miss,52
direct_rca,qwen3.6-27b,T,aiops2025,rank_2_3,12
direct_rca,qwen3.6-27b,T,aiops2025,rank_4_5,9
direct_rca,qwen3.6-27b,T,aiops2025,top1_correct,17
direct_rca,qwen3.6-27b,T,aiops2025,top5_miss,55
direct_rca,qwen3.6-27b,T,re2_ob,rank_2_3,24
direct_rca,qwen3.6-27b,T,re2_ob,rank_4_5,2
direct_rca,qwen3.6-27b,T,re2_ob,top1_correct,60
direct_rca,qwen3.6-27b,T,re2_ob,top5_miss,4
direct_rca,qwen3.6-27b,T,re2_tt,rank_2_3,23
direct_rca,qwen3.6-27b,T,re2_tt,rank_4_5,1
direct_rca,qwen3.6-27b,T,re2_tt,top1_correct,54
direct_rca,qwen3.6-27b,T,re2_tt,top5_miss,12
direct_rca,qwen3.6-27b,V,aegislab,rank_2_3,25
direct_rca,qwen3.6-27b,V,aegislab,rank_4_5,3
direct_rca,qwen3.6-27b,V,aegislab,top1_correct,34
direct_rca,qwen3.6-27b,V,aegislab,top5_miss,34
direct_rca,qwen3.6-27b,V,aiops2022,rank_2_3,24
direct_rca,qwen3.6-27b,V,aiops2022,rank_4_5,5
direct_rca,qwen3.6-27b,V,aiops2022,top1_correct,17
direct_rca,qwen3.6-27b,V,aiops2022,top5_miss,54
direct_rca,qwen3.6-27b,V,aiops2025,rank_2_3,14
direct_rca,qwen3.6-27b,V,aiops2025,rank_4_5,7
direct_rca,qwen3.6-27b,V,aiops2025,top1_correct,20
direct_rca,qwen3.6-27b,V,aiops2025,top5_miss,52
direct_rca,qwen3.6-27b,V,re2_ob,rank_2_3,31
direct_rca,qwen3.6-27b,V,re2_ob,rank_4_5,5
direct_rca,qwen3.6-27b,V,re2_ob,top1_correct,42
direct_rca,qwen3.6-27b,V,re2_ob,top5_miss,12
direct_rca,qwen3.6-27b,V,re2_tt,rank_2_3,18
direct_rca,qwen3.6-27b,V,re2_tt,rank_4_5,7
direct_rca,qwen3.6-27b,V,re2_tt,top1_correct,39
direct_rca,qwen3.6-27b,V,re2_tt,top5_miss,26
direct_rca,qwen3.8-27b,F,aegislab,rank_2_3,23
direct_rca,qwen3.8-27b,F,aegislab,rank_4_5,9
direct_rca,qwen3.8-27b,F,aegislab,top1_correct,32
direct_rca,qwen3.8-27b,F,aegislab,top5_miss,32
direct_rca,qwen3.8-27b,F,aiops2022,rank_2_3,15
direct_rca,qwen3.8-27b,F,aiops2022,rank_4_5,4
direct_rca,qwen3.8-27b,F,aiops2022,top1_correct,23
direct_rca,qwen3.8-27b,F,aiops2022,top5_miss,58
direct_rca,qwen3.8-27b,F,aiops2025,rank_2_3,19
direct_rca,qwen3.8-27b,F,aiops2025,rank_4_5,7
direct_rca,qwen3.8-27b,F,aiops2025,top1_correct,14
direct_rca,qwen3.8-27b,F,aiops2025,top5_miss,53
direct_rca,qwen3.8-27b,F,re2_ob,rank_2_3,36
direct_rca,qwen3.8-27b,F,re2_ob,rank_4_5,2
direct_rca,qwen3.8-27b,F,re2_ob,top1_correct,43
direct_rca,qwen3.8-27b,F,re2_ob,top5_miss,9
direct_rca,qwen3.8-27b,F,re2_tt,rank_2_3,28
direct_rca,qwen3.8-27b,F,re2_tt,rank_4_5,5
direct_rca,qwen3.8-27b,F,re2_tt,top1_correct,43
direct_rca,qwen3.8-27b,F,re2_tt,top5_miss,14
direct_rca,qwen3.8-27b,H,aegislab,rank_2_3,18
direct_rca,qwen3.8-27b,H,aegislab,rank_4_5,8
direct_rca,qwen3.8-27b,H,aegislab,top1_correct,36
direct_rca,qwen3.8-27b,H,aegislab,top5_miss,34
direct_rca,qwen3.8-27b,H,aiops2022,parse_failure,2
direct_rca,qwen3.8-27b,H,aiops2022,rank_2_3,14
direct_rca,qwen3.8-27b,H,aiops2022,rank_4_5,7
direct_rca,qwen3.8-27b,H,aiops2022,top1_correct,21
direct_rca,qwen3.8-27b,H,aiops2022,top5_miss,56
direct_rca,qwen3.8-27b,H,aiops2025,rank_2_3,16
direct_rca,qwen3.8-27b,H,aiops2025,rank_4_5,8
direct_rca,qwen3.8-27b,H,aiops2025,top1_correct,14
direct_rca,qwen3.8-27b,H,aiops2025,top5_miss,55
direct_rca,qwen3.8-27b,H,re2_ob,rank_2_3,38
direct_rca,qwen3.8-27b,H,re2_ob,rank_4_5,2
direct_rca,qwen3.8-27b,H,re2_ob,top1_correct,39
direct_rca,qwen3.8-27b,H,re2_ob,top5_miss,11
direct_rca,qwen3.8-27b,H,re2_tt,rank_2_3,29
direct_rca,qwen3.8-27b,H,re2_tt,rank_4_5,7
direct_rca,qwen3.8-27b,H,re2_tt,top1_correct,37
direct_rca,qwen3.8-27b,H,re2_tt,top5_miss,17
direct_rca,qwen3.8-27b,P,aegislab,parse_failure,1
direct_rca,qwen3.8-27b,P,aegislab,rank_2_3,25
direct_rca,qwen3.8-27b,P,aegislab,rank_4_5,9
direct_rca,qwen3.8-27b,P,aegislab,top1_correct,27
direct_rca,qwen3.8-27b,P,aegislab,top5_miss,34
direct_rca,qwen3.8-27b,P,aiops2022,parse_failure,2
direct_rca,qwen3.8-27b,P,aiops2022,rank_2_3,23
direct_rca,qwen3.8-27b,P,aiops2022,rank_4_5,13
direct_rca,qwen3.8-27b,P,aiops2022,top1_correct,7
direct_rca,qwen3.8-27b,P,aiops2022,top5_miss,55
direct_rca,qwen3.8-27b,P,aiops2025,rank_2_3,13
direct_rca,qwen3.8-27b,P,aiops2025,rank_4_5,10
direct_rca,qwen3.8-27b,P,aiops2025,top1_correct,16
direct_rca,qwen3.8-27b,P,aiops2025,top5_miss,54
direct_rca,qwen3.8-27b,P,re2_ob,parse_failure,1
direct_rca,qwen3.8-27b,P,re2_ob,rank_2_3,35
direct_rca,qwen3.8-27b,P,re2_ob,rank_4_5,19
direct_rca,qwen3.8-27b,P,re2_ob,top1_correct,23
direct_rca,qwen3.8-27b,P,re2_ob,top5_miss,12
direct_rca,qwen3.8-27b,P,re2_tt,parse_failure,1
direct_rca,qwen3.8-27b,P,re2_tt,rank_2_3,26
direct_rca,qwen3.8-27b,P,re2_tt,rank_4_5,18
direct_rca,qwen3.8-27b,P,re2_tt,top1_correct,19
direct_rca,qwen3.8-27b,P,re2_tt,top5_miss,26
direct_rca,qwen3.8-27b,R,aegislab,rank_2_3,25
direct_rca,qwen3.8-27b,R,aegislab,rank_4_5,10
direct_rca,qwen3.8-27b,R,aegislab,top1_correct,32
direct_rca,qwen3.8-27b,R,aegislab,top5_miss,29
direct_rca,qwen3.8-27b,R,aiops2022,rank_2_3,24
direct_rca,qwen3.8-27b,R,aiops2022,rank_4_5,6
direct_rca,qwen3.8-27b,R,aiops2022,top1_correct,14
direct_rca,qwen3.8-27b,R,aiops2022,top5_miss,56
direct_rca,qwen3.8-27b,R,aiops2025,rank_2_3,16
direct_rca,qwen3.8-27b,R,aiops2025,rank_4_5,9
direct_rca,qwen3.8-27b,R,aiops2025,top1_correct,19
direct_rca,qwen3.8-27b,R,aiops2025,top5_miss,49
direct_rca,qwen3.8-27b,R,re2_ob,rank_2_3,35
direct_rca,qwen3.8-27b,R,re2_ob,rank_4_5,5
direct_rca,qwen3.8-27b,R,re2_ob,top1_correct,30
direct_rca,qwen3.8-27b,R,re2_ob,top5_miss,20
direct_rca,qwen3.8-27b,R,re2_tt,rank_2_3,21
direct_rca,qwen3.8-27b,R,re2_tt,rank_4_5,9
direct_rca,qwen3.8-27b,R,re2_tt,top1_correct,31
direct_rca,qwen3.8-27b,R,re2_tt,top5_miss,29
direct_rca,qwen3.8-27b,T,aegislab,parse_failure,1
direct_rca,qwen3.8-27b,T,aegislab,rank_2_3,22
direct_rca,qwen3.8-27b,T,aegislab,rank_4_5,9
direct_rca,qwen3.8-27b,T,aegislab,top1_correct,34
direct_rca,qwen3.8-27b,T,aegislab,top5_miss,30
direct_rca,qwen3.8-27b,T,aiops2022,parse_failure,1
direct_rca,qwen3.8-27b,T,aiops2022,rank_2_3,13
direct_rca,qwen3.8-27b,T,aiops2022,rank_4_5,5
direct_rca,qwen3.8-27b,T,aiops2022,top1_correct,26
direct_rca,qwen3.8-27b,T,aiops2022,top5_miss,55
direct_rca,qwen3.8-27b,T,aiops2025,rank_2_3,20
direct_rca,qwen3.8-27b,T,aiops2025,rank_4_5,4
direct_rca,qwen3.8-27b,T,aiops2025,top1_correct,13
direct_rca,qwen3.8-27b,T,aiops2025,top5_miss,56
direct_rca,qwen3.8-27b,T,re2_ob,parse_failure,1
direct_rca,qwen3.8-27b,T,re2_ob,rank_2_3,39
direct_rca,qwen3.8-27b,T,re2_ob,rank_4_5,1
direct_rca,qwen3.8-27b,T,re2_ob,top1_correct,38
direct_rca,qwen3.8-27b,T,re2_ob,top5_miss,11
direct_rca,qwen3.8-27b,T,re2_tt,rank_2_3,28
direct_rca,qwen3.8-27b,T,re2_tt,rank_4_5,9
direct_rca,qwen3.8-27b,T,re2_tt,top1_correct,39
direct_rca,qwen3.8-27b,T,re2_tt,top5_miss,14
direct_rca,qwen3.8-27b,V,aegislab,parse_failure,2
direct_rca,qwen3.8-27b,V,aegislab,rank_2_3,23
direct_rca,qwen3.8-27b,V,aegislab,rank_4_5,7
direct_rca,qwen3.8-27b,V,aegislab,top1_correct,30
direct_rca,qwen3.8-27b,V,aegislab,top5_miss,34
direct_rca,qwen3.8-27b,V,aiops2022,rank_2_3,27
direct_rca,qwen3.8-27b,V,aiops2022,rank_4_5,10
direct_rca,qwen3.8-27b,V,aiops2022,top1_correct,11
direct_rca,qwen3.8-27b,V,aiops2022,top5_miss,52
direct_rca,qwen3.8-27b,V,aiops2025,parse_failure,2
direct_rca,qwen3.8-27b,V,aiops2025,rank_2_3,13
direct_rca,qwen3.8-27b,V,aiops2025,rank_4_5,10
direct_rca,qwen3.8-27b,V,aiops2025,top1_correct,16
direct_rca,qwen3.8-27b,V,aiops2025,top5_miss,52
direct_rca,qwen3.8-27b,V,re2_ob,rank_2_3,33
direct_rca,qwen3.8-27b,V,re2_ob,rank_4_5,15
direct_rca,qwen3.8-27b,V,re2_ob,top1_correct,31
direct_rca,qwen3.8-27b,V,re2_ob,top5_miss,11
direct_rca,qwen3.8-27b,V,re2_tt,rank_2_3,24
direct_rca,qwen3.8-27b,V,re2_tt,rank_4_5,13
direct_rca,qwen3.8-27b,V,re2_tt,top1_correct,28
direct_rca,qwen3.8-27b,V,re2_tt,top5_miss,25
ledger_handoff_rca,gemma-4-26b-a4b,L_hyb,aegislab,rank_2_3,2
ledger_handoff_rca,gemma-4-26b-a4b,L_hyb,aegislab,top1_correct,41
ledger_handoff_rca,gemma-4-26b-a4b,L_hyb,aegislab,top5_miss,53
ledger_handoff_rca,gemma-4-26b-a4b,L_hyb,aiops2022,top1_correct,26
ledger_handoff_rca,gemma-4-26b-a4b,L_hyb,aiops2022,top5_miss,74
ledger_handoff_rca,gemma-4-26b-a4b,L_hyb,aiops2025,rank_2_3,2
ledger_handoff_rca,gemma-4-26b-a4b,L_hyb,aiops2025,rank_4_5,1
ledger_handoff_rca,gemma-4-26b-a4b,L_hyb,aiops2025,top1_correct,16
ledger_handoff_rca,gemma-4-26b-a4b,L_hyb,aiops2025,top5_miss,74
ledger_handoff_rca,gemma-4-26b-a4b,L_hyb,re2_ob,rank_2_3,3
ledger_handoff_rca,gemma-4-26b-a4b,L_hyb,re2_ob,top1_correct,72
ledger_handoff_rca,gemma-4-26b-a4b,L_hyb,re2_ob,top5_miss,15
ledger_handoff_rca,gemma-4-26b-a4b,L_hyb,re2_tt,rank_2_3,3
ledger_handoff_rca,gemma-4-26b-a4b,L_hyb,re2_tt,top1_correct,48
ledger_handoff_rca,gemma-4-26b-a4b,L_hyb,re2_tt,top5_miss,39
ledger_handoff_rca,gemma-4-26b-a4b,L_txt,aegislab,rank_2_3,5
ledger_handoff_rca,gemma-4-26b-a4b,L_txt,aegislab,top1_correct,37
ledger_handoff_rca,gemma-4-26b-a4b,L_txt,aegislab,top5_miss,54
ledger_handoff_rca,gemma-4-26b-a4b,L_txt,aiops2022,rank_2_3,5
ledger_handoff_rca,gemma-4-26b-a4b,L_txt,aiops2022,rank_4_5,2
ledger_handoff_rca,gemma-4-26b-a4b,L_txt,aiops2022,top1_correct,29
ledger_handoff_rca,gemma-4-26b-a4b,L_txt,aiops2022,top5_miss,64
ledger_handoff_rca,gemma-4-26b-a4b,L_txt,aiops2025,rank_2_3,4
ledger_handoff_rca,gemma-4-26b-a4b,L_txt,aiops2025,top1_correct,18
ledger_handoff_rca,gemma-4-26b-a4b,L_txt,aiops2025,top5_miss,71
ledger_handoff_rca,gemma-4-26b-a4b,L_txt,re2_ob,rank_2_3,2
ledger_handoff_rca,gemma-4-26b-a4b,L_txt,re2_ob,top1_correct,68
ledger_handoff_rca,gemma-4-26b-a4b,L_txt,re2_ob,top5_miss,20
ledger_handoff_rca,gemma-4-26b-a4b,L_txt,re2_tt,rank_2_3,3
ledger_handoff_rca,gemma-4-26b-a4b,L_txt,re2_tt,rank_4_5,2
ledger_handoff_rca,gemma-4-26b-a4b,L_txt,re2_tt,top1_correct,44
ledger_handoff_rca,gemma-4-26b-a4b,L_txt,re2_tt,top5_miss,41
ledger_handoff_rca,gemma-4-26b-a4b,L_vis,aegislab,top1_correct,39
ledger_handoff_rca,gemma-4-26b-a4b,L_vis,aegislab,top5_miss,57
ledger_handoff_rca,gemma-4-26b-a4b,L_vis,aiops2022,rank_2_3,1
ledger_handoff_rca,gemma-4-26b-a4b,L_vis,aiops2022,top1_correct,20
ledger_handoff_rca,gemma-4-26b-a4b,L_vis,aiops2022,top5_miss,79
ledger_handoff_rca,gemma-4-26b-a4b,L_vis,aiops2025,rank_2_3,1
ledger_handoff_rca,gemma-4-26b-a4b,L_vis,aiops2025,rank_4_5,1
ledger_handoff_rca,gemma-4-26b-a4b,L_vis,aiops2025,top1_correct,16
ledger_handoff_rca,gemma-4-26b-a4b,L_vis,aiops2025,top5_miss,75
ledger_handoff_rca,gemma-4-26b-a4b,L_vis,re2_ob,top1_correct,62
ledger_handoff_rca,gemma-4-26b-a4b,L_vis,re2_ob,top5_miss,28
ledger_handoff_rca,gemma-4-26b-a4b,L_vis,re2_tt,top1_correct,41
ledger_handoff_rca,gemma-4-26b-a4b,L_vis,re2_tt,top5_miss,49
ledger_handoff_rca,qwen3.6-27b,L_hyb,aegislab,rank_2_3,30
ledger_handoff_rca,qwen3.6-27b,L_hyb,aegislab,rank_4_5,6
ledger_handoff_rca,qwen3.6-27b,L_hyb,aegislab,top1_correct,31
ledger_handoff_rca,qwen3.6-27b,L_hyb,aegislab,top5_miss,29
ledger_handoff_rca,qwen3.6-27b,L_hyb,aiops2022,rank_2_3,18
ledger_handoff_rca,qwen3.6-27b,L_hyb,aiops2022,rank_4_5,10
ledger_handoff_rca,qwen3.6-27b,L_hyb,aiops2022,top1_correct,29
ledger_handoff_rca,qwen3.6-27b,L_hyb,aiops2022,top5_miss,43
ledger_handoff_rca,qwen3.6-27b,L_hyb,aiops2025,rank_2_3,22
ledger_handoff_rca,qwen3.6-27b,L_hyb,aiops2025,rank_4_5,6
ledger_handoff_rca,qwen3.6-27b,L_hyb,aiops2025,top1_correct,24
ledger_handoff_rca,qwen3.6-27b,L_hyb,aiops2025,top5_miss,41
ledger_handoff_rca,qwen3.6-27b,L_hyb,re2_ob,rank_2_3,17
ledger_handoff_rca,qwen3.6-27b,L_hyb,re2_ob,rank_4_5,3
ledger_handoff_rca,qwen3.6-27b,L_hyb,re2_ob,top1_correct,63
ledger_handoff_rca,qwen3.6-27b,L_hyb,re2_ob,top5_miss,7
ledger_handoff_rca,qwen3.6-27b,L_hyb,re2_tt,rank_2_3,18
ledger_handoff_rca,qwen3.6-27b,L_hyb,re2_tt,rank_4_5,5
ledger_handoff_rca,qwen3.6-27b,L_hyb,re2_tt,top1_correct,44
ledger_handoff_rca,qwen3.6-27b,L_hyb,re2_tt,top5_miss,23
ledger_handoff_rca,qwen3.6-27b,L_txt,aegislab,rank_2_3,35
ledger_handoff_rca,qwen3.6-27b,L_txt,aegislab,rank_4_5,5
ledger_handoff_rca,qwen3.6-27b,L_txt,aegislab,top1_correct,30
ledger_handoff_rca,qwen3.6-27b,L_txt,aegislab,top5_miss,26
ledger_handoff_rca,qwen3.6-27b,L_txt,aiops2022,rank_2_3,16
ledger_handoff_rca,qwen3.6-27b,L_txt,aiops2022,rank_4_5,11
ledger_handoff_rca,qwen3.6-27b,L_txt,aiops2022,top1_correct,26
ledger_handoff_rca,qwen3.6-27b,L_txt,aiops2022,top5_miss,47
ledger_handoff_rca,qwen3.6-27b,L_txt,aiops2025,rank_2_3,22
ledger_handoff_rca,qwen3.6-27b,L_txt,aiops2025,rank_4_5,8
ledger_handoff_rca,qwen3.6-27b,L_txt,aiops2025,top1_correct,23
ledger_handoff_rca,qwen3.6-27b,L_txt,aiops2025,top5_miss,40
ledger_handoff_rca,qwen3.6-27b,L_txt,re2_ob,rank_2_3,16
ledger_handoff_rca,qwen3.6-27b,L_txt,re2_ob,rank_4_5,7
ledger_handoff_rca,qwen3.6-27b,L_txt,re2_ob,top1_correct,63
ledger_handoff_rca,qwen3.6-27b,L_txt,re2_ob,top5_miss,4
ledger_handoff_rca,qwen3.6-27b,L_txt,re2_tt,rank_2_3,24
ledger_handoff_rca,qwen3.6-27b,L_txt,re2_tt,rank_4_5,10
ledger_handoff_rca,qwen3.6-27b,L_txt,re2_tt,top1_correct,41
ledger_handoff_rca,qwen3.6-27b,L_txt,re2_tt,top5_miss,15
ledger_handoff_rca,qwen3.6-27b,L_vis,aegislab,rank_2_3,28
ledger_handoff_rca,qwen3.6-27b,L_vis,aegislab,rank_4_5,7
ledger_handoff_rca,qwen3.6-27b,L_vis,aegislab,top1_correct,31
ledger_handoff_rca,qwen3.6-27b,L_vis,aegislab,top5_miss,30
ledger_handoff_rca,qwen3.6-27b,L_vis,aiops2022,rank_2_3,26
ledger_handoff_rca,qwen3.6-27b,L_vis,aiops2022,rank_4_5,7
ledger_handoff_rca,qwen3.6-27b,L_vis,aiops2022,top1_correct,21
ledger_handoff_rca,qwen3.6-27b,L_vis,aiops2022,top5_miss,46
ledger_handoff_rca,qwen3.6-27b,L_vis,aiops2025,parse_failure,1
ledger_handoff_rca,qwen3.6-27b,L_vis,aiops2025,rank_2_3,21
ledger_handoff_rca,qwen3.6-27b,L_vis,aiops2025,rank_4_5,8
ledger_handoff_rca,qwen3.6-27b,L_vis,aiops2025,top1_correct,17
ledger_handoff_rca,qwen3.6-27b,L_vis,aiops2025,top5_miss,46
ledger_handoff_rca,qwen3.6-27b,L_vis,re2_ob,rank_2_3,23
ledger_handoff_rca,qwen3.6-27b,L_vis,re2_ob,rank_4_5,2
ledger_handoff_rca,qwen3.6-27b,L_vis,re2_ob,top1_correct,59
ledger_handoff_rca,qwen3.6-27b,L_vis,re2_ob,top5_miss,6
ledger_handoff_rca,qwen3.6-27b,L_vis,re2_tt,rank_2_3,27
ledger_handoff_rca,qwen3.6-27b,L_vis,re2_tt,rank_4_5,6
ledger_handoff_rca,qwen3.6-27b,L_vis,re2_tt,top1_correct,35
ledger_handoff_rca,qwen3.6-27b,L_vis,re2_tt,top5_miss,22
ledger_handoff_rca,qwen3.8-27b,L_hyb,aegislab,rank_2_3,38
ledger_handoff_rca,qwen3.8-27b,L_hyb,aegislab,rank_4_5,5
ledger_handoff_rca,qwen3.8-27b,L_hyb,aegislab,top1_correct,26
ledger_handoff_rca,qwen3.8-27b,L_hyb,aegislab,top5_miss,27
ledger_handoff_rca,qwen3.8-27b,L_hyb,aiops2022,rank_2_3,19
ledger_handoff_rca,qwen3.8-27b,L_hyb,aiops2022,rank_4_5,8
ledger_handoff_rca,qwen3.8-27b,L_hyb,aiops2022,top1_correct,26
ledger_handoff_rca,qwen3.8-27b,L_hyb,aiops2022,top5_miss,47
ledger_handoff_rca,qwen3.8-27b,L_hyb,aiops2025,rank_2_3,20
ledger_handoff_rca,qwen3.8-27b,L_hyb,aiops2025,rank_4_5,8
ledger_handoff_rca,qwen3.8-27b,L_hyb,aiops2025,top1_correct,17
ledger_handoff_rca,qwen3.8-27b,L_hyb,aiops2025,top5_miss,48
ledger_handoff_rca,qwen3.8-27b,L_hyb,re2_ob,rank_2_3,27
ledger_handoff_rca,qwen3.8-27b,L_hyb,re2_ob,rank_4_5,4
ledger_handoff_rca,qwen3.8-27b,L_hyb,re2_ob,top1_correct,50
ledger_handoff_rca,qwen3.8-27b,L_hyb,re2_ob,top5_miss,9
ledger_handoff_rca,qwen3.8-27b,L_hyb,re2_tt,rank_2_3,33
ledger_handoff_rca,qwen3.8-27b,L_hyb,re2_tt,rank_4_5,2
ledger_handoff_rca,qwen3.8-27b,L_hyb,re2_tt,top1_correct,36
ledger_handoff_rca,qwen3.8-27b,L_hyb,re2_tt,top5_miss,19
ledger_handoff_rca,qwen3.8-27b,L_txt,aegislab,rank_2_3,37
ledger_handoff_rca,qwen3.8-27b,L_txt,aegislab,rank_4_5,2
ledger_handoff_rca,qwen3.8-27b,L_txt,aegislab,top1_correct,32
ledger_handoff_rca,qwen3.8-27b,L_txt,aegislab,top5_miss,25
ledger_handoff_rca,qwen3.8-27b,L_txt,aiops2022,rank_2_3,22
ledger_handoff_rca,qwen3.8-27b,L_txt,aiops2022,rank_4_5,3
ledger_handoff_rca,qwen3.8-27b,L_txt,aiops2022,top1_correct,24
ledger_handoff_rca,qwen3.8-27b,L_txt,aiops2022,top5_miss,51
ledger_handoff_rca,qwen3.8-27b,L_txt,aiops2025,rank_2_3,17
ledger_handoff_rca,qwen3.8-27b,L_txt,aiops2025,rank_4_5,4
ledger_handoff_rca,qwen3.8-27b,L_txt,aiops2025,top1_correct,17
ledger_handoff_rca,qwen3.8-27b,L_txt,aiops2025,top5_miss,55
ledger_handoff_rca,qwen3.8-27b,L_txt,re2_ob,rank_2_3,25
ledger_handoff_rca,qwen3.8-27b,L_txt,re2_ob,top1_correct,56
ledger_handoff_rca,qwen3.8-27b,L_txt,re2_ob,top5_miss,9
ledger_handoff_rca,qwen3.8-27b,L_txt,re2_tt,parse_failure,1
ledger_handoff_rca,qwen3.8-27b,L_txt,re2_tt,rank_2_3,29
ledger_handoff_rca,qwen3.8-27b,L_txt,re2_tt,rank_4_5,2
ledger_handoff_rca,qwen3.8-27b,L_txt,re2_tt,top1_correct,40
ledger_handoff_rca,qwen3.8-27b,L_txt,re2_tt,top5_miss,18
ledger_handoff_rca,qwen3.8-27b,L_vis,aegislab,rank_2_3,38
ledger_handoff_rca,qwen3.8-27b,L_vis,aegislab,rank_4_5,9
ledger_handoff_rca,qwen3.8-27b,L_vis,aegislab,top1_correct,25
ledger_handoff_rca,qwen3.8-27b,L_vis,aegislab,top5_miss,24
ledger_handoff_rca,qwen3.8-27b,L_vis,aiops2022,rank_2_3,19
ledger_handoff_rca,qwen3.8-27b,L_vis,aiops2022,rank_4_5,6
ledger_handoff_rca,qwen3.8-27b,L_vis,aiops2022,top1_correct,20
ledger_handoff_rca,qwen3.8-27b,L_vis,aiops2022,top5_miss,55
ledger_handoff_rca,qwen3.8-27b,L_vis,aiops2025,rank_2_3,21
ledger_handoff_rca,qwen3.8-27b,L_vis,aiops2025,rank_4_5,3
ledger_handoff_rca,qwen3.8-27b,L_vis,aiops2025,top1_correct,14
ledger_handoff_rca,qwen3.8-27b,L_vis,aiops2025,top5_miss,55
ledger_handoff_rca,qwen3.8-27b,L_vis,re2_ob,rank_2_3,31
ledger_handoff_rca,qwen3.8-27b,L_vis,re2_ob,rank_4_5,6
ledger_handoff_rca,qwen3.8-27b,L_vis,re2_ob,top1_correct,40
ledger_handoff_rca,qwen3.8-27b,L_vis,re2_ob,top5_miss,13
ledger_handoff_rca,qwen3.8-27b,L_vis,re2_tt,rank_2_3,33
ledger_handoff_rca,qwen3.8-27b,L_vis,re2_tt,rank_4_5,2
ledger_handoff_rca,qwen3.8-27b,L_vis,re2_tt,top1_correct,32
ledger_handoff_rca,qwen3.8-27b,L_vis,re2_tt,top5_miss,23
matched_rca,gemma-4-26b-a4b,F,aegislab,rank_2_3,5
matched_rca,gemma-4-26b-a4b,F,aegislab,top1_correct,42
matched_rca,gemma-4-26b-a4b,F,aegislab,top5_miss,49
matched_rca,gemma-4-26b-a4b,F,aiops2022,rank_2_3,6
matched_rca,gemma-4-26b-a4b,F,aiops2022,rank_4_5,1
matched_rca,gemma-4-26b-a4b,F,aiops2022,top1_correct,33
matched_rca,gemma-4-26b-a4b,F,aiops2022,top5_miss,60
matched_rca,gemma-4-26b-a4b,F,aiops2025,rank_2_3,9
matched_rca,gemma-4-26b-a4b,F,aiops2025,top1_correct,18
matched_rca,gemma-4-26b-a4b,F,aiops2025,top5_miss,66
matched_rca,gemma-4-26b-a4b,F,re2_ob,rank_2_3,12
matched_rca,gemma-4-26b-a4b,F,re2_ob,top1_correct,66
matched_rca,gemma-4-26b-a4b,F,re2_ob,top5_miss,12
matched_rca,gemma-4-26b-a4b,F,re2_tt,rank_2_3,11
matched_rca,gemma-4-26b-a4b,F,re2_tt,top1_correct,54
matched_rca,gemma-4-26b-a4b,F,re2_tt,top5_miss,25
matched_rca,gemma-4-26b-a4b,H,aegislab,rank_2_3,6
matched_rca,gemma-4-26b-a4b,H,aegislab,top1_correct,44
matched_rca,gemma-4-26b-a4b,H,aegislab,top5_miss,46
matched_rca,gemma-4-26b-a4b,H,aiops2022,rank_2_3,8
matched_rca,gemma-4-26b-a4b,H,aiops2022,top1_correct,29
matched_rca,gemma-4-26b-a4b,H,aiops2022,top5_miss,63
matched_rca,gemma-4-26b-a4b,H,aiops2025,rank_2_3,7
matched_rca,gemma-4-26b-a4b,H,aiops2025,rank_4_5,1
matched_rca,gemma-4-26b-a4b,H,aiops2025,top1_correct,19
matched_rca,gemma-4-26b-a4b,H,aiops2025,top5_miss,66
matched_rca,gemma-4-26b-a4b,H,re2_ob,rank_2_3,10
matched_rca,gemma-4-26b-a4b,H,re2_ob,rank_4_5,2
matched_rca,gemma-4-26b-a4b,H,re2_ob,top1_correct,69
matched_rca,gemma-4-26b-a4b,H,re2_ob,top5_miss,9
matched_rca,gemma-4-26b-a4b,H,re2_tt,rank_2_3,9
matched_rca,gemma-4-26b-a4b,H,re2_tt,rank_4_5,2
matched_rca,gemma-4-26b-a4b,H,re2_tt,top1_correct,53
matched_rca,gemma-4-26b-a4b,H,re2_tt,top5_miss,26
matched_rca,gemma-4-26b-a4b,P,aegislab,rank_2_3,11
matched_rca,gemma-4-26b-a4b,P,aegislab,top1_correct,29
matched_rca,gemma-4-26b-a4b,P,aegislab,top5_miss,56
matched_rca,gemma-4-26b-a4b,P,aiops2022,rank_2_3,8
matched_rca,gemma-4-26b-a4b,P,aiops2022,top1_correct,19
matched_rca,gemma-4-26b-a4b,P,aiops2022,top5_miss,73
matched_rca,gemma-4-26b-a4b,P,aiops2025,rank_2_3,5
matched_rca,gemma-4-26b-a4b,P,aiops2025,top1_correct,18
matched_rca,gemma-4-26b-a4b,P,aiops2025,top5_miss,70
matched_rca,gemma-4-26b-a4b,P,re2_ob,rank_2_3,11
matched_rca,gemma-4-26b-a4b,P,re2_ob,rank_4_5,1
matched_rca,gemma-4-26b-a4b,P,re2_ob,top1_correct,55
matched_rca,gemma-4-26b-a4b,P,re2_ob,top5_miss,23
matched_rca,gemma-4-26b-a4b,P,re2_tt,rank_2_3,16
matched_rca,gemma-4-26b-a4b,P,re2_tt,rank_4_5,1
matched_rca,gemma-4-26b-a4b,P,re2_tt,top1_correct,35
matched_rca,gemma-4-26b-a4b,P,re2_tt,top5_miss,38
matched_rca,gemma-4-26b-a4b,R,aegislab,rank_2_3,6
matched_rca,gemma-4-26b-a4b,R,aegislab,top1_correct,38
matched_rca,gemma-4-26b-a4b,R,aegislab,top5_miss,52
matched_rca,gemma-4-26b-a4b,R,aiops2022,rank_2_3,7
matched_rca,gemma-4-26b-a4b,R,aiops2022,top1_correct,26
matched_rca,gemma-4-26b-a4b,R,aiops2022,top5_miss,67
matched_rca,gemma-4-26b-a4b,R,aiops2025,rank_2_3,7
matched_rca,gemma-4-26b-a4b,R,aiops2025,rank_4_5,2
matched_rca,gemma-4-26b-a4b,R,aiops2025,top1_correct,18
matched_rca,gemma-4-26b-a4b,R,aiops2025,top5_miss,66
matched_rca,gemma-4-26b-a4b,R,re2_ob,rank_2_3,5
matched_rca,gemma-4-26b-a4b,R,re2_ob,rank_4_5,1
matched_rca,gemma-4-26b-a4b,R,re2_ob,top1_correct,71
matched_rca,gemma-4-26b-a4b,R,re2_ob,top5_miss,13
matched_rca,gemma-4-26b-a4b,R,re2_tt,rank_2_3,9
matched_rca,gemma-4-26b-a4b,R,re2_tt,rank_4_5,1
matched_rca,gemma-4-26b-a4b,R,re2_tt,top1_correct,45
matched_rca,gemma-4-26b-a4b,R,re2_tt,top5_miss,35
matched_rca,gemma-4-26b-a4b,T,aegislab,rank_2_3,4
matched_rca,gemma-4-26b-a4b,T,aegislab,top1_correct,45
matched_rca,gemma-4-26b-a4b,T,aegislab,top5_miss,47
matched_rca,gemma-4-26b-a4b,T,aiops2022,rank_2_3,7
matched_rca,gemma-4-26b-a4b,T,aiops2022,top1_correct,28
matched_rca,gemma-4-26b-a4b,T,aiops2022,top5_miss,65
matched_rca,gemma-4-26b-a4b,T,aiops2025,rank_2_3,7
matched_rca,gemma-4-26b-a4b,T,aiops2025,rank_4_5,2
matched_rca,gemma-4-26b-a4b,T,aiops2025,top1_correct,19
matched_rca,gemma-4-26b-a4b,T,aiops2025,top5_miss,65
matched_rca,gemma-4-26b-a4b,T,re2_ob,rank_2_3,10
matched_rca,gemma-4-26b-a4b,T,re2_ob,rank_4_5,1
matched_rca,gemma-4-26b-a4b,T,re2_ob,top1_correct,68
matched_rca,gemma-4-26b-a4b,T,re2_ob,top5_miss,11
matched_rca,gemma-4-26b-a4b,T,re2_tt,rank_2_3,9
matched_rca,gemma-4-26b-a4b,T,re2_tt,rank_4_5,2
matched_rca,gemma-4-26b-a4b,T,re2_tt,top1_correct,52
matched_rca,gemma-4-26b-a4b,T,re2_tt,top5_miss,27
matched_rca,gemma-4-26b-a4b,V,aegislab,rank_2_3,4
matched_rca,gemma-4-26b-a4b,V,aegislab,rank_4_5,2
matched_rca,gemma-4-26b-a4b,V,aegislab,top1_correct,41
matched_rca,gemma-4-26b-a4b,V,aegislab,top5_miss,49
matched_rca,gemma-4-26b-a4b,V,aiops2022,rank_2_3,4
matched_rca,gemma-4-26b-a4b,V,aiops2022,top1_correct,30
matched_rca,gemma-4-26b-a4b,V,aiops2022,top5_miss,66
matched_rca,gemma-4-26b-a4b,V,aiops2025,rank_2_3,7
matched_rca,gemma-4-26b-a4b,V,aiops2025,top1_correct,15
matched_rca,gemma-4-26b-a4b,V,aiops2025,top5_miss,71
matched_rca,gemma-4-26b-a4b,V,re2_ob,rank_2_3,10
matched_rca,gemma-4-26b-a4b,V,re2_ob,top1_correct,67
matched_rca,gemma-4-26b-a4b,V,re2_ob,top5_miss,13
matched_rca,gemma-4-26b-a4b,V,re2_tt,rank_2_3,1
matched_rca,gemma-4-26b-a4b,V,re2_tt,rank_4_5,1
matched_rca,gemma-4-26b-a4b,V,re2_tt,top1_correct,47
matched_rca,gemma-4-26b-a4b,V,re2_tt,top5_miss,41
matched_rca,qwen3.6-27b,F,aegislab,rank_2_3,31
matched_rca,qwen3.6-27b,F,aegislab,rank_4_5,11
matched_rca,qwen3.6-27b,F,aegislab,top1_correct,18
matched_rca,qwen3.6-27b,F,aegislab,top5_miss,36
matched_rca,qwen3.6-27b,F,aiops2022,rank_2_3,18
matched_rca,qwen3.6-27b,F,aiops2022,rank_4_5,5
matched_rca,qwen3.6-27b,F,aiops2022,top1_correct,26
matched_rca,qwen3.6-27b,F,aiops2022,top5_miss,51
matched_rca,qwen3.6-27b,F,aiops2025,rank_2_3,14
matched_rca,qwen3.6-27b,F,aiops2025,rank_4_5,12
matched_rca,qwen3.6-27b,F,aiops2025,top1_correct,17
matched_rca,qwen3.6-27b,F,aiops2025,top5_miss,50
matched_rca,qwen3.6-27b,F,re2_ob,rank_2_3,29
matched_rca,qwen3.6-27b,F,re2_ob,rank_4_5,7
matched_rca,qwen3.6-27b,F,re2_ob,top1_correct,52
matched_rca,qwen3.6-27b,F,re2_ob,top5_miss,2
matched_rca,qwen3.6-27b,F,re2_tt,rank_2_3,19
matched_rca,qwen3.6-27b,F,re2_tt,rank_4_5,5
matched_rca,qwen3.6-27b,F,re2_tt,top1_correct,54
matched_rca,qwen3.6-27b,F,re2_tt,top5_miss,12
matched_rca,qwen3.6-27b,H,aegislab,rank_2_3,35
matched_rca,qwen3.6-27b,H,aegislab,rank_4_5,3
matched_rca,qwen3.6-27b,H,aegislab,top1_correct,27
matched_rca,qwen3.6-27b,H,aegislab,top5_miss,31
matched_rca,qwen3.6-27b,H,aiops2022,rank_2_3,25
matched_rca,qwen3.6-27b,H,aiops2022,rank_4_5,5
matched_rca,qwen3.6-27b,H,aiops2022,top1_correct,22
matched_rca,qwen3.6-27b,H,aiops2022,top5_miss,48
matched_rca,qwen3.6-27b,H,aiops2025,rank_2_3,20
matched_rca,qwen3.6-27b,H,aiops2025,rank_4_5,11
matched_rca,qwen3.6-27b,H,aiops2025,top1_correct,15
matched_rca,qwen3.6-27b,H,aiops2025,top5_miss,47
matched_rca,qwen3.6-27b,H,re2_ob,rank_2_3,30
matched_rca,qwen3.6-27b,H,re2_ob,rank_4_5,5
matched_rca,qwen3.6-27b,H,re2_ob,top1_correct,51
matched_rca,qwen3.6-27b,H,re2_ob,top5_miss,4
matched_rca,qwen3.6-27b,H,re2_tt,rank_2_3,19
matched_rca,qwen3.6-27b,H,re2_tt,rank_4_5,3
matched_rca,qwen3.6-27b,H,re2_tt,top1_correct,52
matched_rca,qwen3.6-27b,H,re2_tt,top5_miss,16
matched_rca,qwen3.6-27b,P,aegislab,rank_2_3,17
matched_rca,qwen3.6-27b,P,aegislab,rank_4_5,3
matched_rca,qwen3.6-27b,P,aegislab,top1_correct,10
matched_rca,qwen3.6-27b,P,aegislab,top5_miss,11
matched_rca,qwen3.6-27b,P,aiops2022,rank_2_3,14
matched_rca,qwen3.6-27b,P,aiops2022,rank_4_5,2
matched_rca,qwen3.6-27b,P,aiops2022,top1_correct,23
matched_rca,qwen3.6-27b,P,aiops2022,top5_miss,61
matched_rca,qwen3.6-27b,P,aiops2025,rank_2_3,19
matched_rca,qwen3.6-27b,P,aiops2025,rank_4_5,10
matched_rca,qwen3.6-27b,P,aiops2025,top1_correct,14
matched_rca,qwen3.6-27b,P,aiops2025,top5_miss,50
matched_rca,qwen3.6-27b,P,re2_ob,rank_2_3,28
matched_rca,qwen3.6-27b,P,re2_ob,rank_4_5,9
matched_rca,qwen3.6-27b,P,re2_ob,top1_correct,49
matched_rca,qwen3.6-27b,P,re2_ob,top5_miss,4
matched_rca,qwen3.6-27b,P,re2_tt,rank_2_3,21
matched_rca,qwen3.6-27b,P,re2_tt,rank_4_5,4
matched_rca,qwen3.6-27b,P,re2_tt,top1_correct,44
matched_rca,qwen3.6-27b,P,re2_tt,top5_miss,21
matched_rca,qwen3.6-27b,R,aegislab,rank_2_3,32
matched_rca,qwen3.6-27b,R,aegislab,rank_4_5,6
matched_rca,qwen3.6-27b,R,aegislab,top1_correct,27
matched_rca,qwen3.6-27b,R,aegislab,top5_miss,31
matched_rca,qwen3.6-27b,R,aiops2022,rank_2_3,15
matched_rca,qwen3.6-27b,R,aiops2022,rank_4_5,4
matched_rca,qwen3.6-27b,R,aiops2022,top1_correct,25
matched_rca,qwen3.6-27b,R,aiops2022,top5_miss,56
matched_rca,qwen3.6-27b,R,aiops2025,rank_2_3,18
matched_rca,qwen3.6-27b,R,aiops2025,rank_4_5,2
matched_rca,qwen3.6-27b,R,aiops2025,top1_correct,24
matched_rca,qwen3.6-27b,R,aiops2025,top5_miss,49
matched_rca,qwen3.6-27b,R,re2_ob,rank_2_3,18
matched_rca,qwen3.6-27b,R,re2_ob,rank_4_5,5
matched_rca,qwen3.6-27b,R,re2_ob,top1_correct,62
matched_rca,qwen3.6-27b,R,re2_ob,top5_miss,5
matched_rca,qwen3.6-27b,R,re2_tt,rank_2_3,23
matched_rca,qwen3.6-27b,R,re2_tt,rank_4_5,4
matched_rca,qwen3.6-27b,R,re2_tt,top1_correct,43
matched_rca,qwen3.6-27b,R,re2_tt,top5_miss,20
matched_rca,qwen3.6-27b,T,aegislab,rank_2_3,32
matched_rca,qwen3.6-27b,T,aegislab,rank_4_5,12
matched_rca,qwen3.6-27b,T,aegislab,top1_correct,25
matched_rca,qwen3.6-27b,T,aegislab,top5_miss,27
matched_rca,qwen3.6-27b,T,aiops2022,rank_2_3,21
matched_rca,qwen3.6-27b,T,aiops2022,rank_4_5,6
matched_rca,qwen3.6-27b,T,aiops2022,top1_correct,24
matched_rca,qwen3.6-27b,T,aiops2022,top5_miss,49
matched_rca,qwen3.6-27b,T,aiops2025,rank_2_3,14
matched_rca,qwen3.6-27b,T,aiops2025,rank_4_5,6
matched_rca,qwen3.6-27b,T,aiops2025,top1_correct,19
matched_rca,qwen3.6-27b,T,aiops2025,top5_miss,54
matched_rca,qwen3.6-27b,T,re2_ob,parse_failure,1
matched_rca,qwen3.6-27b,T,re2_ob,rank_2_3,22
matched_rca,qwen3.6-27b,T,re2_ob,rank_4_5,8
matched_rca,qwen3.6-27b,T,re2_ob,top1_correct,52
matched_rca,qwen3.6-27b,T,re2_ob,top5_miss,7
matched_rca,qwen3.6-27b,T,re2_tt,rank_2_3,25
matched_rca,qwen3.6-27b,T,re2_tt,rank_4_5,4
matched_rca,qwen3.6-27b,T,re2_tt,top1_correct,51
matched_rca,qwen3.6-27b,T,re2_tt,top5_miss,10
matched_rca,qwen3.6-27b,V,aegislab,rank_2_3,33
matched_rca,qwen3.6-27b,V,aegislab,rank_4_5,7
matched_rca,qwen3.6-27b,V,aegislab,top1_correct,28
matched_rca,qwen3.6-27b,V,aegislab,top5_miss,28
matched_rca,qwen3.6-27b,V,aiops2022,rank_2_3,22
matched_rca,qwen3.6-27b,V,aiops2022,rank_4_5,4
matched_rca,qwen3.6-27b,V,aiops2022,top1_correct,23
matched_rca,qwen3.6-27b,V,aiops2022,top5_miss,51
matched_rca,qwen3.6-27b,V,aiops2025,rank_2_3,19
matched_rca,qwen3.6-27b,V,aiops2025,rank_4_5,4
matched_rca,qwen3.6-27b,V,aiops2025,top1_correct,18
matched_rca,qwen3.6-27b,V,aiops2025,top5_miss,52
matched_rca,qwen3.6-27b,V,re2_ob,rank_2_3,25
matched_rca,qwen3.6-27b,V,re2_ob,rank_4_5,4
matched_rca,qwen3.6-27b,V,re2_ob,top1_correct,58
matched_rca,qwen3.6-27b,V,re2_ob,top5_miss,3
matched_rca,qwen3.6-27b,V,re2_tt,parse_failure,1
matched_rca,qwen3.6-27b,V,re2_tt,rank_2_3,19
matched_rca,qwen3.6-27b,V,re2_tt,rank_4_5,6
matched_rca,qwen3.6-27b,V,re2_tt,top1_correct,45
matched_rca,qwen3.6-27b,V,re2_tt,top5_miss,19
matched_rca,qwen3.8-27b,F,aegislab,rank_2_3,30
matched_rca,qwen3.8-27b,F,aegislab,rank_4_5,5
matched_rca,qwen3.8-27b,F,aegislab,top1_correct,22
matched_rca,qwen3.8-27b,F,aegislab,top5_miss,39
matched_rca,qwen3.8-27b,F,aiops2022,rank_2_3,20
matched_rca,qwen3.8-27b,F,aiops2022,top1_correct,23
matched_rca,qwen3.8-27b,F,aiops2022,top5_miss,57
matched_rca,qwen3.8-27b,F,aiops2025,rank_2_3,20
matched_rca,qwen3.8-27b,F,aiops2025,rank_4_5,5
matched_rca,qwen3.8-27b,F,aiops2025,top1_correct,14
matched_rca,qwen3.8-27b,F,aiops2025,top5_miss,54
matched_rca,qwen3.8-27b,F,re2_ob,rank_2_3,26
matched_rca,qwen3.8-27b,F,re2_ob,rank_4_5,3
matched_rca,qwen3.8-27b,F,re2_ob,top1_correct,49
matched_rca,qwen3.8-27b,F,re2_ob,top5_miss,12
matched_rca,qwen3.8-27b,F,re2_tt,rank_2_3,24
matched_rca,qwen3.8-27b,F,re2_tt,rank_4_5,3
matched_rca,qwen3.8-27b,F,re2_tt,top1_correct,46
matched_rca,qwen3.8-27b,F,re2_tt,top5_miss,17
matched_rca,qwen3.8-27b,H,aegislab,rank_2_3,39
matched_rca,qwen3.8-27b,H,aegislab,rank_4_5,4
matched_rca,qwen3.8-27b,H,aegislab,top1_correct,16
matched_rca,qwen3.8-27b,H,aegislab,top5_miss,37
matched_rca,qwen3.8-27b,H,aiops2022,parse_failure,1
matched_rca,qwen3.8-27b,H,aiops2022,rank_2_3,18
matched_rca,qwen3.8-27b,H,aiops2022,rank_4_5,3
matched_rca,qwen3.8-27b,H,aiops2022,top1_correct,23
matched_rca,qwen3.8-27b,H,aiops2022,top5_miss,55
matched_rca,qwen3.8-27b,H,aiops2025,rank_2_3,20
matched_rca,qwen3.8-27b,H,aiops2025,rank_4_5,5
matched_rca,qwen3.8-27b,H,aiops2025,top1_correct,15
matched_rca,qwen3.8-27b,H,aiops2025,top5_miss,53
matched_rca,qwen3.8-27b,H,re2_ob,rank_2_3,29
matched_rca,qwen3.8-27b,H,re2_ob,top1_correct,51
matched_rca,qwen3.8-27b,H,re2_ob,top5_miss,10
matched_rca,qwen3.8-27b,H,re2_tt,rank_2_3,26
matched_rca,qwen3.8-27b,H,re2_tt,rank_4_5,2
matched_rca,qwen3.8-27b,H,re2_tt,top1_correct,45
matched_rca,qwen3.8-27b,H,re2_tt,top5_miss,17
matched_rca,qwen3.8-27b,P,aegislab,parse_failure,1
matched_rca,qwen3.8-27b,P,aegislab,rank_2_3,30
matched_rca,qwen3.8-27b,P,aegislab,rank_4_5,4
matched_rca,qwen3.8-27b,P,aegislab,top1_correct,15
matched_rca,qwen3.8-27b,P,aegislab,top5_miss,46
matched_rca,qwen3.8-27b,P,aiops2022,parse_failure,2
matched_rca,qwen3.8-27b,P,aiops2022,rank_2_3,13
matched_rca,qwen3.8-27b,P,aiops2022,rank_4_5,4
matched_rca,qwen3.8-27b,P,aiops2022,top1_correct,20
matched_rca,qwen3.8-27b,P,aiops2022,top5_miss,61
matched_rca,qwen3.8-27b,P,aiops2025,rank_2_3,18
matched_rca,qwen3.8-27b,P,aiops2025,rank_4_5,8
matched_rca,qwen3.8-27b,P,aiops2025,top1_correct,14
matched_rca,qwen3.8-27b,P,aiops2025,top5_miss,53
matched_rca,qwen3.8-27b,P,re2_ob,rank_2_3,32
matched_rca,qwen3.8-27b,P,re2_ob,rank_4_5,4
matched_rca,qwen3.8-27b,P,re2_ob,top1_correct,43
matched_rca,qwen3.8-27b,P,re2_ob,top5_miss,11
matched_rca,qwen3.8-27b,P,re2_tt,rank_2_3,31
matched_rca,qwen3.8-27b,P,re2_tt,top1_correct,41
matched_rca,qwen3.8-27b,P,re2_tt,top5_miss,18
matched_rca,qwen3.8-27b,R,aegislab,rank_2_3,33
matched_rca,qwen3.8-27b,R,aegislab,rank_4_5,2
matched_rca,qwen3.8-27b,R,aegislab,top1_correct,29
matched_rca,qwen3.8-27b,R,aegislab,top5_miss,32
matched_rca,qwen3.8-27b,R,aiops2022,rank_2_3,24
matched_rca,qwen3.8-27b,R,aiops2022,rank_4_5,7
matched_rca,qwen3.8-27b,R,aiops2022,top1_correct,24
matched_rca,qwen3.8-27b,R,aiops2022,top5_miss,45
matched_rca,qwen3.8-27b,R,aiops2025,rank_2_3,23
matched_rca,qwen3.8-27b,R,aiops2025,rank_4_5,2
matched_rca,qwen3.8-27b,R,aiops2025,top1_correct,19
matched_rca,qwen3.8-27b,R,aiops2025,top5_miss,49
matched_rca,qwen3.8-27b,R,re2_ob,parse_failure,1
matched_rca,qwen3.8-27b,R,re2_ob,rank_2_3,23
matched_rca,qwen3.8-27b,R,re2_ob,top1_correct,54
matched_rca,qwen3.8-27b,R,re2_ob,top5_miss,12
matched_rca,qwen3.8-27b,R,re2_tt,rank_2_3,27
matched_rca,qwen3.8-27b,R,re2_tt,rank_4_5,1
matched_rca,qwen3.8-27b,R,re2_tt,top1_correct,43
matched_rca,qwen3.8-27b,R,re2_tt,top5_miss,19
matched_rca,qwen3.8-27b,T,aegislab,rank_2_3,25
matched_rca,qwen3.8-27b,T,aegislab,rank_4_5,6
matched_rca,qwen3.8-27b,T,aegislab,top1_correct,21
matched_rca,qwen3.8-27b,T,aegislab,top5_miss,44
matched_rca,qwen3.8-27b,T,aiops2022,rank_2_3,25
matched_rca,qwen3.8-27b,T,aiops2022,rank_4_5,2
matched_rca,qwen3.8-27b,T,aiops2022,top1_correct,21
matched_rca,qwen3.8-27b,T,aiops2022,top5_miss,52
matched_rca,qwen3.8-27b,T,aiops2025,rank_2_3,23
matched_rca,qwen3.8-27b,T,aiops2025,rank_4_5,6
matched_rca,qwen3.8-27b,T,aiops2025,top1_correct,16
matched_rca,qwen3.8-27b,T,aiops2025,top5_miss,48
matched_rca,qwen3.8-27b,T,re2_ob,rank_2_3,30
matched_rca,qwen3.8-27b,T,re2_ob,rank_4_5,2
matched_rca,qwen3.8-27b,T,re2_ob,top1_correct,51
matched_rca,qwen3.8-27b,T,re2_ob,top5_miss,7
matched_rca,qwen3.8-27b,T,re2_tt,parse_failure,1
matched_rca,qwen3.8-27b,T,re2_tt,rank_2_3,27
matched_rca,qwen3.8-27b,T,re2_tt,rank_4_5,4
matched_rca,qwen3.8-27b,T,re2_tt,top1_correct,44
matched_rca,qwen3.8-27b,T,re2_tt,top5_miss,14
matched_rca,qwen3.8-27b,V,aegislab,rank_2_3,27
matched_rca,qwen3.8-27b,V,aegislab,rank_4_5,4
matched_rca,qwen3.8-27b,V,aegislab,top1_correct,26
matched_rca,qwen3.8-27b,V,aegislab,top5_miss,39
matched_rca,qwen3.8-27b,V,aiops2022,rank_2_3,23
matched_rca,qwen3.8-27b,V,aiops2022,rank_4_5,6
matched_rca,qwen3.8-27b,V,aiops2022,top1_correct,17
matched_rca,qwen3.8-27b,V,aiops2022,top5_miss,54
matched_rca,qwen3.8-27b,V,aiops2025,parse_failure,1
matched_rca,qwen3.8-27b,V,aiops2025,rank_2_3,18
matched_rca,qwen3.8-27b,V,aiops2025,rank_4_5,7
matched_rca,qwen3.8-27b,V,aiops2025,top1_correct,18
matched_rca,qwen3.8-27b,V,aiops2025,top5_miss,49
matched_rca,qwen3.8-27b,V,re2_ob,rank_2_3,34
matched_rca,qwen3.8-27b,V,re2_ob,rank_4_5,5
matched_rca,qwen3.8-27b,V,re2_ob,top1_correct,41
matched_rca,qwen3.8-27b,V,re2_ob,top5_miss,10
matched_rca,qwen3.8-27b,V,re2_tt,rank_2_3,29
matched_rca,qwen3.8-27b,V,re2_tt,top1_correct,36
matched_rca,qwen3.8-27b,V,re2_tt,top5_miss,25
visual_counterfactual_rca,gemma-4-26b-a4b,H_factual,aegislab,rank_2_3,6
visual_counterfactual_rca,gemma-4-26b-a4b,H_factual,aegislab,rank_4_5,2
visual_counterfactual_rca,gemma-4-26b-a4b,H_factual,aegislab,top1_correct,43
visual_counterfactual_rca,gemma-4-26b-a4b,H_factual,aegislab,top5_miss,45
visual_counterfactual_rca,gemma-4-26b-a4b,H_factual,aiops2022,rank_2_3,6
visual_counterfactual_rca,gemma-4-26b-a4b,H_factual,aiops2022,top1_correct,12
visual_counterfactual_rca,gemma-4-26b-a4b,H_factual,aiops2022,top5_miss,29
visual_counterfactual_rca,gemma-4-26b-a4b,H_factual,aiops2025,rank_2_3,9
visual_counterfactual_rca,gemma-4-26b-a4b,H_factual,aiops2025,top1_correct,18
visual_counterfactual_rca,gemma-4-26b-a4b,H_factual,aiops2025,top5_miss,66
visual_counterfactual_rca,gemma-4-26b-a4b,H_factual,re2_ob,rank_2_3,8
visual_counterfactual_rca,gemma-4-26b-a4b,H_factual,re2_ob,top1_correct,73
visual_counterfactual_rca,gemma-4-26b-a4b,H_factual,re2_ob,top5_miss,9
visual_counterfactual_rca,gemma-4-26b-a4b,H_factual,re2_tt,rank_2_3,10
visual_counterfactual_rca,gemma-4-26b-a4b,H_factual,re2_tt,rank_4_5,1
visual_counterfactual_rca,gemma-4-26b-a4b,H_factual,re2_tt,top1_correct,51
visual_counterfactual_rca,gemma-4-26b-a4b,H_factual,re2_tt,top5_miss,28
visual_counterfactual_rca,gemma-4-26b-a4b,H_neutral,aegislab,rank_2_3,4
visual_counterfactual_rca,gemma-4-26b-a4b,H_neutral,aegislab,rank_4_5,1
visual_counterfactual_rca,gemma-4-26b-a4b,H_neutral,aegislab,top1_correct,44
visual_counterfactual_rca,gemma-4-26b-a4b,H_neutral,aegislab,top5_miss,47
visual_counterfactual_rca,gemma-4-26b-a4b,H_neutral,aiops2022,rank_2_3,3
visual_counterfactual_rca,gemma-4-26b-a4b,H_neutral,aiops2022,top1_correct,14
visual_counterfactual_rca,gemma-4-26b-a4b,H_neutral,aiops2022,top5_miss,30
visual_counterfactual_rca,gemma-4-26b-a4b,H_neutral,aiops2025,rank_2_3,7
visual_counterfactual_rca,gemma-4-26b-a4b,H_neutral,aiops2025,top1_correct,21
visual_counterfactual_rca,gemma-4-26b-a4b,H_neutral,aiops2025,top5_miss,65
visual_counterfactual_rca,gemma-4-26b-a4b,H_neutral,re2_ob,rank_2_3,8
visual_counterfactual_rca,gemma-4-26b-a4b,H_neutral,re2_ob,rank_4_5,2
visual_counterfactual_rca,gemma-4-26b-a4b,H_neutral,re2_ob,top1_correct,70
visual_counterfactual_rca,gemma-4-26b-a4b,H_neutral,re2_ob,top5_miss,10
visual_counterfactual_rca,gemma-4-26b-a4b,H_neutral,re2_tt,rank_2_3,13
visual_counterfactual_rca,gemma-4-26b-a4b,H_neutral,re2_tt,top1_correct,49
visual_counterfactual_rca,gemma-4-26b-a4b,H_neutral,re2_tt,top5_miss,28
visual_counterfactual_rca,gemma-4-26b-a4b,H_placebo,aegislab,rank_2_3,11
visual_counterfactual_rca,gemma-4-26b-a4b,H_placebo,aegislab,rank_4_5,2
visual_counterfactual_rca,gemma-4-26b-a4b,H_placebo,aegislab,top1_correct,44
visual_counterfactual_rca,gemma-4-26b-a4b,H_placebo,aegislab,top5_miss,39
visual_counterfactual_rca,gemma-4-26b-a4b,H_placebo,aiops2022,rank_2_3,5
visual_counterfactual_rca,gemma-4-26b-a4b,H_placebo,aiops2022,top1_correct,11
visual_counterfactual_rca,gemma-4-26b-a4b,H_placebo,aiops2022,top5_miss,31
visual_counterfactual_rca,gemma-4-26b-a4b,H_placebo,aiops2025,rank_2_3,7
visual_counterfactual_rca,gemma-4-26b-a4b,H_placebo,aiops2025,rank_4_5,2
visual_counterfactual_rca,gemma-4-26b-a4b,H_placebo,aiops2025,top1_correct,17
visual_counterfactual_rca,gemma-4-26b-a4b,H_placebo,aiops2025,top5_miss,67
visual_counterfactual_rca,gemma-4-26b-a4b,H_placebo,re2_ob,rank_2_3,11
visual_counterfactual_rca,gemma-4-26b-a4b,H_placebo,re2_ob,top1_correct,71
visual_counterfactual_rca,gemma-4-26b-a4b,H_placebo,re2_ob,top5_miss,8
visual_counterfactual_rca,gemma-4-26b-a4b,H_placebo,re2_tt,rank_2_3,9
visual_counterfactual_rca,gemma-4-26b-a4b,H_placebo,re2_tt,rank_4_5,1
visual_counterfactual_rca,gemma-4-26b-a4b,H_placebo,re2_tt,top1_correct,51
visual_counterfactual_rca,gemma-4-26b-a4b,H_placebo,re2_tt,top5_miss,29
visual_counterfactual_rca,gemma-4-26b-a4b,H_targeted,aegislab,rank_2_3,7
visual_counterfactual_rca,gemma-4-26b-a4b,H_targeted,aegislab,rank_4_5,5
visual_counterfactual_rca,gemma-4-26b-a4b,H_targeted,aegislab,top1_correct,39
visual_counterfactual_rca,gemma-4-26b-a4b,H_targeted,aegislab,top5_miss,45
visual_counterfactual_rca,gemma-4-26b-a4b,H_targeted,aiops2022,rank_2_3,6
visual_counterfactual_rca,gemma-4-26b-a4b,H_targeted,aiops2022,top1_correct,11
visual_counterfactual_rca,gemma-4-26b-a4b,H_targeted,aiops2022,top5_miss,30
visual_counterfactual_rca,gemma-4-26b-a4b,H_targeted,aiops2025,rank_2_3,8
visual_counterfactual_rca,gemma-4-26b-a4b,H_targeted,aiops2025,rank_4_5,2
visual_counterfactual_rca,gemma-4-26b-a4b,H_targeted,aiops2025,top1_correct,18
visual_counterfactual_rca,gemma-4-26b-a4b,H_targeted,aiops2025,top5_miss,65
visual_counterfactual_rca,gemma-4-26b-a4b,H_targeted,re2_ob,rank_2_3,7
visual_counterfactual_rca,gemma-4-26b-a4b,H_targeted,re2_ob,rank_4_5,1
visual_counterfactual_rca,gemma-4-26b-a4b,H_targeted,re2_ob,top1_correct,69
visual_counterfactual_rca,gemma-4-26b-a4b,H_targeted,re2_ob,top5_miss,13
visual_counterfactual_rca,gemma-4-26b-a4b,H_targeted,re2_tt,rank_2_3,10
visual_counterfactual_rca,gemma-4-26b-a4b,H_targeted,re2_tt,rank_4_5,1
visual_counterfactual_rca,gemma-4-26b-a4b,H_targeted,re2_tt,top1_correct,53
visual_counterfactual_rca,gemma-4-26b-a4b,H_targeted,re2_tt,top5_miss,26
visual_counterfactual_rca,qwen3.6-27b,H_factual,aegislab,rank_2_3,26
visual_counterfactual_rca,qwen3.6-27b,H_factual,aegislab,rank_4_5,19
visual_counterfactual_rca,qwen3.6-27b,H_factual,aegislab,top1_correct,23
visual_counterfactual_rca,qwen3.6-27b,H_factual,aegislab,top5_miss,28
visual_counterfactual_rca,qwen3.6-27b,H_factual,aiops2022,rank_2_3,9
visual_counterfactual_rca,qwen3.6-27b,H_factual,aiops2022,rank_4_5,2
visual_counterfactual_rca,qwen3.6-27b,H_factual,aiops2022,top1_correct,12
visual_counterfactual_rca,qwen3.6-27b,H_factual,aiops2022,top5_miss,24
visual_counterfactual_rca,qwen3.6-27b,H_factual,aiops2025,rank_2_3,14
visual_counterfactual_rca,qwen3.6-27b,H_factual,aiops2025,rank_4_5,7
visual_counterfactual_rca,qwen3.6-27b,H_factual,aiops2025,top1_correct,15
visual_counterfactual_rca,qwen3.6-27b,H_factual,aiops2025,top5_miss,57
visual_counterfactual_rca,qwen3.6-27b,H_factual,re2_ob,parse_failure,1
visual_counterfactual_rca,qwen3.6-27b,H_factual,re2_ob,rank_2_3,18
visual_counterfactual_rca,qwen3.6-27b,H_factual,re2_ob,rank_4_5,7
visual_counterfactual_rca,qwen3.6-27b,H_factual,re2_ob,top1_correct,61
visual_counterfactual_rca,qwen3.6-27b,H_factual,re2_ob,top5_miss,3
visual_counterfactual_rca,qwen3.6-27b,H_factual,re2_tt,rank_2_3,20
visual_counterfactual_rca,qwen3.6-27b,H_factual,re2_tt,rank_4_5,5
visual_counterfactual_rca,qwen3.6-27b,H_factual,re2_tt,top1_correct,54
visual_counterfactual_rca,qwen3.6-27b,H_factual,re2_tt,top5_miss,11
visual_counterfactual_rca,qwen3.6-27b,H_neutral,aegislab,rank_2_3,27
visual_counterfactual_rca,qwen3.6-27b,H_neutral,aegislab,rank_4_5,12
visual_counterfactual_rca,qwen3.6-27b,H_neutral,aegislab,top1_correct,24
visual_counterfactual_rca,qwen3.6-27b,H_neutral,aegislab,top5_miss,33
visual_counterfactual_rca,qwen3.6-27b,H_neutral,aiops2022,rank_2_3,12
visual_counterfactual_rca,qwen3.6-27b,H_neutral,aiops2022,rank_4_5,1
visual_counterfactual_rca,qwen3.6-27b,H_neutral,aiops2022,top1_correct,13
visual_counterfactual_rca,qwen3.6-27b,H_neutral,aiops2022,top5_miss,21
visual_counterfactual_rca,qwen3.6-27b,H_neutral,aiops2025,rank_2_3,18
visual_counterfactual_rca,qwen3.6-27b,H_neutral,aiops2025,rank_4_5,11
visual_counterfactual_rca,qwen3.6-27b,H_neutral,aiops2025,top1_correct,13
visual_counterfactual_rca,qwen3.6-27b,H_neutral,aiops2025,top5_miss,51
visual_counterfactual_rca,qwen3.6-27b,H_neutral,re2_ob,parse_failure,2
visual_counterfactual_rca,qwen3.6-27b,H_neutral,re2_ob,rank_2_3,25
visual_counterfactual_rca,qwen3.6-27b,H_neutral,re2_ob,rank_4_5,4
visual_counterfactual_rca,qwen3.6-27b,H_neutral,re2_ob,top1_correct,59
visual_counterfactual_rca,qwen3.6-27b,H_neutral,re2_tt,rank_2_3,13
visual_counterfactual_rca,qwen3.6-27b,H_neutral,re2_tt,rank_4_5,3
visual_counterfactual_rca,qwen3.6-27b,H_neutral,re2_tt,top1_correct,63
visual_counterfactual_rca,qwen3.6-27b,H_neutral,re2_tt,top5_miss,11
visual_counterfactual_rca,qwen3.6-27b,H_placebo,aegislab,rank_2_3,26
visual_counterfactual_rca,qwen3.6-27b,H_placebo,aegislab,rank_4_5,22
visual_counterfactual_rca,qwen3.6-27b,H_placebo,aegislab,top1_correct,17
visual_counterfactual_rca,qwen3.6-27b,H_placebo,aegislab,top5_miss,31
visual_counterfactual_rca,qwen3.6-27b,H_placebo,aiops2022,rank_2_3,7
visual_counterfactual_rca,qwen3.6-27b,H_placebo,aiops2022,rank_4_5,5
visual_counterfactual_rca,qwen3.6-27b,H_placebo,aiops2022,top1_correct,14
visual_counterfactual_rca,qwen3.6-27b,H_placebo,aiops2022,top5_miss,21
visual_counterfactual_rca,qwen3.6-27b,H_placebo,aiops2025,rank_2_3,12
visual_counterfactual_rca,qwen3.6-27b,H_placebo,aiops2025,rank_4_5,12
visual_counterfactual_rca,qwen3.6-27b,H_placebo,aiops2025,top1_correct,16
visual_counterfactual_rca,qwen3.6-27b,H_placebo,aiops2025,top5_miss,53
visual_counterfactual_rca,qwen3.6-27b,H_placebo,re2_ob,parse_failure,2
visual_counterfactual_rca,qwen3.6-27b,H_placebo,re2_ob,rank_2_3,18
visual_counterfactual_rca,qwen3.6-27b,H_placebo,re2_ob,rank_4_5,5
visual_counterfactual_rca,qwen3.6-27b,H_placebo,re2_ob,top1_correct,58
visual_counterfactual_rca,qwen3.6-27b,H_placebo,re2_ob,top5_miss,7
visual_counterfactual_rca,qwen3.6-27b,H_placebo,re2_tt,rank_2_3,18
visual_counterfactual_rca,qwen3.6-27b,H_placebo,re2_tt,rank_4_5,6
visual_counterfactual_rca,qwen3.6-27b,H_placebo,re2_tt,top1_correct,53
visual_counterfactual_rca,qwen3.6-27b,H_placebo,re2_tt,top5_miss,13
visual_counterfactual_rca,qwen3.6-27b,H_targeted,aegislab,parse_failure,1
visual_counterfactual_rca,qwen3.6-27b,H_targeted,aegislab,rank_2_3,27
visual_counterfactual_rca,qwen3.6-27b,H_targeted,aegislab,rank_4_5,11
visual_counterfactual_rca,qwen3.6-27b,H_targeted,aegislab,top1_correct,21
visual_counterfactual_rca,qwen3.6-27b,H_targeted,aegislab,top5_miss,36
visual_counterfactual_rca,qwen3.6-27b,H_targeted,aiops2022,rank_2_3,12
visual_counterfactual_rca,qwen3.6-27b,H_targeted,aiops2022,rank_4_5,3
visual_counterfactual_rca,qwen3.6-27b,H_targeted,aiops2022,top1_correct,11
visual_counterfactual_rca,qwen3.6-27b,H_targeted,aiops2022,top5_miss,21
visual_counterfactual_rca,qwen3.6-27b,H_targeted,aiops2025,rank_2_3,19
visual_counterfactual_rca,qwen3.6-27b,H_targeted,aiops2025,rank_4_5,18
visual_counterfactual_rca,qwen3.6-27b,H_targeted,aiops2025,top1_correct,13
visual_counterfactual_rca,qwen3.6-27b,H_targeted,aiops2025,top5_miss,43
visual_counterfactual_rca,qwen3.6-27b,H_targeted,re2_ob,parse_failure,1
visual_counterfactual_rca,qwen3.6-27b,H_targeted,re2_ob,rank_2_3,23
visual_counterfactual_rca,qwen3.6-27b,H_targeted,re2_ob,rank_4_5,8
visual_counterfactual_rca,qwen3.6-27b,H_targeted,re2_ob,top1_correct,55
visual_counterfactual_rca,qwen3.6-27b,H_targeted,re2_ob,top5_miss,3
visual_counterfactual_rca,qwen3.6-27b,H_targeted,re2_tt,parse_failure,1
visual_counterfactual_rca,qwen3.6-27b,H_targeted,re2_tt,rank_2_3,21
visual_counterfactual_rca,qwen3.6-27b,H_targeted,re2_tt,rank_4_5,2
visual_counterfactual_rca,qwen3.6-27b,H_targeted,re2_tt,top1_correct,54
visual_counterfactual_rca,qwen3.6-27b,H_targeted,re2_tt,top5_miss,12
visual_counterfactual_rca,qwen3.8-27b,H_factual,aegislab,rank_2_3,33
visual_counterfactual_rca,qwen3.8-27b,H_factual,aegislab,rank_4_5,4
visual_counterfactual_rca,qwen3.8-27b,H_factual,aegislab,top1_correct,21
visual_counterfactual_rca,qwen3.8-27b,H_factual,aegislab,top5_miss,38
visual_counterfactual_rca,qwen3.8-27b,H_factual,aiops2022,parse_failure,1
visual_counterfactual_rca,qwen3.8-27b,H_factual,aiops2022,rank_2_3,16
visual_counterfactual_rca,qwen3.8-27b,H_factual,aiops2022,rank_4_5,1
visual_counterfactual_rca,qwen3.8-27b,H_factual,aiops2022,top1_correct,9
visual_counterfactual_rca,qwen3.8-27b,H_factual,aiops2022,top5_miss,34
visual_counterfactual_rca,qwen3.8-27b,H_factual,aiops2025,rank_2_3,23
visual_counterfactual_rca,qwen3.8-27b,H_factual,aiops2025,rank_4_5,4
visual_counterfactual_rca,qwen3.8-27b,H_factual,aiops2025,top1_correct,14
visual_counterfactual_rca,qwen3.8-27b,H_factual,aiops2025,top5_miss,52
visual_counterfactual_rca,qwen3.8-27b,H_factual,re2_ob,rank_2_3,32
visual_counterfactual_rca,qwen3.8-27b,H_factual,re2_ob,top1_correct,48
visual_counterfactual_rca,qwen3.8-27b,H_factual,re2_ob,top5_miss,10
visual_counterfactual_rca,qwen3.8-27b,H_factual,re2_tt,rank_2_3,23
visual_counterfactual_rca,qwen3.8-27b,H_factual,re2_tt,rank_4_5,2
visual_counterfactual_rca,qwen3.8-27b,H_factual,re2_tt,top1_correct,48
visual_counterfactual_rca,qwen3.8-27b,H_factual,re2_tt,top5_miss,17
visual_counterfactual_rca,qwen3.8-27b,H_neutral,aegislab,rank_2_3,32
visual_counterfactual_rca,qwen3.8-27b,H_neutral,aegislab,rank_4_5,4
visual_counterfactual_rca,qwen3.8-27b,H_neutral,aegislab,top1_correct,20
visual_counterfactual_rca,qwen3.8-27b,H_neutral,aegislab,top5_miss,40
visual_counterfactual_rca,qwen3.8-27b,H_neutral,aiops2022,rank_2_3,20
visual_counterfactual_rca,qwen3.8-27b,H_neutral,aiops2022,rank_4_5,1
visual_counterfactual_rca,qwen3.8-27b,H_neutral,aiops2022,top1_correct,7
visual_counterfactual_rca,qwen3.8-27b,H_neutral,aiops2022,top5_miss,33
visual_counterfactual_rca,qwen3.8-27b,H_neutral,aiops2025,rank_2_3,21
visual_counterfactual_rca,qwen3.8-27b,H_neutral,aiops2025,rank_4_5,4
visual_counterfactual_rca,qwen3.8-27b,H_neutral,aiops2025,top1_correct,14
visual_counterfactual_rca,qwen3.8-27b,H_neutral,aiops2025,top5_miss,54
visual_counterfactual_rca,qwen3.8-27b,H_neutral,re2_ob,rank_2_3,27
visual_counterfactual_rca,qwen3.8-27b,H_neutral,re2_ob,rank_4_5,4
visual_counterfactual_rca,qwen3.8-27b,H_neutral,re2_ob,top1_correct,51
visual_counterfactual_rca,qwen3.8-27b,H_neutral,re2_ob,top5_miss,8
visual_counterfactual_rca,qwen3.8-27b,H_neutral,re2_tt,rank_2_3,28
visual_counterfactual_rca,qwen3.8-27b,H_neutral,re2_tt,top1_correct,47
visual_counterfactual_rca,qwen3.8-27b,H_neutral,re2_tt,top5_miss,15
visual_counterfactual_rca,qwen3.8-27b,H_placebo,aegislab,rank_2_3,33
visual_counterfactual_rca,qwen3.8-27b,H_placebo,aegislab,rank_4_5,5
visual_counterfactual_rca,qwen3.8-27b,H_placebo,aegislab,top1_correct,18
visual_counterfactual_rca,qwen3.8-27b,H_placebo,aegislab,top5_miss,40
visual_counterfactual_rca,qwen3.8-27b,H_placebo,aiops2022,rank_2_3,16
visual_counterfactual_rca,qwen3.8-27b,H_placebo,aiops2022,rank_4_5,1
visual_counterfactual_rca,qwen3.8-27b,H_placebo,aiops2022,top1_correct,10
visual_counterfactual_rca,qwen3.8-27b,H_placebo,aiops2022,top5_miss,34
visual_counterfactual_rca,qwen3.8-27b,H_placebo,aiops2025,rank_2_3,20
visual_counterfactual_rca,qwen3.8-27b,H_placebo,aiops2025,rank_4_5,3
visual_counterfactual_rca,qwen3.8-27b,H_placebo,aiops2025,top1_correct,16
visual_counterfactual_rca,qwen3.8-27b,H_placebo,aiops2025,top5_miss,54
visual_counterfactual_rca,qwen3.8-27b,H_placebo,re2_ob,rank_2_3,29
visual_counterfactual_rca,qwen3.8-27b,H_placebo,re2_ob,rank_4_5,1
visual_counterfactual_rca,qwen3.8-27b,H_placebo,re2_ob,top1_correct,50
visual_counterfactual_rca,qwen3.8-27b,H_placebo,re2_ob,top5_miss,10
visual_counterfactual_rca,qwen3.8-27b,H_placebo,re2_tt,rank_2_3,25
visual_counterfactual_rca,qwen3.8-27b,H_placebo,re2_tt,rank_4_5,2
visual_counterfactual_rca,qwen3.8-27b,H_placebo,re2_tt,top1_correct,46
visual_counterfactual_rca,qwen3.8-27b,H_placebo,re2_tt,top5_miss,17
visual_counterfactual_rca,qwen3.8-27b,H_targeted,aegislab,rank_2_3,38
visual_counterfactual_rca,qwen3.8-27b,H_targeted,aegislab,rank_4_5,6
visual_counterfactual_rca,qwen3.8-27b,H_targeted,aegislab,top1_correct,17
visual_counterfactual_rca,qwen3.8-27b,H_targeted,aegislab,top5_miss,35
visual_counterfactual_rca,qwen3.8-27b,H_targeted,aiops2022,rank_2_3,14
visual_counterfactual_rca,qwen3.8-27b,H_targeted,aiops2022,rank_4_5,2
visual_counterfactual_rca,qwen3.8-27b,H_targeted,aiops2022,top1_correct,8
visual_counterfactual_rca,qwen3.8-27b,H_targeted,aiops2022,top5_miss,37
visual_counterfactual_rca,qwen3.8-27b,H_targeted,aiops2025,rank_2_3,18
visual_counterfactual_rca,qwen3.8-27b,H_targeted,aiops2025,rank_4_5,6
visual_counterfactual_rca,qwen3.8-27b,H_targeted,aiops2025,top1_correct,13
visual_counterfactual_rca,qwen3.8-27b,H_targeted,aiops2025,top5_miss,56
visual_counterfactual_rca,qwen3.8-27b,H_targeted,re2_ob,rank_2_3,30
visual_counterfactual_rca,qwen3.8-27b,H_targeted,re2_ob,rank_4_5,2
visual_counterfactual_rca,qwen3.8-27b,H_targeted,re2_ob,top1_correct,48
visual_counterfactual_rca,qwen3.8-27b,H_targeted,re2_ob,top5_miss,10
visual_counterfactual_rca,qwen3.8-27b,H_targeted,re2_tt,rank_2_3,34
visual_counterfactual_rca,qwen3.8-27b,H_targeted,re2_tt,rank_4_5,3
visual_counterfactual_rca,qwen3.8-27b,H_targeted,re2_tt,top1_correct,40
visual_counterfactual_rca,qwen3.8-27b,H_targeted,re2_tt,top5_miss,13
