model,case,dataset,root_level,fault_family,first_round,covered,ever_ac3,ever_ac5
gemma-4-26b-a4b,INC-0060628741E9,aiops2022,service,network_delay,0,False,1.0,1.0
gemma-4-26b-a4b,INC-01874CA0F78F,aiops2025,node,cpu,0,False,1.0,1.0
gemma-4-26b-a4b,INC-018AC5D486B5,aegislab,service,network_corrupt,3,True,1.0,1.0
gemma-4-26b-a4b,INC-01BF937825D4,aegislab,service,http_injection,9,True,1.0,1.0
gemma-4-26b-a4b,INC-028FABE30ADE,aiops2022,service,disk_io,18,True,1.0,1.0
gemma-4-26b-a4b,INC-02DC63A76944,re2_tt,service,network_config_socket,5,True,1.0,1.0
gemma-4-26b-a4b,INC-03A46BA87920,aiops2025,pod+service,application_jvm,14,True,1.0,1.0
gemma-4-26b-a4b,INC-03AEF8BDD4EF,aiops2025,pod+service,cpu,5,True,1.0,1.0
gemma-4-26b-a4b,INC-03C364835E1A,aiops2022,service,network_duplicate,25,True,1.0,1.0
gemma-4-26b-a4b,INC-04317463B3D0,aiops2025,service,application_jvm,4,True,1.0,1.0
gemma-4-26b-a4b,INC-0507FCD5A267,re2_tt,service,network_config_socket,9,True,1.0,1.0
gemma-4-26b-a4b,INC-058FC5DD18AD,aegislab,service,http_injection,2,True,1.0,1.0
gemma-4-26b-a4b,INC-07AA9E05FB97,aiops2022,pod,memory_gc,21,True,1.0,1.0
gemma-4-26b-a4b,INC-07B8919442D8,aiops2022,service,cpu,4,True,1.0,1.0
gemma-4-26b-a4b,INC-09178A9EA621,re2_ob,service,disk_io,2,True,1.0,1.0
gemma-4-26b-a4b,INC-0986D6C54EC6,aiops2022,node,disk_io,0,False,1.0,1.0
gemma-4-26b-a4b,INC-09BEA9D63577,aegislab,service,http_injection,4,True,1.0,1.0
gemma-4-26b-a4b,INC-0ABCFE10D32D,aiops2022,pod,disk_io,2,True,1.0,1.0
gemma-4-26b-a4b,INC-0B2238ED048B,re2_tt,service,memory_gc,1,True,1.0,1.0
gemma-4-26b-a4b,INC-0BA573DA51CC,aegislab,service,http_injection,8,True,1.0,1.0
gemma-4-26b-a4b,INC-0C6453FC0744,re2_tt,service,memory_gc,1,True,1.0,1.0
gemma-4-26b-a4b,INC-0CFB4743C6B3,aiops2025,service,network_config_socket,0,False,1.0,1.0
gemma-4-26b-a4b,INC-0D58D7514724,re2_tt,service,network_delay,12,True,1.0,1.0
gemma-4-26b-a4b,INC-0E6F68EDF409,aegislab,service,memory_gc,1,True,1.0,1.0
gemma-4-26b-a4b,INC-0F24495B374E,re2_ob,service,memory_gc,1,True,1.0,1.0
gemma-4-26b-a4b,INC-10414BB71DB4,re2_ob,service,disk_io,1,True,1.0,1.0
gemma-4-26b-a4b,INC-10DCE8EC986A,aegislab,service,application_jvm,3,True,1.0,1.0
gemma-4-26b-a4b,INC-11AFCDDD7B6E,aiops2022,service,network_duplicate,17,True,1.0,1.0
gemma-4-26b-a4b,INC-123B5115D9C1,aiops2022,service,availability,5,True,1.0,1.0
gemma-4-26b-a4b,INC-12D885A5B485,re2_tt,service,network_config_socket,0,False,1.0,1.0
gemma-4-26b-a4b,INC-133324A21C16,aegislab,service,http_injection,11,True,1.0,1.0
gemma-4-26b-a4b,INC-13F29FFC8DE6,aegislab,service,http_injection,1,True,1.0,1.0
gemma-4-26b-a4b,INC-140A5BA15F03,re2_tt,service,cpu,3,True,1.0,1.0
gemma-4-26b-a4b,INC-1595063C5B11,aiops2022,pod,network_corrupt,1,True,1.0,1.0
gemma-4-26b-a4b,INC-16A4DF199613,aiops2022,pod,cpu,8,True,1.0,1.0
gemma-4-26b-a4b,INC-17615889CDA7,aiops2025,service,availability,5,True,1.0,1.0
gemma-4-26b-a4b,INC-179A20DE82DB,re2_ob,service,disk_io,1,True,1.0,1.0
gemma-4-26b-a4b,INC-1899A22CF097,aegislab,service,availability,3,True,1.0,1.0
gemma-4-26b-a4b,INC-18A2FBB6BB2D,aegislab,service,http_injection,5,True,1.0,1.0
gemma-4-26b-a4b,INC-1A47F4D45593,aegislab,service,http_injection,23,True,1.0,1.0
gemma-4-26b-a4b,INC-1AC00B482121,aiops2025,pod+service,cpu,0,False,1.0,1.0
gemma-4-26b-a4b,INC-1B44BBCEEBD3,re2_ob,service,network_delay,3,True,1.0,1.0
gemma-4-26b-a4b,INC-1B936A4C6354,aiops2025,pod+service,disk_io,29,True,1.0,1.0
gemma-4-26b-a4b,INC-1C4333C351B0,re2_ob,service,network_loss,4,True,1.0,1.0
gemma-4-26b-a4b,INC-1CFF421E24B8,aegislab,service,network_loss,1,True,1.0,1.0
gemma-4-26b-a4b,INC-1D3579F09C93,aegislab,service,http_injection,4,True,1.0,1.0
gemma-4-26b-a4b,INC-1D40A642FA86,aegislab,service,http_injection,1,True,1.0,1.0
gemma-4-26b-a4b,INC-1E6DCFC0A453,aiops2022,service,network_loss,1,True,1.0,1.0
gemma-4-26b-a4b,INC-1E7AE92CAA11,aiops2025,service,network_corrupt,5,True,1.0,1.0
gemma-4-26b-a4b,INC-1EF3346D26B2,aegislab,service,http_injection,7,True,1.0,1.0
gemma-4-26b-a4b,INC-1F5529D2CA5E,aegislab,service,memory_gc,1,True,1.0,1.0
gemma-4-26b-a4b,INC-1FD94FA4DDB2,aiops2025,pod+service,disk_io,7,True,1.0,1.0
gemma-4-26b-a4b,INC-1FDAD91BB9BE,aiops2025,pod+service,availability,0,False,0.0,0.0
gemma-4-26b-a4b,INC-1FDDC9D9F646,aiops2022,pod,memory_gc,32,True,1.0,1.0
gemma-4-26b-a4b,INC-1FF1DA038ECD,aegislab,service,network_loss,19,True,1.0,1.0
gemma-4-26b-a4b,INC-20F15B958E53,re2_tt,service,disk_io,4,True,1.0,1.0
gemma-4-26b-a4b,INC-22F76381CBE6,re2_tt,service,memory_gc,1,True,1.0,1.0
gemma-4-26b-a4b,INC-253A865B0CF8,aiops2025,service,availability,8,True,1.0,1.0
gemma-4-26b-a4b,INC-25F1CE1149C5,re2_tt,service,cpu,4,True,1.0,1.0
gemma-4-26b-a4b,INC-26579BE78F64,aiops2025,pod+service,availability,11,True,1.0,1.0
gemma-4-26b-a4b,INC-27CBD1F8668A,aiops2025,pod+service,availability,38,True,1.0,1.0
gemma-4-26b-a4b,INC-27F3CF9F35C3,aegislab,service,availability,1,True,1.0,1.0
gemma-4-26b-a4b,INC-285D9924CB61,re2_ob,service,memory_gc,11,True,1.0,1.0
gemma-4-26b-a4b,INC-28E6F5E88478,aiops2025,node,memory_gc,0,False,0.0,0.0
gemma-4-26b-a4b,INC-2901DC0C5EA7,aegislab,service,memory_gc,3,True,1.0,1.0
gemma-4-26b-a4b,INC-292F501C746B,re2_ob,service,memory_gc,3,True,1.0,1.0
gemma-4-26b-a4b,INC-29F57B93C9F9,aegislab,service,http_injection,3,True,1.0,1.0
gemma-4-26b-a4b,INC-2A292B511B14,aiops2025,service,memory_gc,5,True,1.0,1.0
gemma-4-26b-a4b,INC-2AF7295251C4,re2_ob,service,network_loss,1,True,1.0,1.0
gemma-4-26b-a4b,INC-2B5B37FB4D11,aiops2025,service,availability,16,True,1.0,1.0
gemma-4-26b-a4b,INC-2BA10FF98249,re2_ob,service,network_loss,2,True,1.0,1.0
gemma-4-26b-a4b,INC-2CABCD159021,aiops2022,node,memory_gc,0,False,1.0,1.0
gemma-4-26b-a4b,INC-2D6EED6A6D13,re2_ob,service,memory_gc,11,True,1.0,1.0
gemma-4-26b-a4b,INC-2EC81ED321B8,re2_ob,service,disk_io,10,True,1.0,1.0
gemma-4-26b-a4b,INC-2FF9FCA71E6D,aiops2022,service,cpu,3,True,1.0,1.0
gemma-4-26b-a4b,INC-316B59616EA8,aiops2025,service,cpu,2,True,1.0,1.0
gemma-4-26b-a4b,INC-317E1263E538,re2_tt,service,disk_io,11,True,1.0,1.0
gemma-4-26b-a4b,INC-317EB9A125E2,re2_ob,service,network_delay,12,True,1.0,1.0
gemma-4-26b-a4b,INC-318B5137ACB5,re2_ob,service,network_config_socket,1,True,1.0,1.0
gemma-4-26b-a4b,INC-31E57C5E5BC9,re2_ob,service,network_delay,0,False,1.0,1.0
gemma-4-26b-a4b,INC-32757906019C,aiops2022,pod,network_corrupt,5,True,1.0,1.0
gemma-4-26b-a4b,INC-3292326B0AA6,aiops2022,node,cpu,3,True,1.0,1.0
gemma-4-26b-a4b,INC-32D939769758,aiops2025,pod+service,disk_io,11,True,1.0,1.0
gemma-4-26b-a4b,INC-331437929E47,aegislab,service,network_corrupt,1,True,1.0,1.0
gemma-4-26b-a4b,INC-3316B6DBC59B,aiops2025,pod+service,availability,21,True,1.0,1.0
gemma-4-26b-a4b,INC-332110D70FB3,aegislab,service,http_injection,2,True,1.0,1.0
gemma-4-26b-a4b,INC-332A9C57BCB5,re2_ob,service,network_delay,4,True,1.0,1.0
gemma-4-26b-a4b,INC-335A9F3A663E,aiops2022,service,network_delay,0,False,1.0,1.0
gemma-4-26b-a4b,INC-34562D2C5CC4,aegislab,service,http_injection,5,True,1.0,1.0
gemma-4-26b-a4b,INC-34753C03D9F6,aiops2022,service,disk_io,15,True,1.0,1.0
gemma-4-26b-a4b,INC-353DBB20BF35,re2_ob,service,network_delay,1,True,1.0,1.0
gemma-4-26b-a4b,INC-358CBE8D4527,aiops2022,pod,network_delay,0,False,0.0,1.0
gemma-4-26b-a4b,INC-374F53762B49,re2_tt,service,memory_gc,4,True,1.0,1.0
gemma-4-26b-a4b,INC-375083DFDFBE,aiops2025,service,cpu,10,True,1.0,1.0
gemma-4-26b-a4b,INC-37ABFB78A80E,aegislab,service,http_injection,4,True,1.0,1.0
gemma-4-26b-a4b,INC-380D93292F55,re2_tt,service,network_config_socket,2,True,1.0,1.0
gemma-4-26b-a4b,INC-3813CE1F1D81,re2_tt,service,disk_io,4,True,1.0,1.0
gemma-4-26b-a4b,INC-3842F45DAA9C,aegislab,service,http_injection,2,True,1.0,1.0
gemma-4-26b-a4b,INC-385F3FDBBD1F,aegislab,service,http_injection,1,True,1.0,1.0
gemma-4-26b-a4b,INC-38605D04F34F,aiops2025,pod+service,memory_gc,7,True,1.0,1.0
gemma-4-26b-a4b,INC-389FF6C30F0C,re2_tt,service,network_loss,1,True,1.0,1.0
gemma-4-26b-a4b,INC-38A22FDFB326,aiops2022,pod,network_corrupt,1,True,1.0,1.0
gemma-4-26b-a4b,INC-392EE028390B,aiops2025,pod+service,disk_io,0,False,0.0,1.0
gemma-4-26b-a4b,INC-3948C7715B49,aegislab,service,http_injection,3,True,1.0,1.0
gemma-4-26b-a4b,INC-39682657768A,aegislab,service,memory_gc,1,True,1.0,1.0
gemma-4-26b-a4b,INC-39B0C8694807,aegislab,service,http_injection,2,True,1.0,1.0
gemma-4-26b-a4b,INC-3B6FE224D74B,aiops2025,service,network_loss,1,True,1.0,1.0
gemma-4-26b-a4b,INC-3BFC24F5D6E5,aiops2022,pod,disk_io,3,True,1.0,1.0
gemma-4-26b-a4b,INC-3C072440A74A,aegislab,service,http_injection,1,True,1.0,1.0
gemma-4-26b-a4b,INC-3D65ABCF1DD8,aiops2025,pod+service,application_jvm,16,True,1.0,1.0
gemma-4-26b-a4b,INC-3D79B00A900E,aiops2022,pod,memory_gc,11,True,1.0,1.0
gemma-4-26b-a4b,INC-3DAE92BD42C8,re2_ob,service,network_config_socket,1,True,1.0,1.0
gemma-4-26b-a4b,INC-3DBFAA404DC0,re2_tt,service,network_delay,1,True,1.0,1.0
gemma-4-26b-a4b,INC-3ED541C97867,re2_tt,service,disk_io,1,True,1.0,1.0
gemma-4-26b-a4b,INC-3F44D7D4B68D,aiops2025,service,application_jvm,8,True,1.0,1.0
gemma-4-26b-a4b,INC-3F88433C6947,aiops2025,node,memory_gc,1,True,1.0,1.0
gemma-4-26b-a4b,INC-4118AC568018,re2_tt,service,network_delay,21,True,1.0,1.0
gemma-4-26b-a4b,INC-4154DBB6E59A,re2_tt,service,network_delay,2,True,1.0,1.0
gemma-4-26b-a4b,INC-420AE08478C0,re2_tt,service,memory_gc,1,True,1.0,1.0
gemma-4-26b-a4b,INC-4223B0F4F49C,aiops2022,pod,memory_gc,11,True,1.0,1.0
gemma-4-26b-a4b,INC-42B9946BA57E,re2_tt,service,network_delay,1,True,1.0,1.0
gemma-4-26b-a4b,INC-42D9586BA9E2,re2_ob,service,network_delay,0,False,1.0,1.0
gemma-4-26b-a4b,INC-444F5D8258E0,re2_ob,service,network_loss,8,True,1.0,1.0
gemma-4-26b-a4b,INC-44B7C1A2898E,re2_tt,service,memory_gc,12,True,1.0,1.0
gemma-4-26b-a4b,INC-452942E7A056,re2_tt,service,cpu,11,True,1.0,1.0
gemma-4-26b-a4b,INC-45FA3C22839A,re2_ob,service,cpu,1,True,1.0,1.0
gemma-4-26b-a4b,INC-46EA9B460B2C,aiops2022,pod,disk_io,0,False,1.0,1.0
gemma-4-26b-a4b,INC-47B65415E3CA,re2_tt,service,disk_io,1,True,1.0,1.0
gemma-4-26b-a4b,INC-487BD5BF5D73,aegislab,service,http_injection,1,True,1.0,1.0
gemma-4-26b-a4b,INC-48851D60A4D1,re2_tt,service,network_loss,2,True,1.0,1.0
gemma-4-26b-a4b,INC-48C127B155B6,aiops2022,node,memory_gc,0,False,0.0,0.0
gemma-4-26b-a4b,INC-491E85FD6009,aegislab,service,application_jvm,3,True,1.0,1.0
gemma-4-26b-a4b,INC-493A8D7F2EC5,aiops2025,pod+service,memory_gc,1,True,1.0,1.0
gemma-4-26b-a4b,INC-495E8857529A,re2_ob,service,cpu,1,True,1.0,1.0
gemma-4-26b-a4b,INC-497CEA8EBD33,aiops2022,service,network_loss,3,True,1.0,1.0
gemma-4-26b-a4b,INC-4A56695C1F2E,re2_tt,service,network_loss,12,True,1.0,1.0
gemma-4-26b-a4b,INC-4AD76DC956B5,aegislab,service,http_injection,9,True,1.0,1.0
gemma-4-26b-a4b,INC-4B2715C98025,re2_tt,service,memory_gc,12,True,1.0,1.0
gemma-4-26b-a4b,INC-4C4024E9EF1F,aegislab,service,http_injection,3,True,1.0,1.0
gemma-4-26b-a4b,INC-4D6E62700175,aiops2022,pod,network_loss,1,True,1.0,1.0
gemma-4-26b-a4b,INC-4D72A823F397,aiops2022,pod,network_loss,11,True,1.0,1.0
gemma-4-26b-a4b,INC-4E2670294EDD,re2_tt,service,network_delay,1,True,1.0,1.0
gemma-4-26b-a4b,INC-4E586F5C0E9B,re2_ob,service,disk_io,1,True,1.0,1.0
gemma-4-26b-a4b,INC-5029899F9CD7,re2_tt,service,cpu,3,True,1.0,1.0
gemma-4-26b-a4b,INC-505708BD5D56,re2_ob,service,memory_gc,11,True,1.0,1.0
gemma-4-26b-a4b,INC-50AFA840E6F8,aiops2025,pod+service,availability,0,False,0.0,0.0
gemma-4-26b-a4b,INC-50C26A55D214,aegislab,service,availability,6,True,1.0,1.0
gemma-4-26b-a4b,INC-51538C347B49,re2_tt,service,network_loss,23,True,1.0,1.0
gemma-4-26b-a4b,INC-51A655E96084,re2_ob,service,network_loss,11,True,1.0,1.0
gemma-4-26b-a4b,INC-537B734B98DF,re2_ob,service,network_delay,12,True,1.0,1.0
gemma-4-26b-a4b,INC-540349CB2170,aiops2022,pod,availability,2,True,1.0,1.0
gemma-4-26b-a4b,INC-556C50BDC08D,aiops2022,service,network_duplicate,4,True,1.0,1.0
gemma-4-26b-a4b,INC-567E87EC2984,re2_tt,service,disk_io,1,True,1.0,1.0
gemma-4-26b-a4b,INC-568F3A9CAB88,re2_ob,service,network_config_socket,11,True,1.0,1.0
gemma-4-26b-a4b,INC-56A429CF3650,aiops2022,service,availability,8,True,1.0,1.0
gemma-4-26b-a4b,INC-58CA418024BC,re2_ob,service,network_config_socket,11,True,1.0,1.0
gemma-4-26b-a4b,INC-5A327CFD860F,aiops2025,pod+service,availability,0,False,0.0,0.0
gemma-4-26b-a4b,INC-5A5C12F46667,aiops2022,node,cpu,0,False,0.0,1.0
gemma-4-26b-a4b,INC-5AA6D2114681,re2_ob,service,memory_gc,1,True,1.0,1.0
gemma-4-26b-a4b,INC-5BB98DA9A713,re2_ob,service,network_delay,1,True,1.0,1.0
gemma-4-26b-a4b,INC-5BE1945B288F,re2_tt,service,network_delay,1,True,1.0,1.0
gemma-4-26b-a4b,INC-5C2F191841A2,aiops2022,service,network_delay,7,True,1.0,1.0
gemma-4-26b-a4b,INC-5C3490B6FDED,re2_tt,service,network_delay,8,True,1.0,1.0
gemma-4-26b-a4b,INC-5C7D6186CEC1,aegislab,service,http_injection,10,True,1.0,1.0
gemma-4-26b-a4b,INC-5CE6915288DD,aiops2025,node,disk_io,11,True,1.0,1.0
gemma-4-26b-a4b,INC-5D2E7EBCAFC9,re2_tt,service,cpu,1,True,1.0,1.0
gemma-4-26b-a4b,INC-5D431DFF3EF6,re2_tt,service,cpu,1,True,1.0,1.0
gemma-4-26b-a4b,INC-5D7DB04266BA,re2_tt,service,cpu,3,True,1.0,1.0
gemma-4-26b-a4b,INC-5D92F3402F88,aiops2025,service,network_corrupt,1,True,1.0,1.0
gemma-4-26b-a4b,INC-5DDDA62386B6,aegislab,service,http_injection,2,True,1.0,1.0
gemma-4-26b-a4b,INC-5DDFFEF35CBD,aegislab,service,http_injection,0,False,1.0,1.0
gemma-4-26b-a4b,INC-5E3C4702B656,re2_ob,service,network_config_socket,1,True,1.0,1.0
gemma-4-26b-a4b,INC-5E6B54C4796A,re2_ob,service,cpu,1,True,1.0,1.0
gemma-4-26b-a4b,INC-5E7E85BAB56A,re2_ob,service,network_config_socket,11,True,1.0,1.0
gemma-4-26b-a4b,INC-5EADA73E94EC,aiops2025,node,disk_io,0,False,0.0,0.0
gemma-4-26b-a4b,INC-5F84C560288E,re2_tt,service,disk_io,1,True,1.0,1.0
gemma-4-26b-a4b,INC-5FC0AF3FCC8C,re2_ob,service,cpu,1,True,1.0,1.0
gemma-4-26b-a4b,INC-61B36DFEF770,re2_tt,service,network_config_socket,12,True,1.0,1.0
gemma-4-26b-a4b,INC-62C126A9829B,re2_ob,service,disk_io,11,True,1.0,1.0
gemma-4-26b-a4b,INC-630A596CDD84,aiops2022,pod,network_loss,0,False,0.0,0.0
gemma-4-26b-a4b,INC-644727F54D7E,re2_ob,service,network_delay,1,True,1.0,1.0
gemma-4-26b-a4b,INC-64B2AC60E6EB,re2_tt,service,network_loss,5,True,1.0,1.0
gemma-4-26b-a4b,INC-64E5D665C311,aiops2025,node,cpu,0,False,0.0,0.0
gemma-4-26b-a4b,INC-6544C7BFF82D,aiops2022,node,disk_io,2,True,1.0,1.0
gemma-4-26b-a4b,INC-656E84604476,re2_ob,service,network_config_socket,1,True,1.0,1.0
gemma-4-26b-a4b,INC-65CE2F2F3440,aiops2022,node,disk_io,11,True,1.0,1.0
gemma-4-26b-a4b,INC-68170E520848,re2_tt,service,memory_gc,2,True,1.0,1.0
gemma-4-26b-a4b,INC-68BAACF4BB36,aiops2022,pod,network_corrupt,1,True,1.0,1.0
gemma-4-26b-a4b,INC-69390386C2AF,re2_tt,service,memory_gc,1,True,1.0,1.0
gemma-4-26b-a4b,INC-69A7A0E7E78B,aiops2025,node,memory_gc,18,True,1.0,1.0
gemma-4-26b-a4b,INC-69E72873C6F4,re2_tt,service,disk_io,1,True,1.0,1.0
gemma-4-26b-a4b,INC-6A048DD0C35E,aegislab,service,network_partition_bandwidth,3,True,1.0,1.0
gemma-4-26b-a4b,INC-6B3A6E13B636,re2_tt,service,network_loss,1,True,1.0,1.0
gemma-4-26b-a4b,INC-6B949A1C86AB,re2_tt,service,network_config_socket,1,True,1.0,1.0
gemma-4-26b-a4b,INC-6BD7198BE675,aegislab,service,network_loss,6,True,1.0,1.0
gemma-4-26b-a4b,INC-6BFD1970A6D7,aiops2025,service,network_delay,2,True,1.0,1.0
gemma-4-26b-a4b,INC-6C8EA77140FF,aegislab,service,http_injection,0,False,1.0,1.0
gemma-4-26b-a4b,INC-6CB07956172F,aegislab,service,http_injection,3,True,1.0,1.0
gemma-4-26b-a4b,INC-6D1C8225111D,aegislab,service,http_injection,8,True,1.0,1.0
gemma-4-26b-a4b,INC-6D9634E42BD5,re2_ob,service,disk_io,11,True,1.0,1.0
gemma-4-26b-a4b,INC-6DCAE95A54B2,aiops2025,node,memory_gc,34,True,1.0,1.0
gemma-4-26b-a4b,INC-6E627662CA32,aiops2022,pod,cpu,2,True,1.0,1.0
gemma-4-26b-a4b,INC-6E6E1B20F2D5,aiops2025,node,cpu,18,True,1.0,1.0
gemma-4-26b-a4b,INC-6EF79652EA22,aiops2022,node,memory_gc,0,False,1.0,1.0
gemma-4-26b-a4b,INC-6FDD214ABC63,aiops2025,service,memory_gc,0,False,1.0,1.0
gemma-4-26b-a4b,INC-719DBE51ECE1,re2_tt,service,memory_gc,2,True,1.0,1.0
gemma-4-26b-a4b,INC-71D5B95EA053,re2_ob,service,cpu,1,True,1.0,1.0
gemma-4-26b-a4b,INC-722933676134,aiops2022,pod,network_duplicate,0,False,0.0,1.0
gemma-4-26b-a4b,INC-7247EFC5F392,aiops2022,pod,network_delay,7,True,1.0,1.0
gemma-4-26b-a4b,INC-72703AF9554D,re2_ob,service,network_loss,1,True,1.0,1.0
gemma-4-26b-a4b,INC-72886810305C,re2_ob,service,cpu,3,True,1.0,1.0
gemma-4-26b-a4b,INC-7423A8694631,re2_tt,service,memory_gc,27,True,1.0,1.0
gemma-4-26b-a4b,INC-7510715CBA6F,aiops2022,node,disk_io,0,False,1.0,1.0
gemma-4-26b-a4b,INC-7558C271EC45,aiops2022,pod,disk_io,11,True,1.0,1.0
gemma-4-26b-a4b,INC-758135BD88ED,re2_tt,service,network_loss,12,True,1.0,1.0
gemma-4-26b-a4b,INC-758FE568E14E,re2_tt,service,network_delay,3,True,1.0,1.0
gemma-4-26b-a4b,INC-7623CCC4CFDF,re2_ob,service,network_config_socket,1,True,1.0,1.0
gemma-4-26b-a4b,INC-76E86205A1E4,aegislab,service,network_partition_bandwidth,3,True,1.0,1.0
gemma-4-26b-a4b,INC-7763E2627FD6,re2_ob,service,cpu,1,True,1.0,1.0
gemma-4-26b-a4b,INC-776EE000D01C,aegislab,service,http_injection,0,False,1.0,1.0
gemma-4-26b-a4b,INC-77C683F9B6C0,aiops2025,service,cpu,1,True,1.0,1.0
gemma-4-26b-a4b,INC-785D78DEDF40,re2_tt,service,cpu,4,True,1.0,1.0
gemma-4-26b-a4b,INC-78E577CFBC67,re2_tt,service,network_delay,1,True,1.0,1.0
gemma-4-26b-a4b,INC-79225B430E68,re2_tt,service,network_loss,12,True,1.0,1.0
gemma-4-26b-a4b,INC-793BF750FC74,re2_tt,service,disk_io,1,True,1.0,1.0
gemma-4-26b-a4b,INC-7B8A9C240F72,re2_tt,service,network_loss,11,True,1.0,1.0
gemma-4-26b-a4b,INC-7C21112F33BD,aiops2025,node,memory_gc,0,False,0.0,1.0
gemma-4-26b-a4b,INC-7C2B878AC3BB,aiops2022,pod,network_loss,2,True,1.0,1.0
gemma-4-26b-a4b,INC-7CA062069501,aiops2025,service,network_corrupt,4,True,1.0,1.0
gemma-4-26b-a4b,INC-7CAB6F033CBF,re2_ob,service,network_config_socket,1,True,1.0,1.0
gemma-4-26b-a4b,INC-7CD161051EEF,re2_ob,service,memory_gc,4,True,1.0,1.0
gemma-4-26b-a4b,INC-7D95F2013B97,aiops2022,pod,cpu,1,True,1.0,1.0
gemma-4-26b-a4b,INC-7E5014ED408C,aiops2025,service,memory_gc,18,True,1.0,1.0
gemma-4-26b-a4b,INC-7F84D3BE3772,aiops2022,node,disk_io,11,True,1.0,1.0
gemma-4-26b-a4b,INC-7FCA48559A2E,aegislab,service,network_corrupt,19,True,1.0,1.0
gemma-4-26b-a4b,INC-80540E51533D,aiops2025,node,cpu,0,False,1.0,1.0
gemma-4-26b-a4b,INC-807CFFCD9D3F,aiops2025,pod+service,availability,0,False,0.0,0.0
gemma-4-26b-a4b,INC-8201EB3924F3,aiops2025,service,availability,1,True,1.0,1.0
gemma-4-26b-a4b,INC-8276E390B656,re2_tt,service,cpu,4,True,1.0,1.0
gemma-4-26b-a4b,INC-837ED60AC9F5,re2_tt,service,network_loss,8,True,1.0,1.0
gemma-4-26b-a4b,INC-83BCD48B2886,aiops2022,node,cpu,19,True,1.0,1.0
gemma-4-26b-a4b,INC-8474ED217050,aiops2022,service,disk_io,1,True,1.0,1.0
gemma-4-26b-a4b,INC-84FBC12057DF,re2_ob,service,network_loss,12,True,1.0,1.0
gemma-4-26b-a4b,INC-84FD34A01D53,aiops2022,service,disk_io,8,True,1.0,1.0
gemma-4-26b-a4b,INC-85C93CE3CB89,aegislab,service,http_injection,2,True,1.0,1.0
gemma-4-26b-a4b,INC-86158623978C,aiops2025,service,cpu,2,True,1.0,1.0
gemma-4-26b-a4b,INC-8682AD2CADE1,aiops2022,node,disk_io,0,False,0.0,1.0
gemma-4-26b-a4b,INC-873FE163DCDF,aiops2022,node,disk_io,0,False,1.0,1.0
gemma-4-26b-a4b,INC-881461551C98,aiops2025,pod+service,availability,0,False,0.0,0.0
gemma-4-26b-a4b,INC-89856C07F4EE,aiops2022,service,network_loss,3,True,1.0,1.0
gemma-4-26b-a4b,INC-8991CE65FDA1,aiops2025,service,cpu,1,True,1.0,1.0
gemma-4-26b-a4b,INC-8A15235700A5,re2_ob,service,network_loss,2,True,1.0,1.0
gemma-4-26b-a4b,INC-8A8599516046,re2_tt,service,memory_gc,4,True,1.0,1.0
gemma-4-26b-a4b,INC-8A8A06CCA13F,re2_tt,service,cpu,1,True,1.0,1.0
gemma-4-26b-a4b,INC-8ADDCDA41BE3,re2_tt,service,memory_gc,3,True,1.0,1.0
gemma-4-26b-a4b,INC-8AF1B166DB48,aiops2022,node,disk_io,0,False,1.0,1.0
gemma-4-26b-a4b,INC-8C75E02709E2,re2_ob,service,network_delay,8,True,1.0,1.0
gemma-4-26b-a4b,INC-8D7ADE1AAC00,re2_ob,service,memory_gc,6,True,1.0,1.0
gemma-4-26b-a4b,INC-8D7BC30E2DAB,aegislab,service,availability,1,True,1.0,1.0
gemma-4-26b-a4b,INC-8E0FB1B7B3FE,aiops2025,service,network_loss,2,True,1.0,1.0
gemma-4-26b-a4b,INC-8E1DFDBC7F96,aiops2025,pod+service,network_corrupt,1,True,1.0,1.0
gemma-4-26b-a4b,INC-8E91494BF92F,aegislab,service,application_jvm,1,True,1.0,1.0
gemma-4-26b-a4b,INC-90722DCD5A51,aiops2022,node,disk_io,11,True,1.0,1.0
gemma-4-26b-a4b,INC-9095FF6F0DE1,re2_tt,service,network_config_socket,11,True,1.0,1.0
gemma-4-26b-a4b,INC-91CC9D691CA8,aegislab,service,http_injection,2,True,1.0,1.0
gemma-4-26b-a4b,INC-91DCB951C96E,aiops2022,pod,network_delay,0,False,1.0,1.0
gemma-4-26b-a4b,INC-924208910E84,aiops2022,pod,memory_gc,1,True,1.0,1.0
gemma-4-26b-a4b,INC-9293D99C285C,aiops2022,service,network_corrupt,2,True,1.0,1.0
gemma-4-26b-a4b,INC-92A00B34EECF,aiops2025,pod+service,disk_io,7,True,1.0,1.0
gemma-4-26b-a4b,INC-93C032432E23,aiops2022,pod,disk_io,4,True,1.0,1.0
gemma-4-26b-a4b,INC-949F57AFA656,aiops2022,pod,network_loss,9,True,1.0,1.0
gemma-4-26b-a4b,INC-94EB4C70EFB7,aiops2025,node,memory_gc,0,False,1.0,1.0
gemma-4-26b-a4b,INC-96D6643B2759,re2_ob,service,network_config_socket,1,True,1.0,1.0
gemma-4-26b-a4b,INC-96E8C237EFAF,aiops2025,service,cpu,5,True,1.0,1.0
gemma-4-26b-a4b,INC-977EEEDB6E71,aiops2022,node,disk_io,3,True,1.0,1.0
gemma-4-26b-a4b,INC-97970D47890D,re2_ob,service,disk_io,3,True,1.0,1.0
gemma-4-26b-a4b,INC-97B043342751,aegislab,service,http_injection,33,True,1.0,1.0
gemma-4-26b-a4b,INC-97E402864C41,aiops2025,node,memory_gc,9,True,1.0,1.0
gemma-4-26b-a4b,INC-97ECDC5FFBD8,aiops2022,node,disk_io,0,False,1.0,1.0
gemma-4-26b-a4b,INC-98BF3F9714D0,aiops2025,pod+service,network_config_socket,22,True,1.0,1.0
gemma-4-26b-a4b,INC-992C09A89DC9,aegislab,service,http_injection,11,True,1.0,1.0
gemma-4-26b-a4b,INC-9A05537B3E29,re2_ob,service,cpu,1,True,1.0,1.0
gemma-4-26b-a4b,INC-9A2362AEABC1,aiops2025,service,network_delay,4,True,1.0,1.0
gemma-4-26b-a4b,INC-9AB0165E6803,aiops2022,service,memory_gc,24,True,1.0,1.0
gemma-4-26b-a4b,INC-9ACC29B9B330,aiops2022,node,disk_io,11,True,1.0,1.0
gemma-4-26b-a4b,INC-9AF32547D264,aegislab,service,http_injection,6,True,1.0,1.0
gemma-4-26b-a4b,INC-9BB4F48C23E7,aiops2022,node,cpu,1,True,1.0,1.0
gemma-4-26b-a4b,INC-9C225C04C814,aiops2025,pod+service,network_config_socket,27,True,1.0,1.0
gemma-4-26b-a4b,INC-9C8982A9736C,aiops2025,service,network_delay,22,True,1.0,1.0
gemma-4-26b-a4b,INC-9CE8985F3DCB,aegislab,service,http_injection,0,False,1.0,1.0
gemma-4-26b-a4b,INC-9D1784608F61,aiops2025,node,disk_io,11,True,1.0,1.0
gemma-4-26b-a4b,INC-9DDF62CAF256,aiops2025,pod+service,memory_gc,22,True,1.0,1.0
gemma-4-26b-a4b,INC-9F5B55E3FD93,re2_ob,service,disk_io,11,True,1.0,1.0
gemma-4-26b-a4b,INC-9FE4614C417F,aegislab,service,memory_gc,1,True,1.0,1.0
gemma-4-26b-a4b,INC-A03DA161313B,aiops2022,pod,cpu,11,True,1.0,1.0
gemma-4-26b-a4b,INC-A04114CCAFBF,re2_ob,service,cpu,11,True,1.0,1.0
gemma-4-26b-a4b,INC-A140F0C90613,aiops2022,pod,memory_gc,3,True,1.0,1.0
gemma-4-26b-a4b,INC-A195F9A69AFC,aegislab,service,network_partition_bandwidth,1,True,1.0,1.0
gemma-4-26b-a4b,INC-A19BB8DA9651,aiops2022,node,cpu,0,False,1.0,1.0
gemma-4-26b-a4b,INC-A1C6591B0184,aegislab,service,http_injection,0,False,0.0,1.0
gemma-4-26b-a4b,INC-A2F0E757DD2A,aegislab,service,memory_gc,1,True,1.0,1.0
gemma-4-26b-a4b,INC-A30E2AFB40B0,aegislab,service,memory_gc,3,True,1.0,1.0
gemma-4-26b-a4b,INC-A3CAC5755C43,re2_ob,service,memory_gc,2,True,1.0,1.0
gemma-4-26b-a4b,INC-A59335340B6D,re2_tt,service,network_config_socket,2,True,1.0,1.0
gemma-4-26b-a4b,INC-A5BE8AEFA87F,aegislab,service,availability,4,True,1.0,1.0
gemma-4-26b-a4b,INC-A630AAF01518,aiops2022,pod,cpu,11,True,1.0,1.0
gemma-4-26b-a4b,INC-A76B7CE4E103,re2_ob,service,cpu,1,True,1.0,1.0
gemma-4-26b-a4b,INC-A7CCB675D07B,aiops2025,node,memory_gc,0,False,1.0,1.0
gemma-4-26b-a4b,INC-A826539241B0,aegislab,service,memory_gc,1,True,1.0,1.0
gemma-4-26b-a4b,INC-A88DDA849391,aegislab,service,memory_gc,2,True,1.0,1.0
gemma-4-26b-a4b,INC-A89422C045DE,aegislab,service,http_injection,1,True,1.0,1.0
gemma-4-26b-a4b,INC-A9B687D08FA0,re2_tt,service,network_loss,12,True,1.0,1.0
gemma-4-26b-a4b,INC-AB544E508C91,re2_tt,service,network_loss,1,True,1.0,1.0
gemma-4-26b-a4b,INC-ABA10DF868CA,aiops2025,service,network_corrupt,1,True,1.0,1.0
gemma-4-26b-a4b,INC-ABBF0133EB88,aiops2022,pod,cpu,1,True,1.0,1.0
gemma-4-26b-a4b,INC-AC608AECC5FD,aiops2025,service,network_loss,6,True,1.0,1.0
gemma-4-26b-a4b,INC-AC9FBC0EC13D,aiops2025,pod+service,application_jvm,4,True,1.0,1.0
gemma-4-26b-a4b,INC-AE614A801F28,re2_ob,service,network_config_socket,17,True,1.0,1.0
gemma-4-26b-a4b,INC-AE71A9C68D35,aiops2025,service,network_corrupt,1,True,1.0,1.0
gemma-4-26b-a4b,INC-AF02556C966C,re2_ob,service,network_loss,1,True,1.0,1.0
gemma-4-26b-a4b,INC-AF408910E346,re2_ob,service,network_config_socket,11,True,1.0,1.0
gemma-4-26b-a4b,INC-AF6DEBBB6E56,re2_ob,service,disk_io,8,True,1.0,1.0
gemma-4-26b-a4b,INC-AF990A16FDD6,aiops2022,service,network_corrupt,1,True,1.0,1.0
gemma-4-26b-a4b,INC-AFC1CF58B350,re2_tt,service,network_config_socket,11,True,1.0,1.0
gemma-4-26b-a4b,INC-B27FEDD9F59C,aiops2025,pod+service,cpu,4,True,1.0,1.0
gemma-4-26b-a4b,INC-B3349051A0EF,aiops2025,service,application_jvm,12,True,1.0,1.0
gemma-4-26b-a4b,INC-B3C900248AE7,re2_ob,service,memory_gc,4,True,1.0,1.0
gemma-4-26b-a4b,INC-B4810DE898A5,re2_ob,service,disk_io,2,True,1.0,1.0
gemma-4-26b-a4b,INC-B4C69A1E0459,aegislab,service,http_injection,18,True,1.0,1.0
gemma-4-26b-a4b,INC-B51CCEE61D70,aiops2022,service,network_corrupt,0,False,1.0,1.0
gemma-4-26b-a4b,INC-B54E4F62E713,re2_tt,service,cpu,1,True,1.0,1.0
gemma-4-26b-a4b,INC-B57647053FCD,re2_tt,service,network_delay,1,True,1.0,1.0
gemma-4-26b-a4b,INC-B5AB9A371DE9,aiops2022,node,disk_io,0,False,0.0,0.0
gemma-4-26b-a4b,INC-B5C0BC6A223E,aegislab,service,http_injection,1,True,1.0,1.0
gemma-4-26b-a4b,INC-B5D196EEF335,re2_ob,service,network_loss,1,True,1.0,1.0
gemma-4-26b-a4b,INC-B631F54680DB,re2_ob,service,memory_gc,1,True,1.0,1.0
gemma-4-26b-a4b,INC-B63AC53AB86F,aiops2022,pod,network_delay,12,True,1.0,1.0
gemma-4-26b-a4b,INC-B63F1516296F,aiops2022,service,availability,3,True,1.0,1.0
gemma-4-26b-a4b,INC-B646C4677B96,aiops2022,service,network_loss,3,True,1.0,1.0
gemma-4-26b-a4b,INC-B77D2FD0C248,aegislab,service,network_partition_bandwidth,1,True,1.0,1.0
gemma-4-26b-a4b,INC-B84269FDA98E,aegislab,service,http_injection,4,True,1.0,1.0
gemma-4-26b-a4b,INC-B861B23C1EB4,aiops2022,node,memory_gc,0,False,1.0,1.0
gemma-4-26b-a4b,INC-B8CEA35848D0,aiops2025,service,network_config_socket,1,True,1.0,1.0
gemma-4-26b-a4b,INC-B95CA78A9FA8,aegislab,service,memory_gc,3,True,1.0,1.0
gemma-4-26b-a4b,INC-B9652C6DC060,aiops2025,pod+service,cpu,0,False,1.0,1.0
gemma-4-26b-a4b,INC-BA06C52CBB22,re2_ob,service,network_loss,9,True,1.0,1.0
gemma-4-26b-a4b,INC-BA41A280E858,aiops2022,pod,disk_io,9,True,1.0,1.0
gemma-4-26b-a4b,INC-BB189A981AF5,re2_tt,service,disk_io,4,True,1.0,1.0
gemma-4-26b-a4b,INC-BB38C85DCB2F,aegislab,service,http_injection,3,True,1.0,1.0
gemma-4-26b-a4b,INC-BBC8393AB176,re2_ob,service,memory_gc,1,True,1.0,1.0
gemma-4-26b-a4b,INC-BCC943C0801C,re2_tt,service,cpu,1,True,1.0,1.0
gemma-4-26b-a4b,INC-BD033D92F337,aiops2025,service,application_jvm,1,True,1.0,1.0
gemma-4-26b-a4b,INC-BD1281C405F3,aiops2022,service,network_duplicate,20,True,1.0,1.0
gemma-4-26b-a4b,INC-BD14EEDA08FA,aiops2025,node,memory_gc,0,False,0.0,0.0
gemma-4-26b-a4b,INC-BD30D389E22B,aiops2022,pod,network_corrupt,4,True,1.0,1.0
gemma-4-26b-a4b,INC-BD5F475DAC3C,aegislab,service,http_injection,4,True,1.0,1.0
gemma-4-26b-a4b,INC-BD921BAF43A1,aiops2022,node,cpu,0,False,0.0,1.0
gemma-4-26b-a4b,INC-BE24B3500D2C,re2_ob,service,cpu,1,True,1.0,1.0
gemma-4-26b-a4b,INC-BE456E965D95,re2_ob,service,network_delay,3,True,1.0,1.0
gemma-4-26b-a4b,INC-BE6A1C89D45F,aiops2025,service,application_jvm,0,False,1.0,1.0
gemma-4-26b-a4b,INC-BF08743A4A7D,aegislab,service,availability,1,True,1.0,1.0
gemma-4-26b-a4b,INC-BF73447A56C8,re2_ob,service,network_loss,5,True,1.0,1.0
gemma-4-26b-a4b,INC-BFE7EC666320,aiops2025,node,cpu,18,True,1.0,1.0
gemma-4-26b-a4b,INC-C0E30071FAD4,re2_ob,service,cpu,4,True,1.0,1.0
gemma-4-26b-a4b,INC-C10F5EA649A5,aiops2025,node,memory_gc,1,True,1.0,1.0
gemma-4-26b-a4b,INC-C1795BBAEEF2,aegislab,service,http_injection,8,True,1.0,1.0
gemma-4-26b-a4b,INC-C17A00DC78FC,re2_ob,service,disk_io,1,True,1.0,1.0
gemma-4-26b-a4b,INC-C1917102A8EA,re2_tt,service,network_config_socket,1,True,1.0,1.0
gemma-4-26b-a4b,INC-C1BAEE5AC440,aiops2025,node,memory_gc,36,True,1.0,1.0
gemma-4-26b-a4b,INC-C2222DBA0446,aiops2025,service,network_delay,4,True,1.0,1.0
gemma-4-26b-a4b,INC-C313486A0A7B,re2_tt,service,memory_gc,3,True,1.0,1.0
gemma-4-26b-a4b,INC-C3512BA15554,aegislab,service,memory_gc,1,True,1.0,1.0
gemma-4-26b-a4b,INC-C3D35EC8B829,re2_tt,service,network_loss,8,True,1.0,1.0
gemma-4-26b-a4b,INC-C426468D92A8,aegislab,service,http_injection,1,True,1.0,1.0
gemma-4-26b-a4b,INC-C4B311F31A1D,re2_ob,service,network_delay,4,True,1.0,1.0
gemma-4-26b-a4b,INC-C4D4F337120D,aiops2022,node,cpu,4,True,1.0,1.0
gemma-4-26b-a4b,INC-C53FAB9D3D66,re2_tt,service,disk_io,1,True,1.0,1.0
gemma-4-26b-a4b,INC-C58423A7459F,aegislab,service,network_partition_bandwidth,6,True,1.0,1.0
gemma-4-26b-a4b,INC-C59BC6133EB2,re2_tt,service,cpu,1,True,1.0,1.0
gemma-4-26b-a4b,INC-C6D4C8FD653E,re2_ob,service,network_delay,3,True,1.0,1.0
gemma-4-26b-a4b,INC-C6DA8E3595A0,re2_tt,service,network_config_socket,1,True,1.0,1.0
gemma-4-26b-a4b,INC-C7962AC24637,aegislab,service,availability,1,True,1.0,1.0
gemma-4-26b-a4b,INC-C83F01A1BA7F,aiops2022,node,disk_io,33,True,1.0,1.0
gemma-4-26b-a4b,INC-C94039412A49,re2_ob,service,cpu,11,True,1.0,1.0
gemma-4-26b-a4b,INC-C94A18F2915E,aiops2025,pod+service,memory_gc,5,True,1.0,1.0
gemma-4-26b-a4b,INC-C993CF5D1232,re2_ob,service,network_delay,4,True,1.0,1.0
gemma-4-26b-a4b,INC-C999ECF0512E,re2_ob,service,network_loss,1,True,1.0,1.0
gemma-4-26b-a4b,INC-C9BD40E14E88,aegislab,service,network_partition_bandwidth,2,True,1.0,1.0
gemma-4-26b-a4b,INC-C9D3BBC140AC,re2_ob,service,network_config_socket,1,True,1.0,1.0
gemma-4-26b-a4b,INC-CAAEB27C1167,re2_tt,service,network_config_socket,12,True,1.0,1.0
gemma-4-26b-a4b,INC-CB5EC7C5D5E4,aiops2025,pod+service,network_config_socket,3,True,1.0,1.0
gemma-4-26b-a4b,INC-CB8AD006EA8A,aegislab,service,application_jvm,7,True,1.0,1.0
gemma-4-26b-a4b,INC-CCCFF766DA4B,aiops2022,pod,disk_io,8,True,1.0,1.0
gemma-4-26b-a4b,INC-CCE2A7ACCA59,aiops2022,pod,network_duplicate,0,False,1.0,1.0
gemma-4-26b-a4b,INC-CD6BD563E846,aiops2022,node,cpu,0,False,0.0,0.0
gemma-4-26b-a4b,INC-CDC8083CEEE3,aiops2022,service,network_delay,12,True,1.0,1.0
gemma-4-26b-a4b,INC-CE139FA7B55F,re2_ob,service,network_loss,3,True,1.0,1.0
gemma-4-26b-a4b,INC-CEA641BA3229,aegislab,service,http_injection,3,True,1.0,1.0
gemma-4-26b-a4b,INC-CEDB66058BB8,aegislab,service,memory_gc,2,True,1.0,1.0
gemma-4-26b-a4b,INC-CFF44CA0030E,re2_ob,service,cpu,2,True,1.0,1.0
gemma-4-26b-a4b,INC-D02CFDF1A4AE,aiops2025,service,network_loss,1,True,1.0,1.0
gemma-4-26b-a4b,INC-D0BE36C455CD,aiops2022,service,network_delay,2,True,1.0,1.0
gemma-4-26b-a4b,INC-D195A4C0D9B6,aiops2022,pod,disk_io,9,True,1.0,1.0
gemma-4-26b-a4b,INC-D21A794216B3,re2_ob,service,disk_io,1,True,1.0,1.0
gemma-4-26b-a4b,INC-D25E7590F78E,re2_ob,service,network_delay,12,True,1.0,1.0
gemma-4-26b-a4b,INC-D27859FD0277,re2_tt,service,disk_io,1,True,1.0,1.0
gemma-4-26b-a4b,INC-D28AC6CAEFE4,aegislab,service,availability,1,True,1.0,1.0
gemma-4-26b-a4b,INC-D3580A14E84E,aiops2025,service,network_config_socket,0,False,1.0,1.0
gemma-4-26b-a4b,INC-D3EAA310B962,aiops2022,service,network_corrupt,21,True,1.0,1.0
gemma-4-26b-a4b,INC-D3EE77C90967,aiops2022,node,memory_gc,0,False,1.0,1.0
gemma-4-26b-a4b,INC-D573DF313B5A,aiops2025,pod+service,network_config_socket,22,True,1.0,1.0
gemma-4-26b-a4b,INC-D5A4BFC41ADE,re2_tt,service,cpu,1,True,1.0,1.0
gemma-4-26b-a4b,INC-D629BE49A3C4,aiops2025,node,disk_io,0,False,1.0,1.0
gemma-4-26b-a4b,INC-D639854EA9F7,aiops2022,pod,disk_io,20,True,1.0,1.0
gemma-4-26b-a4b,INC-D7EB286C5225,re2_tt,service,disk_io,11,True,1.0,1.0
gemma-4-26b-a4b,INC-D87134FF9ACF,aiops2025,pod+service,network_config_socket,12,True,1.0,1.0
gemma-4-26b-a4b,INC-D8E048E38FF6,aegislab,service,memory_gc,1,True,1.0,1.0
gemma-4-26b-a4b,INC-D9245047C658,aiops2025,node,cpu,0,False,0.0,0.0
gemma-4-26b-a4b,INC-D93BC27D5F39,aiops2025,service,application_jvm,8,True,1.0,1.0
gemma-4-26b-a4b,INC-D9ABFB644D29,aegislab,service,application_jvm,4,True,1.0,1.0
gemma-4-26b-a4b,INC-DA55CEE51D03,re2_tt,service,network_delay,4,True,1.0,1.0
gemma-4-26b-a4b,INC-DABDFB89960F,aegislab,service,availability,4,True,1.0,1.0
gemma-4-26b-a4b,INC-DAC9DF6ACB55,re2_ob,service,memory_gc,10,True,1.0,1.0
gemma-4-26b-a4b,INC-DB6E9CFCBBEA,aegislab,service,memory_gc,33,True,1.0,1.0
gemma-4-26b-a4b,INC-DC8C47226C5D,aiops2025,pod+service,availability,0,False,0.0,1.0
gemma-4-26b-a4b,INC-DCED03AC49C8,aiops2025,node,memory_gc,7,True,1.0,1.0
gemma-4-26b-a4b,INC-DD1A8BB11CC7,aegislab,service,network_partition_bandwidth,8,True,1.0,1.0
gemma-4-26b-a4b,INC-DD972245679A,aiops2022,service,memory_gc,4,True,1.0,1.0
gemma-4-26b-a4b,INC-DE4C5840855B,aiops2025,service,network_delay,2,True,1.0,1.0
gemma-4-26b-a4b,INC-E1800F0EDE01,re2_tt,service,memory_gc,3,True,1.0,1.0
gemma-4-26b-a4b,INC-E196793B7152,aegislab,service,availability,1,True,1.0,1.0
gemma-4-26b-a4b,INC-E303B0FABB02,re2_ob,service,disk_io,11,True,1.0,1.0
gemma-4-26b-a4b,INC-E324D405FD70,aiops2025,service,network_corrupt,7,True,1.0,1.0
gemma-4-26b-a4b,INC-E38C6642AA01,re2_ob,service,network_loss,37,True,1.0,1.0
gemma-4-26b-a4b,INC-E518E9800304,aiops2022,service,cpu,1,True,1.0,1.0
gemma-4-26b-a4b,INC-E58F54F25B3D,re2_tt,service,disk_io,1,True,1.0,1.0
gemma-4-26b-a4b,INC-E621AEC961D6,re2_ob,service,cpu,5,True,1.0,1.0
gemma-4-26b-a4b,INC-E687A1412352,aiops2025,pod+service,application_jvm,7,True,1.0,1.0
gemma-4-26b-a4b,INC-E6D8B968F39E,aiops2025,service,network_delay,4,True,1.0,1.0
gemma-4-26b-a4b,INC-E74124445490,aiops2025,service,network_loss,4,True,1.0,1.0
gemma-4-26b-a4b,INC-E86A05E1673E,re2_tt,service,network_delay,1,True,1.0,1.0
gemma-4-26b-a4b,INC-E92A6FFD9DC0,aegislab,service,http_injection,6,True,1.0,1.0
gemma-4-26b-a4b,INC-EAA097A406D6,aiops2022,service,network_corrupt,3,True,1.0,1.0
gemma-4-26b-a4b,INC-EB0EB86F831D,aegislab,service,http_injection,10,True,1.0,1.0
gemma-4-26b-a4b,INC-EC62E3B248EA,re2_tt,service,network_config_socket,3,True,1.0,1.0
gemma-4-26b-a4b,INC-EC777401BAED,re2_ob,service,network_config_socket,1,True,1.0,1.0
gemma-4-26b-a4b,INC-ED816B330F5D,aiops2025,service,cpu,2,True,1.0,1.0
gemma-4-26b-a4b,INC-EDA23ECB5C82,aegislab,service,http_injection,1,True,1.0,1.0
gemma-4-26b-a4b,INC-EDA7F79E3BD5,aegislab,service,http_injection,1,True,1.0,1.0
gemma-4-26b-a4b,INC-EDDC755A08F5,aiops2025,pod+service,availability,0,False,0.0,0.0
gemma-4-26b-a4b,INC-EF0D5C71C864,aiops2022,service,network_delay,1,True,1.0,1.0
gemma-4-26b-a4b,INC-EF3B891921B3,re2_ob,service,memory_gc,1,True,1.0,1.0
gemma-4-26b-a4b,INC-EF768AE9D329,aiops2025,service,application_jvm,17,True,1.0,1.0
gemma-4-26b-a4b,INC-F0B46AA8EB55,aegislab,service,http_injection,5,True,1.0,1.0
gemma-4-26b-a4b,INC-F14E2228C557,aegislab,service,application_jvm,1,True,1.0,1.0
gemma-4-26b-a4b,INC-F162EC56F576,aiops2025,service,availability,0,False,0.0,1.0
gemma-4-26b-a4b,INC-F1CD9B69032E,re2_ob,service,disk_io,1,True,1.0,1.0
gemma-4-26b-a4b,INC-F30D0DDD63EF,aiops2025,service,network_delay,22,True,1.0,1.0
gemma-4-26b-a4b,INC-F328F417F5C9,aiops2025,pod+service,application_jvm,1,True,1.0,1.0
gemma-4-26b-a4b,INC-F36820174BC4,aegislab,service,availability,3,True,1.0,1.0
gemma-4-26b-a4b,INC-F4FCAFBEC78A,aegislab,service,http_injection,10,True,1.0,1.0
gemma-4-26b-a4b,INC-F5B2E7B7AD42,aiops2022,service,availability,0,False,1.0,1.0
gemma-4-26b-a4b,INC-F5E46EDF8BEE,re2_ob,service,network_config_socket,1,True,1.0,1.0
gemma-4-26b-a4b,INC-F67208580936,re2_tt,service,network_config_socket,12,True,1.0,1.0
gemma-4-26b-a4b,INC-F7EC1094EA48,re2_ob,service,memory_gc,1,True,1.0,1.0
gemma-4-26b-a4b,INC-F8B9BD5ADA9C,aiops2022,service,network_duplicate,0,False,0.0,0.0
gemma-4-26b-a4b,INC-F961EDAB0297,re2_tt,service,network_loss,0,False,1.0,1.0
gemma-4-26b-a4b,INC-F9931F2050B1,re2_tt,service,cpu,2,True,1.0,1.0
gemma-4-26b-a4b,INC-FB637C1175C2,aegislab,service,http_injection,0,False,1.0,1.0
gemma-4-26b-a4b,INC-FBCBAA98002C,aegislab,service,http_injection,1,True,1.0,1.0
gemma-4-26b-a4b,INC-FC722DDC1AE4,re2_tt,service,network_loss,1,True,1.0,1.0
gemma-4-26b-a4b,INC-FC843F9AD625,aiops2022,node,disk_io,0,False,1.0,1.0
gemma-4-26b-a4b,INC-FCEC7B343F4C,re2_tt,service,network_delay,0,False,1.0,1.0
gemma-4-26b-a4b,INC-FCED40C68B88,re2_tt,service,network_delay,3,True,1.0,1.0
gemma-4-26b-a4b,INC-FD27B5B35F1F,aegislab,service,network_partition_bandwidth,1,True,1.0,1.0
gemma-4-26b-a4b,INC-FDC8B6B87BEB,aiops2022,node,disk_io,0,False,1.0,1.0
gemma-4-26b-a4b,INC-FDDF807FBAA4,aiops2025,pod+service,memory_gc,2,True,1.0,1.0
gemma-4-26b-a4b,INC-FE5D907C0E19,re2_tt,service,disk_io,11,True,1.0,1.0
gemma-4-26b-a4b,INC-FEE456E206B7,re2_tt,service,network_config_socket,12,True,1.0,1.0
gemma-4-26b-a4b,INC-FFA0A74A0439,aegislab,service,network_delay,1,True,1.0,1.0
qwen3.8-27b,INC-0060628741E9,aiops2022,service,network_delay,8,True,1.0,1.0
qwen3.8-27b,INC-01874CA0F78F,aiops2025,node,cpu,0,False,1.0,1.0
qwen3.8-27b,INC-018AC5D486B5,aegislab,service,network_corrupt,0,False,1.0,1.0
qwen3.8-27b,INC-01BF937825D4,aegislab,service,http_injection,9,True,1.0,1.0
qwen3.8-27b,INC-028FABE30ADE,aiops2022,service,disk_io,15,True,1.0,1.0
qwen3.8-27b,INC-02DC63A76944,re2_tt,service,network_config_socket,35,True,1.0,1.0
qwen3.8-27b,INC-03A46BA87920,aiops2025,pod+service,application_jvm,0,False,1.0,1.0
qwen3.8-27b,INC-03AEF8BDD4EF,aiops2025,pod+service,cpu,11,True,1.0,1.0
qwen3.8-27b,INC-03C364835E1A,aiops2022,service,network_duplicate,0,False,1.0,1.0
qwen3.8-27b,INC-04317463B3D0,aiops2025,service,application_jvm,4,True,1.0,1.0
qwen3.8-27b,INC-0507FCD5A267,re2_tt,service,network_config_socket,11,True,1.0,1.0
qwen3.8-27b,INC-058FC5DD18AD,aegislab,service,http_injection,4,True,1.0,1.0
qwen3.8-27b,INC-07AA9E05FB97,aiops2022,pod,memory_gc,0,False,0.0,0.0
qwen3.8-27b,INC-07B8919442D8,aiops2022,service,cpu,11,True,1.0,1.0
qwen3.8-27b,INC-09178A9EA621,re2_ob,service,disk_io,1,True,1.0,1.0
qwen3.8-27b,INC-0986D6C54EC6,aiops2022,node,disk_io,0,False,1.0,1.0
qwen3.8-27b,INC-09BEA9D63577,aegislab,service,http_injection,4,True,1.0,1.0
qwen3.8-27b,INC-0ABCFE10D32D,aiops2022,pod,disk_io,11,True,1.0,1.0
qwen3.8-27b,INC-0B2238ED048B,re2_tt,service,memory_gc,1,True,1.0,1.0
qwen3.8-27b,INC-0BA573DA51CC,aegislab,service,http_injection,8,True,1.0,1.0
qwen3.8-27b,INC-0C6453FC0744,re2_tt,service,memory_gc,2,True,1.0,1.0
qwen3.8-27b,INC-0CFB4743C6B3,aiops2025,service,network_config_socket,0,False,1.0,1.0
qwen3.8-27b,INC-0D58D7514724,re2_tt,service,network_delay,1,True,1.0,1.0
qwen3.8-27b,INC-0E6F68EDF409,aegislab,service,memory_gc,1,True,1.0,1.0
qwen3.8-27b,INC-0F24495B374E,re2_ob,service,memory_gc,1,True,1.0,1.0
qwen3.8-27b,INC-10414BB71DB4,re2_ob,service,disk_io,1,True,1.0,1.0
qwen3.8-27b,INC-10DCE8EC986A,aegislab,service,application_jvm,2,True,1.0,1.0
qwen3.8-27b,INC-11AFCDDD7B6E,aiops2022,service,network_duplicate,35,True,1.0,1.0
qwen3.8-27b,INC-123B5115D9C1,aiops2022,service,availability,1,True,1.0,1.0
qwen3.8-27b,INC-12D885A5B485,re2_tt,service,network_config_socket,0,False,1.0,1.0
qwen3.8-27b,INC-133324A21C16,aegislab,service,http_injection,5,True,1.0,1.0
qwen3.8-27b,INC-13F29FFC8DE6,aegislab,service,http_injection,7,True,1.0,1.0
qwen3.8-27b,INC-140A5BA15F03,re2_tt,service,cpu,3,True,1.0,1.0
qwen3.8-27b,INC-1595063C5B11,aiops2022,pod,network_corrupt,11,True,1.0,1.0
qwen3.8-27b,INC-16A4DF199613,aiops2022,pod,cpu,2,True,1.0,1.0
qwen3.8-27b,INC-17615889CDA7,aiops2025,service,availability,1,True,1.0,1.0
qwen3.8-27b,INC-179A20DE82DB,re2_ob,service,disk_io,1,True,1.0,1.0
qwen3.8-27b,INC-1899A22CF097,aegislab,service,availability,1,True,1.0,1.0
qwen3.8-27b,INC-18A2FBB6BB2D,aegislab,service,http_injection,3,True,1.0,1.0
qwen3.8-27b,INC-1A47F4D45593,aegislab,service,http_injection,0,False,1.0,1.0
qwen3.8-27b,INC-1AC00B482121,aiops2025,pod+service,cpu,8,True,1.0,1.0
qwen3.8-27b,INC-1B44BBCEEBD3,re2_ob,service,network_delay,0,False,1.0,1.0
qwen3.8-27b,INC-1B936A4C6354,aiops2025,pod+service,disk_io,0,False,1.0,1.0
qwen3.8-27b,INC-1C4333C351B0,re2_ob,service,network_loss,11,True,1.0,1.0
qwen3.8-27b,INC-1CFF421E24B8,aegislab,service,network_loss,1,True,1.0,1.0
qwen3.8-27b,INC-1D3579F09C93,aegislab,service,http_injection,0,False,1.0,1.0
qwen3.8-27b,INC-1D40A642FA86,aegislab,service,http_injection,1,True,1.0,1.0
qwen3.8-27b,INC-1E6DCFC0A453,aiops2022,service,network_loss,8,True,1.0,1.0
qwen3.8-27b,INC-1E7AE92CAA11,aiops2025,service,network_corrupt,11,True,1.0,1.0
qwen3.8-27b,INC-1EF3346D26B2,aegislab,service,http_injection,0,False,1.0,1.0
qwen3.8-27b,INC-1F5529D2CA5E,aegislab,service,memory_gc,1,True,1.0,1.0
qwen3.8-27b,INC-1FD94FA4DDB2,aiops2025,pod+service,disk_io,1,True,1.0,1.0
qwen3.8-27b,INC-1FDAD91BB9BE,aiops2025,pod+service,availability,0,False,0.0,0.0
qwen3.8-27b,INC-1FDDC9D9F646,aiops2022,pod,memory_gc,11,True,1.0,1.0
qwen3.8-27b,INC-1FF1DA038ECD,aegislab,service,network_loss,0,False,1.0,1.0
qwen3.8-27b,INC-20F15B958E53,re2_tt,service,disk_io,1,True,1.0,1.0
qwen3.8-27b,INC-22F76381CBE6,re2_tt,service,memory_gc,1,True,1.0,1.0
qwen3.8-27b,INC-253A865B0CF8,aiops2025,service,availability,12,True,1.0,1.0
qwen3.8-27b,INC-25F1CE1149C5,re2_tt,service,cpu,1,True,1.0,1.0
qwen3.8-27b,INC-26579BE78F64,aiops2025,pod+service,availability,5,True,1.0,1.0
qwen3.8-27b,INC-27CBD1F8668A,aiops2025,pod+service,availability,0,False,0.0,1.0
qwen3.8-27b,INC-27F3CF9F35C3,aegislab,service,availability,1,True,1.0,1.0
qwen3.8-27b,INC-285D9924CB61,re2_ob,service,memory_gc,2,True,1.0,1.0
qwen3.8-27b,INC-28E6F5E88478,aiops2025,node,memory_gc,0,False,0.0,0.0
qwen3.8-27b,INC-2901DC0C5EA7,aegislab,service,memory_gc,1,True,1.0,1.0
qwen3.8-27b,INC-292F501C746B,re2_ob,service,memory_gc,1,True,1.0,1.0
qwen3.8-27b,INC-29F57B93C9F9,aegislab,service,http_injection,3,True,1.0,1.0
qwen3.8-27b,INC-2A292B511B14,aiops2025,service,memory_gc,17,True,1.0,1.0
qwen3.8-27b,INC-2AF7295251C4,re2_ob,service,network_loss,3,True,1.0,1.0
qwen3.8-27b,INC-2B5B37FB4D11,aiops2025,service,availability,9,True,1.0,1.0
qwen3.8-27b,INC-2BA10FF98249,re2_ob,service,network_loss,11,True,1.0,1.0
qwen3.8-27b,INC-2CABCD159021,aiops2022,node,memory_gc,0,False,0.0,1.0
qwen3.8-27b,INC-2D6EED6A6D13,re2_ob,service,memory_gc,11,True,1.0,1.0
qwen3.8-27b,INC-2EC81ED321B8,re2_ob,service,disk_io,11,True,1.0,1.0
qwen3.8-27b,INC-2FF9FCA71E6D,aiops2022,service,cpu,3,True,1.0,1.0
qwen3.8-27b,INC-316B59616EA8,aiops2025,service,cpu,11,True,1.0,1.0
qwen3.8-27b,INC-317E1263E538,re2_tt,service,disk_io,11,True,1.0,1.0
qwen3.8-27b,INC-317EB9A125E2,re2_ob,service,network_delay,0,False,1.0,1.0
qwen3.8-27b,INC-318B5137ACB5,re2_ob,service,network_config_socket,11,True,1.0,1.0
qwen3.8-27b,INC-31E57C5E5BC9,re2_ob,service,network_delay,11,True,1.0,1.0
qwen3.8-27b,INC-32757906019C,aiops2022,pod,network_corrupt,1,True,1.0,1.0
qwen3.8-27b,INC-3292326B0AA6,aiops2022,node,cpu,20,True,1.0,1.0
qwen3.8-27b,INC-32D939769758,aiops2025,pod+service,disk_io,13,True,1.0,1.0
qwen3.8-27b,INC-331437929E47,aegislab,service,network_corrupt,1,True,1.0,1.0
qwen3.8-27b,INC-3316B6DBC59B,aiops2025,pod+service,availability,11,True,1.0,1.0
qwen3.8-27b,INC-332110D70FB3,aegislab,service,http_injection,5,True,1.0,1.0
qwen3.8-27b,INC-332A9C57BCB5,re2_ob,service,network_delay,34,True,1.0,1.0
qwen3.8-27b,INC-335A9F3A663E,aiops2022,service,network_delay,23,True,1.0,1.0
qwen3.8-27b,INC-34562D2C5CC4,aegislab,service,http_injection,5,True,1.0,1.0
qwen3.8-27b,INC-34753C03D9F6,aiops2022,service,disk_io,10,True,1.0,1.0
qwen3.8-27b,INC-353DBB20BF35,re2_ob,service,network_delay,1,True,1.0,1.0
qwen3.8-27b,INC-358CBE8D4527,aiops2022,pod,network_delay,0,False,1.0,1.0
qwen3.8-27b,INC-374F53762B49,re2_tt,service,memory_gc,2,True,1.0,1.0
qwen3.8-27b,INC-375083DFDFBE,aiops2025,service,cpu,0,False,1.0,1.0
qwen3.8-27b,INC-37ABFB78A80E,aegislab,service,http_injection,2,True,1.0,1.0
qwen3.8-27b,INC-380D93292F55,re2_tt,service,network_config_socket,4,True,1.0,1.0
qwen3.8-27b,INC-3813CE1F1D81,re2_tt,service,disk_io,8,True,1.0,1.0
qwen3.8-27b,INC-3842F45DAA9C,aegislab,service,http_injection,9,True,1.0,1.0
qwen3.8-27b,INC-385F3FDBBD1F,aegislab,service,http_injection,2,True,1.0,1.0
qwen3.8-27b,INC-38605D04F34F,aiops2025,pod+service,memory_gc,10,True,1.0,1.0
qwen3.8-27b,INC-389FF6C30F0C,re2_tt,service,network_loss,1,True,1.0,1.0
qwen3.8-27b,INC-38A22FDFB326,aiops2022,pod,network_corrupt,1,True,1.0,1.0
qwen3.8-27b,INC-392EE028390B,aiops2025,pod+service,disk_io,5,True,1.0,1.0
qwen3.8-27b,INC-3948C7715B49,aegislab,service,http_injection,21,True,1.0,1.0
qwen3.8-27b,INC-39682657768A,aegislab,service,memory_gc,1,True,1.0,1.0
qwen3.8-27b,INC-39B0C8694807,aegislab,service,http_injection,3,True,1.0,1.0
qwen3.8-27b,INC-3B6FE224D74B,aiops2025,service,network_loss,1,True,1.0,1.0
qwen3.8-27b,INC-3BFC24F5D6E5,aiops2022,pod,disk_io,3,True,1.0,1.0
qwen3.8-27b,INC-3C072440A74A,aegislab,service,http_injection,5,True,1.0,1.0
qwen3.8-27b,INC-3D65ABCF1DD8,aiops2025,pod+service,application_jvm,10,True,1.0,1.0
qwen3.8-27b,INC-3D79B00A900E,aiops2022,pod,memory_gc,2,True,1.0,1.0
qwen3.8-27b,INC-3DAE92BD42C8,re2_ob,service,network_config_socket,1,True,1.0,1.0
qwen3.8-27b,INC-3DBFAA404DC0,re2_tt,service,network_delay,4,True,1.0,1.0
qwen3.8-27b,INC-3ED541C97867,re2_tt,service,disk_io,1,True,1.0,1.0
qwen3.8-27b,INC-3F44D7D4B68D,aiops2025,service,application_jvm,23,True,1.0,1.0
qwen3.8-27b,INC-3F88433C6947,aiops2025,node,memory_gc,1,True,1.0,1.0
qwen3.8-27b,INC-4118AC568018,re2_tt,service,network_delay,8,True,1.0,1.0
qwen3.8-27b,INC-4154DBB6E59A,re2_tt,service,network_delay,3,True,1.0,1.0
qwen3.8-27b,INC-420AE08478C0,re2_tt,service,memory_gc,25,True,1.0,1.0
qwen3.8-27b,INC-4223B0F4F49C,aiops2022,pod,memory_gc,11,True,1.0,1.0
qwen3.8-27b,INC-42B9946BA57E,re2_tt,service,network_delay,1,True,1.0,1.0
qwen3.8-27b,INC-42D9586BA9E2,re2_ob,service,network_delay,1,True,1.0,1.0
qwen3.8-27b,INC-444F5D8258E0,re2_ob,service,network_loss,1,True,1.0,1.0
qwen3.8-27b,INC-44B7C1A2898E,re2_tt,service,memory_gc,11,True,1.0,1.0
qwen3.8-27b,INC-452942E7A056,re2_tt,service,cpu,21,True,1.0,1.0
qwen3.8-27b,INC-45FA3C22839A,re2_ob,service,cpu,1,True,1.0,1.0
qwen3.8-27b,INC-46EA9B460B2C,aiops2022,pod,disk_io,21,True,1.0,1.0
qwen3.8-27b,INC-47B65415E3CA,re2_tt,service,disk_io,1,True,1.0,1.0
qwen3.8-27b,INC-487BD5BF5D73,aegislab,service,http_injection,1,True,1.0,1.0
qwen3.8-27b,INC-48851D60A4D1,re2_tt,service,network_loss,1,True,1.0,1.0
qwen3.8-27b,INC-48C127B155B6,aiops2022,node,memory_gc,0,False,1.0,1.0
qwen3.8-27b,INC-491E85FD6009,aegislab,service,application_jvm,8,True,1.0,1.0
qwen3.8-27b,INC-493A8D7F2EC5,aiops2025,pod+service,memory_gc,8,True,1.0,1.0
qwen3.8-27b,INC-495E8857529A,re2_ob,service,cpu,8,True,1.0,1.0
qwen3.8-27b,INC-497CEA8EBD33,aiops2022,service,network_loss,1,True,1.0,1.0
qwen3.8-27b,INC-4A56695C1F2E,re2_tt,service,network_loss,12,True,1.0,1.0
qwen3.8-27b,INC-4AD76DC956B5,aegislab,service,http_injection,0,False,1.0,1.0
qwen3.8-27b,INC-4B2715C98025,re2_tt,service,memory_gc,35,True,1.0,1.0
qwen3.8-27b,INC-4C4024E9EF1F,aegislab,service,http_injection,1,True,1.0,1.0
qwen3.8-27b,INC-4D6E62700175,aiops2022,pod,network_loss,8,True,1.0,1.0
qwen3.8-27b,INC-4D72A823F397,aiops2022,pod,network_loss,1,True,1.0,1.0
qwen3.8-27b,INC-4E2670294EDD,re2_tt,service,network_delay,1,True,1.0,1.0
qwen3.8-27b,INC-4E586F5C0E9B,re2_ob,service,disk_io,1,True,1.0,1.0
qwen3.8-27b,INC-5029899F9CD7,re2_tt,service,cpu,11,True,1.0,1.0
qwen3.8-27b,INC-505708BD5D56,re2_ob,service,memory_gc,11,True,1.0,1.0
qwen3.8-27b,INC-50AFA840E6F8,aiops2025,pod+service,availability,0,False,0.0,0.0
qwen3.8-27b,INC-50C26A55D214,aegislab,service,availability,3,True,1.0,1.0
qwen3.8-27b,INC-51538C347B49,re2_tt,service,network_loss,12,True,1.0,1.0
qwen3.8-27b,INC-51A655E96084,re2_ob,service,network_loss,3,True,1.0,1.0
qwen3.8-27b,INC-537B734B98DF,re2_ob,service,network_delay,0,False,1.0,1.0
qwen3.8-27b,INC-540349CB2170,aiops2022,pod,availability,1,True,1.0,1.0
qwen3.8-27b,INC-556C50BDC08D,aiops2022,service,network_duplicate,1,True,1.0,1.0
qwen3.8-27b,INC-567E87EC2984,re2_tt,service,disk_io,1,True,1.0,1.0
qwen3.8-27b,INC-568F3A9CAB88,re2_ob,service,network_config_socket,11,True,1.0,1.0
qwen3.8-27b,INC-56A429CF3650,aiops2022,service,availability,0,False,1.0,1.0
qwen3.8-27b,INC-58CA418024BC,re2_ob,service,network_config_socket,1,True,1.0,1.0
qwen3.8-27b,INC-5A327CFD860F,aiops2025,pod+service,availability,0,False,0.0,0.0
qwen3.8-27b,INC-5A5C12F46667,aiops2022,node,cpu,0,False,1.0,1.0
qwen3.8-27b,INC-5AA6D2114681,re2_ob,service,memory_gc,1,True,1.0,1.0
qwen3.8-27b,INC-5BB98DA9A713,re2_ob,service,network_delay,11,True,1.0,1.0
qwen3.8-27b,INC-5BE1945B288F,re2_tt,service,network_delay,4,True,1.0,1.0
qwen3.8-27b,INC-5C2F191841A2,aiops2022,service,network_delay,22,True,1.0,1.0
qwen3.8-27b,INC-5C3490B6FDED,re2_tt,service,network_delay,1,True,1.0,1.0
qwen3.8-27b,INC-5C7D6186CEC1,aegislab,service,http_injection,20,True,1.0,1.0
qwen3.8-27b,INC-5CE6915288DD,aiops2025,node,disk_io,30,True,1.0,1.0
qwen3.8-27b,INC-5D2E7EBCAFC9,re2_tt,service,cpu,1,True,1.0,1.0
qwen3.8-27b,INC-5D431DFF3EF6,re2_tt,service,cpu,2,True,1.0,1.0
qwen3.8-27b,INC-5D7DB04266BA,re2_tt,service,cpu,1,True,1.0,1.0
qwen3.8-27b,INC-5D92F3402F88,aiops2025,service,network_corrupt,1,True,1.0,1.0
qwen3.8-27b,INC-5DDDA62386B6,aegislab,service,http_injection,1,True,1.0,1.0
qwen3.8-27b,INC-5DDFFEF35CBD,aegislab,service,http_injection,16,True,1.0,1.0
qwen3.8-27b,INC-5E3C4702B656,re2_ob,service,network_config_socket,4,True,1.0,1.0
qwen3.8-27b,INC-5E6B54C4796A,re2_ob,service,cpu,1,True,1.0,1.0
qwen3.8-27b,INC-5E7E85BAB56A,re2_ob,service,network_config_socket,1,True,1.0,1.0
qwen3.8-27b,INC-5EADA73E94EC,aiops2025,node,disk_io,0,False,0.0,0.0
qwen3.8-27b,INC-5F84C560288E,re2_tt,service,disk_io,1,True,1.0,1.0
qwen3.8-27b,INC-5FC0AF3FCC8C,re2_ob,service,cpu,1,True,1.0,1.0
qwen3.8-27b,INC-61B36DFEF770,re2_tt,service,network_config_socket,17,True,1.0,1.0
qwen3.8-27b,INC-62C126A9829B,re2_ob,service,disk_io,1,True,1.0,1.0
qwen3.8-27b,INC-630A596CDD84,aiops2022,pod,network_loss,0,False,0.0,0.0
qwen3.8-27b,INC-644727F54D7E,re2_ob,service,network_delay,1,True,1.0,1.0
qwen3.8-27b,INC-64B2AC60E6EB,re2_tt,service,network_loss,3,True,1.0,1.0
qwen3.8-27b,INC-64E5D665C311,aiops2025,node,cpu,0,False,1.0,1.0
qwen3.8-27b,INC-6544C7BFF82D,aiops2022,node,disk_io,2,True,1.0,1.0
qwen3.8-27b,INC-656E84604476,re2_ob,service,network_config_socket,1,True,1.0,1.0
qwen3.8-27b,INC-65CE2F2F3440,aiops2022,node,disk_io,9,True,1.0,1.0
qwen3.8-27b,INC-68170E520848,re2_tt,service,memory_gc,1,True,1.0,1.0
qwen3.8-27b,INC-68BAACF4BB36,aiops2022,pod,network_corrupt,0,False,1.0,1.0
qwen3.8-27b,INC-69390386C2AF,re2_tt,service,memory_gc,1,True,1.0,1.0
qwen3.8-27b,INC-69A7A0E7E78B,aiops2025,node,memory_gc,3,True,1.0,1.0
qwen3.8-27b,INC-69E72873C6F4,re2_tt,service,disk_io,1,True,1.0,1.0
qwen3.8-27b,INC-6A048DD0C35E,aegislab,service,network_partition_bandwidth,2,True,1.0,1.0
qwen3.8-27b,INC-6B3A6E13B636,re2_tt,service,network_loss,1,True,1.0,1.0
qwen3.8-27b,INC-6B949A1C86AB,re2_tt,service,network_config_socket,2,True,1.0,1.0
qwen3.8-27b,INC-6BD7198BE675,aegislab,service,network_loss,0,False,1.0,1.0
qwen3.8-27b,INC-6BFD1970A6D7,aiops2025,service,network_delay,1,True,1.0,1.0
qwen3.8-27b,INC-6C8EA77140FF,aegislab,service,http_injection,0,False,1.0,1.0
qwen3.8-27b,INC-6CB07956172F,aegislab,service,http_injection,3,True,1.0,1.0
qwen3.8-27b,INC-6D1C8225111D,aegislab,service,http_injection,8,True,1.0,1.0
qwen3.8-27b,INC-6D9634E42BD5,re2_ob,service,disk_io,8,True,1.0,1.0
qwen3.8-27b,INC-6DCAE95A54B2,aiops2025,node,memory_gc,11,True,1.0,1.0
qwen3.8-27b,INC-6E627662CA32,aiops2022,pod,cpu,4,True,1.0,1.0
qwen3.8-27b,INC-6E6E1B20F2D5,aiops2025,node,cpu,11,True,1.0,1.0
qwen3.8-27b,INC-6EF79652EA22,aiops2022,node,memory_gc,0,False,0.0,0.0
qwen3.8-27b,INC-6FDD214ABC63,aiops2025,service,memory_gc,0,False,1.0,1.0
qwen3.8-27b,INC-719DBE51ECE1,re2_tt,service,memory_gc,1,True,1.0,1.0
qwen3.8-27b,INC-71D5B95EA053,re2_ob,service,cpu,1,True,1.0,1.0
qwen3.8-27b,INC-722933676134,aiops2022,pod,network_duplicate,0,False,0.0,0.0
qwen3.8-27b,INC-7247EFC5F392,aiops2022,pod,network_delay,0,False,1.0,1.0
qwen3.8-27b,INC-72703AF9554D,re2_ob,service,network_loss,1,True,1.0,1.0
qwen3.8-27b,INC-72886810305C,re2_ob,service,cpu,11,True,1.0,1.0
qwen3.8-27b,INC-7423A8694631,re2_tt,service,memory_gc,27,True,1.0,1.0
qwen3.8-27b,INC-7510715CBA6F,aiops2022,node,disk_io,0,False,0.0,1.0
qwen3.8-27b,INC-7558C271EC45,aiops2022,pod,disk_io,11,True,1.0,1.0
qwen3.8-27b,INC-758135BD88ED,re2_tt,service,network_loss,16,True,1.0,1.0
qwen3.8-27b,INC-758FE568E14E,re2_tt,service,network_delay,29,True,1.0,1.0
qwen3.8-27b,INC-7623CCC4CFDF,re2_ob,service,network_config_socket,1,True,1.0,1.0
qwen3.8-27b,INC-76E86205A1E4,aegislab,service,network_partition_bandwidth,2,True,1.0,1.0
qwen3.8-27b,INC-7763E2627FD6,re2_ob,service,cpu,1,True,1.0,1.0
qwen3.8-27b,INC-776EE000D01C,aegislab,service,http_injection,0,False,1.0,1.0
qwen3.8-27b,INC-77C683F9B6C0,aiops2025,service,cpu,3,True,1.0,1.0
qwen3.8-27b,INC-785D78DEDF40,re2_tt,service,cpu,1,True,1.0,1.0
qwen3.8-27b,INC-78E577CFBC67,re2_tt,service,network_delay,2,True,1.0,1.0
qwen3.8-27b,INC-79225B430E68,re2_tt,service,network_loss,12,True,1.0,1.0
qwen3.8-27b,INC-793BF750FC74,re2_tt,service,disk_io,1,True,1.0,1.0
qwen3.8-27b,INC-7B8A9C240F72,re2_tt,service,network_loss,22,True,1.0,1.0
qwen3.8-27b,INC-7C21112F33BD,aiops2025,node,memory_gc,0,False,0.0,1.0
qwen3.8-27b,INC-7C2B878AC3BB,aiops2022,pod,network_loss,3,True,1.0,1.0
qwen3.8-27b,INC-7CA062069501,aiops2025,service,network_corrupt,1,True,1.0,1.0
qwen3.8-27b,INC-7CAB6F033CBF,re2_ob,service,network_config_socket,1,True,1.0,1.0
qwen3.8-27b,INC-7CD161051EEF,re2_ob,service,memory_gc,1,True,1.0,1.0
qwen3.8-27b,INC-7D95F2013B97,aiops2022,pod,cpu,1,True,1.0,1.0
qwen3.8-27b,INC-7E5014ED408C,aiops2025,service,memory_gc,0,False,1.0,1.0
qwen3.8-27b,INC-7F84D3BE3772,aiops2022,node,disk_io,11,True,1.0,1.0
qwen3.8-27b,INC-7FCA48559A2E,aegislab,service,network_corrupt,8,True,1.0,1.0
qwen3.8-27b,INC-80540E51533D,aiops2025,node,cpu,8,True,1.0,1.0
qwen3.8-27b,INC-807CFFCD9D3F,aiops2025,pod+service,availability,0,False,1.0,1.0
qwen3.8-27b,INC-8201EB3924F3,aiops2025,service,availability,2,True,1.0,1.0
qwen3.8-27b,INC-8276E390B656,re2_tt,service,cpu,4,True,1.0,1.0
qwen3.8-27b,INC-837ED60AC9F5,re2_tt,service,network_loss,7,True,1.0,1.0
qwen3.8-27b,INC-83BCD48B2886,aiops2022,node,cpu,1,True,1.0,1.0
qwen3.8-27b,INC-8474ED217050,aiops2022,service,disk_io,35,True,1.0,1.0
qwen3.8-27b,INC-84FBC12057DF,re2_ob,service,network_loss,22,True,1.0,1.0
qwen3.8-27b,INC-84FD34A01D53,aiops2022,service,disk_io,4,True,1.0,1.0
qwen3.8-27b,INC-85C93CE3CB89,aegislab,service,http_injection,1,True,1.0,1.0
qwen3.8-27b,INC-86158623978C,aiops2025,service,cpu,1,True,1.0,1.0
qwen3.8-27b,INC-8682AD2CADE1,aiops2022,node,disk_io,0,False,1.0,1.0
qwen3.8-27b,INC-873FE163DCDF,aiops2022,node,disk_io,0,False,1.0,1.0
qwen3.8-27b,INC-881461551C98,aiops2025,pod+service,availability,0,False,0.0,0.0
qwen3.8-27b,INC-89856C07F4EE,aiops2022,service,network_loss,22,True,1.0,1.0
qwen3.8-27b,INC-8991CE65FDA1,aiops2025,service,cpu,1,True,1.0,1.0
qwen3.8-27b,INC-8A15235700A5,re2_ob,service,network_loss,1,True,1.0,1.0
qwen3.8-27b,INC-8A8599516046,re2_tt,service,memory_gc,1,True,1.0,1.0
qwen3.8-27b,INC-8A8A06CCA13F,re2_tt,service,cpu,3,True,1.0,1.0
qwen3.8-27b,INC-8ADDCDA41BE3,re2_tt,service,memory_gc,4,True,1.0,1.0
qwen3.8-27b,INC-8AF1B166DB48,aiops2022,node,disk_io,1,True,1.0,1.0
qwen3.8-27b,INC-8C75E02709E2,re2_ob,service,network_delay,2,True,1.0,1.0
qwen3.8-27b,INC-8D7ADE1AAC00,re2_ob,service,memory_gc,1,True,1.0,1.0
qwen3.8-27b,INC-8D7BC30E2DAB,aegislab,service,availability,1,True,1.0,1.0
qwen3.8-27b,INC-8E0FB1B7B3FE,aiops2025,service,network_loss,1,True,1.0,1.0
qwen3.8-27b,INC-8E1DFDBC7F96,aiops2025,pod+service,network_corrupt,1,True,1.0,1.0
qwen3.8-27b,INC-8E91494BF92F,aegislab,service,application_jvm,2,True,1.0,1.0
qwen3.8-27b,INC-90722DCD5A51,aiops2022,node,disk_io,11,True,1.0,1.0
qwen3.8-27b,INC-9095FF6F0DE1,re2_tt,service,network_config_socket,23,True,1.0,1.0
qwen3.8-27b,INC-91CC9D691CA8,aegislab,service,http_injection,3,True,1.0,1.0
qwen3.8-27b,INC-91DCB951C96E,aiops2022,pod,network_delay,0,False,0.0,0.0
qwen3.8-27b,INC-924208910E84,aiops2022,pod,memory_gc,11,True,1.0,1.0
qwen3.8-27b,INC-9293D99C285C,aiops2022,service,network_corrupt,9,True,1.0,1.0
qwen3.8-27b,INC-92A00B34EECF,aiops2025,pod+service,disk_io,1,True,1.0,1.0
qwen3.8-27b,INC-93C032432E23,aiops2022,pod,disk_io,0,False,1.0,1.0
qwen3.8-27b,INC-949F57AFA656,aiops2022,pod,network_loss,0,False,0.0,0.0
qwen3.8-27b,INC-94EB4C70EFB7,aiops2025,node,memory_gc,0,False,0.0,1.0
qwen3.8-27b,INC-96D6643B2759,re2_ob,service,network_config_socket,1,True,1.0,1.0
qwen3.8-27b,INC-96E8C237EFAF,aiops2025,service,cpu,1,True,1.0,1.0
qwen3.8-27b,INC-977EEEDB6E71,aiops2022,node,disk_io,4,True,1.0,1.0
qwen3.8-27b,INC-97970D47890D,re2_ob,service,disk_io,1,True,1.0,1.0
qwen3.8-27b,INC-97B043342751,aegislab,service,http_injection,16,True,1.0,1.0
qwen3.8-27b,INC-97E402864C41,aiops2025,node,memory_gc,9,True,1.0,1.0
qwen3.8-27b,INC-97ECDC5FFBD8,aiops2022,node,disk_io,0,False,1.0,1.0
qwen3.8-27b,INC-98BF3F9714D0,aiops2025,pod+service,network_config_socket,22,True,1.0,1.0
qwen3.8-27b,INC-992C09A89DC9,aegislab,service,http_injection,7,True,1.0,1.0
qwen3.8-27b,INC-9A05537B3E29,re2_ob,service,cpu,1,True,1.0,1.0
qwen3.8-27b,INC-9A2362AEABC1,aiops2025,service,network_delay,1,True,1.0,1.0
qwen3.8-27b,INC-9AB0165E6803,aiops2022,service,memory_gc,0,False,1.0,1.0
qwen3.8-27b,INC-9ACC29B9B330,aiops2022,node,disk_io,21,True,1.0,1.0
qwen3.8-27b,INC-9AF32547D264,aegislab,service,http_injection,1,True,1.0,1.0
qwen3.8-27b,INC-9BB4F48C23E7,aiops2022,node,cpu,1,True,1.0,1.0
qwen3.8-27b,INC-9C225C04C814,aiops2025,pod+service,network_config_socket,0,False,1.0,1.0
qwen3.8-27b,INC-9C8982A9736C,aiops2025,service,network_delay,22,True,1.0,1.0
qwen3.8-27b,INC-9CE8985F3DCB,aegislab,service,http_injection,0,False,1.0,1.0
qwen3.8-27b,INC-9D1784608F61,aiops2025,node,disk_io,19,True,1.0,1.0
qwen3.8-27b,INC-9DDF62CAF256,aiops2025,pod+service,memory_gc,9,True,1.0,1.0
qwen3.8-27b,INC-9F5B55E3FD93,re2_ob,service,disk_io,1,True,1.0,1.0
qwen3.8-27b,INC-9FE4614C417F,aegislab,service,memory_gc,1,True,1.0,1.0
qwen3.8-27b,INC-A03DA161313B,aiops2022,pod,cpu,2,True,1.0,1.0
qwen3.8-27b,INC-A04114CCAFBF,re2_ob,service,cpu,11,True,1.0,1.0
qwen3.8-27b,INC-A140F0C90613,aiops2022,pod,memory_gc,1,True,1.0,1.0
qwen3.8-27b,INC-A195F9A69AFC,aegislab,service,network_partition_bandwidth,8,True,1.0,1.0
qwen3.8-27b,INC-A19BB8DA9651,aiops2022,node,cpu,11,True,1.0,1.0
qwen3.8-27b,INC-A1C6591B0184,aegislab,service,http_injection,0,False,0.0,1.0
qwen3.8-27b,INC-A2F0E757DD2A,aegislab,service,memory_gc,1,True,1.0,1.0
qwen3.8-27b,INC-A30E2AFB40B0,aegislab,service,memory_gc,3,True,1.0,1.0
qwen3.8-27b,INC-A3CAC5755C43,re2_ob,service,memory_gc,1,True,1.0,1.0
qwen3.8-27b,INC-A59335340B6D,re2_tt,service,network_config_socket,2,True,1.0,1.0
qwen3.8-27b,INC-A5BE8AEFA87F,aegislab,service,availability,1,True,1.0,1.0
qwen3.8-27b,INC-A630AAF01518,aiops2022,pod,cpu,1,True,1.0,1.0
qwen3.8-27b,INC-A76B7CE4E103,re2_ob,service,cpu,1,True,1.0,1.0
qwen3.8-27b,INC-A7CCB675D07B,aiops2025,node,memory_gc,0,False,1.0,1.0
qwen3.8-27b,INC-A826539241B0,aegislab,service,memory_gc,1,True,1.0,1.0
qwen3.8-27b,INC-A88DDA849391,aegislab,service,memory_gc,1,True,1.0,1.0
qwen3.8-27b,INC-A89422C045DE,aegislab,service,http_injection,5,True,1.0,1.0
qwen3.8-27b,INC-A9B687D08FA0,re2_tt,service,network_loss,18,True,1.0,1.0
qwen3.8-27b,INC-AB544E508C91,re2_tt,service,network_loss,1,True,1.0,1.0
qwen3.8-27b,INC-ABA10DF868CA,aiops2025,service,network_corrupt,1,True,1.0,1.0
qwen3.8-27b,INC-ABBF0133EB88,aiops2022,pod,cpu,1,True,1.0,1.0
qwen3.8-27b,INC-AC608AECC5FD,aiops2025,service,network_loss,12,True,1.0,1.0
qwen3.8-27b,INC-AC9FBC0EC13D,aiops2025,pod+service,application_jvm,21,True,1.0,1.0
qwen3.8-27b,INC-AE614A801F28,re2_ob,service,network_config_socket,1,True,1.0,1.0
qwen3.8-27b,INC-AE71A9C68D35,aiops2025,service,network_corrupt,1,True,1.0,1.0
qwen3.8-27b,INC-AF02556C966C,re2_ob,service,network_loss,1,True,1.0,1.0
qwen3.8-27b,INC-AF408910E346,re2_ob,service,network_config_socket,1,True,1.0,1.0
qwen3.8-27b,INC-AF6DEBBB6E56,re2_ob,service,disk_io,1,True,1.0,1.0
qwen3.8-27b,INC-AF990A16FDD6,aiops2022,service,network_corrupt,27,True,1.0,1.0
qwen3.8-27b,INC-AFC1CF58B350,re2_tt,service,network_config_socket,12,True,1.0,1.0
qwen3.8-27b,INC-B27FEDD9F59C,aiops2025,pod+service,cpu,8,True,1.0,1.0
qwen3.8-27b,INC-B3349051A0EF,aiops2025,service,application_jvm,7,True,1.0,1.0
qwen3.8-27b,INC-B3C900248AE7,re2_ob,service,memory_gc,4,True,1.0,1.0
qwen3.8-27b,INC-B4810DE898A5,re2_ob,service,disk_io,11,True,1.0,1.0
qwen3.8-27b,INC-B4C69A1E0459,aegislab,service,http_injection,1,True,1.0,1.0
qwen3.8-27b,INC-B51CCEE61D70,aiops2022,service,network_corrupt,1,True,1.0,1.0
qwen3.8-27b,INC-B54E4F62E713,re2_tt,service,cpu,1,True,1.0,1.0
qwen3.8-27b,INC-B57647053FCD,re2_tt,service,network_delay,1,True,1.0,1.0
qwen3.8-27b,INC-B5AB9A371DE9,aiops2022,node,disk_io,0,False,0.0,1.0
qwen3.8-27b,INC-B5C0BC6A223E,aegislab,service,http_injection,1,True,1.0,1.0
qwen3.8-27b,INC-B5D196EEF335,re2_ob,service,network_loss,1,True,1.0,1.0
qwen3.8-27b,INC-B631F54680DB,re2_ob,service,memory_gc,1,True,1.0,1.0
qwen3.8-27b,INC-B63AC53AB86F,aiops2022,pod,network_delay,12,True,1.0,1.0
qwen3.8-27b,INC-B63F1516296F,aiops2022,service,availability,11,True,1.0,1.0
qwen3.8-27b,INC-B646C4677B96,aiops2022,service,network_loss,0,False,1.0,1.0
qwen3.8-27b,INC-B77D2FD0C248,aegislab,service,network_partition_bandwidth,3,True,1.0,1.0
qwen3.8-27b,INC-B84269FDA98E,aegislab,service,http_injection,3,True,1.0,1.0
qwen3.8-27b,INC-B861B23C1EB4,aiops2022,node,memory_gc,8,True,1.0,1.0
qwen3.8-27b,INC-B8CEA35848D0,aiops2025,service,network_config_socket,11,True,1.0,1.0
qwen3.8-27b,INC-B95CA78A9FA8,aegislab,service,memory_gc,3,True,1.0,1.0
qwen3.8-27b,INC-B9652C6DC060,aiops2025,pod+service,cpu,0,False,1.0,1.0
qwen3.8-27b,INC-BA06C52CBB22,re2_ob,service,network_loss,11,True,1.0,1.0
qwen3.8-27b,INC-BA41A280E858,aiops2022,pod,disk_io,9,True,1.0,1.0
qwen3.8-27b,INC-BB189A981AF5,re2_tt,service,disk_io,11,True,1.0,1.0
qwen3.8-27b,INC-BB38C85DCB2F,aegislab,service,http_injection,11,True,1.0,1.0
qwen3.8-27b,INC-BBC8393AB176,re2_ob,service,memory_gc,1,True,1.0,1.0
qwen3.8-27b,INC-BCC943C0801C,re2_tt,service,cpu,1,True,1.0,1.0
qwen3.8-27b,INC-BD033D92F337,aiops2025,service,application_jvm,1,True,1.0,1.0
qwen3.8-27b,INC-BD1281C405F3,aiops2022,service,network_duplicate,20,True,1.0,1.0
qwen3.8-27b,INC-BD14EEDA08FA,aiops2025,node,memory_gc,0,False,1.0,1.0
qwen3.8-27b,INC-BD30D389E22B,aiops2022,pod,network_corrupt,0,False,1.0,1.0
qwen3.8-27b,INC-BD5F475DAC3C,aegislab,service,http_injection,1,True,1.0,1.0
qwen3.8-27b,INC-BD921BAF43A1,aiops2022,node,cpu,0,False,0.0,0.0
qwen3.8-27b,INC-BE24B3500D2C,re2_ob,service,cpu,1,True,1.0,1.0
qwen3.8-27b,INC-BE456E965D95,re2_ob,service,network_delay,1,True,1.0,1.0
qwen3.8-27b,INC-BE6A1C89D45F,aiops2025,service,application_jvm,0,False,1.0,1.0
qwen3.8-27b,INC-BF08743A4A7D,aegislab,service,availability,5,True,1.0,1.0
qwen3.8-27b,INC-BF73447A56C8,re2_ob,service,network_loss,0,False,1.0,1.0
qwen3.8-27b,INC-BFE7EC666320,aiops2025,node,cpu,0,False,1.0,1.0
qwen3.8-27b,INC-C0E30071FAD4,re2_ob,service,cpu,11,True,1.0,1.0
qwen3.8-27b,INC-C10F5EA649A5,aiops2025,node,memory_gc,1,True,1.0,1.0
qwen3.8-27b,INC-C1795BBAEEF2,aegislab,service,http_injection,3,True,1.0,1.0
qwen3.8-27b,INC-C17A00DC78FC,re2_ob,service,disk_io,10,True,1.0,1.0
qwen3.8-27b,INC-C1917102A8EA,re2_tt,service,network_config_socket,1,True,1.0,1.0
qwen3.8-27b,INC-C1BAEE5AC440,aiops2025,node,memory_gc,0,False,0.0,1.0
qwen3.8-27b,INC-C2222DBA0446,aiops2025,service,network_delay,0,False,1.0,1.0
qwen3.8-27b,INC-C313486A0A7B,re2_tt,service,memory_gc,1,True,1.0,1.0
qwen3.8-27b,INC-C3512BA15554,aegislab,service,memory_gc,1,True,1.0,1.0
qwen3.8-27b,INC-C3D35EC8B829,re2_tt,service,network_loss,0,False,1.0,1.0
qwen3.8-27b,INC-C426468D92A8,aegislab,service,http_injection,1,True,1.0,1.0
qwen3.8-27b,INC-C4B311F31A1D,re2_ob,service,network_delay,0,False,1.0,1.0
qwen3.8-27b,INC-C4D4F337120D,aiops2022,node,cpu,0,False,0.0,1.0
qwen3.8-27b,INC-C53FAB9D3D66,re2_tt,service,disk_io,1,True,1.0,1.0
qwen3.8-27b,INC-C58423A7459F,aegislab,service,network_partition_bandwidth,0,False,0.0,1.0
qwen3.8-27b,INC-C59BC6133EB2,re2_tt,service,cpu,4,True,1.0,1.0
qwen3.8-27b,INC-C6D4C8FD653E,re2_ob,service,network_delay,11,True,1.0,1.0
qwen3.8-27b,INC-C6DA8E3595A0,re2_tt,service,network_config_socket,1,True,1.0,1.0
qwen3.8-27b,INC-C7962AC24637,aegislab,service,availability,1,True,1.0,1.0
qwen3.8-27b,INC-C83F01A1BA7F,aiops2022,node,disk_io,3,True,1.0,1.0
qwen3.8-27b,INC-C94039412A49,re2_ob,service,cpu,11,True,1.0,1.0
qwen3.8-27b,INC-C94A18F2915E,aiops2025,pod+service,memory_gc,5,True,1.0,1.0
qwen3.8-27b,INC-C993CF5D1232,re2_ob,service,network_delay,1,True,1.0,1.0
qwen3.8-27b,INC-C999ECF0512E,re2_ob,service,network_loss,1,True,1.0,1.0
qwen3.8-27b,INC-C9BD40E14E88,aegislab,service,network_partition_bandwidth,8,True,1.0,1.0
qwen3.8-27b,INC-C9D3BBC140AC,re2_ob,service,network_config_socket,1,True,1.0,1.0
qwen3.8-27b,INC-CAAEB27C1167,re2_tt,service,network_config_socket,0,False,1.0,1.0
qwen3.8-27b,INC-CB5EC7C5D5E4,aiops2025,pod+service,network_config_socket,17,True,1.0,1.0
qwen3.8-27b,INC-CB8AD006EA8A,aegislab,service,application_jvm,9,True,1.0,1.0
qwen3.8-27b,INC-CCCFF766DA4B,aiops2022,pod,disk_io,1,True,1.0,1.0
qwen3.8-27b,INC-CCE2A7ACCA59,aiops2022,pod,network_duplicate,0,False,1.0,1.0
qwen3.8-27b,INC-CD6BD563E846,aiops2022,node,cpu,0,False,0.0,0.0
qwen3.8-27b,INC-CDC8083CEEE3,aiops2022,service,network_delay,15,True,1.0,1.0
qwen3.8-27b,INC-CE139FA7B55F,re2_ob,service,network_loss,1,True,1.0,1.0
qwen3.8-27b,INC-CEA641BA3229,aegislab,service,http_injection,7,True,1.0,1.0
qwen3.8-27b,INC-CEDB66058BB8,aegislab,service,memory_gc,2,True,1.0,1.0
qwen3.8-27b,INC-CFF44CA0030E,re2_ob,service,cpu,1,True,1.0,1.0
qwen3.8-27b,INC-D02CFDF1A4AE,aiops2025,service,network_loss,10,True,1.0,1.0
qwen3.8-27b,INC-D0BE36C455CD,aiops2022,service,network_delay,23,True,1.0,1.0
qwen3.8-27b,INC-D195A4C0D9B6,aiops2022,pod,disk_io,9,True,1.0,1.0
qwen3.8-27b,INC-D21A794216B3,re2_ob,service,disk_io,1,True,1.0,1.0
qwen3.8-27b,INC-D25E7590F78E,re2_ob,service,network_delay,35,True,1.0,1.0
qwen3.8-27b,INC-D27859FD0277,re2_tt,service,disk_io,1,True,1.0,1.0
qwen3.8-27b,INC-D28AC6CAEFE4,aegislab,service,availability,1,True,1.0,1.0
qwen3.8-27b,INC-D3580A14E84E,aiops2025,service,network_config_socket,0,False,1.0,1.0
qwen3.8-27b,INC-D3EAA310B962,aiops2022,service,network_corrupt,9,True,1.0,1.0
qwen3.8-27b,INC-D3EE77C90967,aiops2022,node,memory_gc,0,False,0.0,1.0
qwen3.8-27b,INC-D573DF313B5A,aiops2025,pod+service,network_config_socket,0,False,0.0,0.0
qwen3.8-27b,INC-D5A4BFC41ADE,re2_tt,service,cpu,1,True,1.0,1.0
qwen3.8-27b,INC-D629BE49A3C4,aiops2025,node,disk_io,0,False,1.0,1.0
qwen3.8-27b,INC-D639854EA9F7,aiops2022,pod,disk_io,11,True,1.0,1.0
qwen3.8-27b,INC-D7EB286C5225,re2_tt,service,disk_io,11,True,1.0,1.0
qwen3.8-27b,INC-D87134FF9ACF,aiops2025,pod+service,network_config_socket,5,True,1.0,1.0
qwen3.8-27b,INC-D8E048E38FF6,aegislab,service,memory_gc,1,True,1.0,1.0
qwen3.8-27b,INC-D9245047C658,aiops2025,node,cpu,0,False,0.0,0.0
qwen3.8-27b,INC-D93BC27D5F39,aiops2025,service,application_jvm,1,True,1.0,1.0
qwen3.8-27b,INC-D9ABFB644D29,aegislab,service,application_jvm,8,True,1.0,1.0
qwen3.8-27b,INC-DA55CEE51D03,re2_tt,service,network_delay,2,True,1.0,1.0
qwen3.8-27b,INC-DABDFB89960F,aegislab,service,availability,4,True,1.0,1.0
qwen3.8-27b,INC-DAC9DF6ACB55,re2_ob,service,memory_gc,22,True,1.0,1.0
qwen3.8-27b,INC-DB6E9CFCBBEA,aegislab,service,memory_gc,4,True,1.0,1.0
qwen3.8-27b,INC-DC8C47226C5D,aiops2025,pod+service,availability,21,True,1.0,1.0
qwen3.8-27b,INC-DCED03AC49C8,aiops2025,node,memory_gc,2,True,1.0,1.0
qwen3.8-27b,INC-DD1A8BB11CC7,aegislab,service,network_partition_bandwidth,1,True,1.0,1.0
qwen3.8-27b,INC-DD972245679A,aiops2022,service,memory_gc,11,True,1.0,1.0
qwen3.8-27b,INC-DE4C5840855B,aiops2025,service,network_delay,1,True,1.0,1.0
qwen3.8-27b,INC-E1800F0EDE01,re2_tt,service,memory_gc,1,True,1.0,1.0
qwen3.8-27b,INC-E196793B7152,aegislab,service,availability,1,True,1.0,1.0
qwen3.8-27b,INC-E303B0FABB02,re2_ob,service,disk_io,12,True,1.0,1.0
qwen3.8-27b,INC-E324D405FD70,aiops2025,service,network_corrupt,1,True,1.0,1.0
qwen3.8-27b,INC-E38C6642AA01,re2_ob,service,network_loss,15,True,1.0,1.0
qwen3.8-27b,INC-E518E9800304,aiops2022,service,cpu,3,True,1.0,1.0
qwen3.8-27b,INC-E58F54F25B3D,re2_tt,service,disk_io,1,True,1.0,1.0
qwen3.8-27b,INC-E621AEC961D6,re2_ob,service,cpu,5,True,1.0,1.0
qwen3.8-27b,INC-E687A1412352,aiops2025,pod+service,application_jvm,15,True,1.0,1.0
qwen3.8-27b,INC-E6D8B968F39E,aiops2025,service,network_delay,12,True,1.0,1.0
qwen3.8-27b,INC-E74124445490,aiops2025,service,network_loss,1,True,1.0,1.0
qwen3.8-27b,INC-E86A05E1673E,re2_tt,service,network_delay,1,True,1.0,1.0
qwen3.8-27b,INC-E92A6FFD9DC0,aegislab,service,http_injection,13,True,1.0,1.0
qwen3.8-27b,INC-EAA097A406D6,aiops2022,service,network_corrupt,5,True,1.0,1.0
qwen3.8-27b,INC-EB0EB86F831D,aegislab,service,http_injection,27,True,1.0,1.0
qwen3.8-27b,INC-EC62E3B248EA,re2_tt,service,network_config_socket,1,True,1.0,1.0
qwen3.8-27b,INC-EC777401BAED,re2_ob,service,network_config_socket,1,True,1.0,1.0
qwen3.8-27b,INC-ED816B330F5D,aiops2025,service,cpu,2,True,1.0,1.0
qwen3.8-27b,INC-EDA23ECB5C82,aegislab,service,http_injection,7,True,1.0,1.0
qwen3.8-27b,INC-EDA7F79E3BD5,aegislab,service,http_injection,5,True,1.0,1.0
qwen3.8-27b,INC-EDDC755A08F5,aiops2025,pod+service,availability,0,False,1.0,1.0
qwen3.8-27b,INC-EF0D5C71C864,aiops2022,service,network_delay,10,True,1.0,1.0
qwen3.8-27b,INC-EF3B891921B3,re2_ob,service,memory_gc,1,True,1.0,1.0
qwen3.8-27b,INC-EF768AE9D329,aiops2025,service,application_jvm,0,False,1.0,1.0
qwen3.8-27b,INC-F0B46AA8EB55,aegislab,service,http_injection,8,True,1.0,1.0
qwen3.8-27b,INC-F14E2228C557,aegislab,service,application_jvm,1,True,1.0,1.0
qwen3.8-27b,INC-F162EC56F576,aiops2025,service,availability,0,False,1.0,1.0
qwen3.8-27b,INC-F1CD9B69032E,re2_ob,service,disk_io,1,True,1.0,1.0
qwen3.8-27b,INC-F30D0DDD63EF,aiops2025,service,network_delay,17,True,1.0,1.0
qwen3.8-27b,INC-F328F417F5C9,aiops2025,pod+service,application_jvm,1,True,1.0,1.0
qwen3.8-27b,INC-F36820174BC4,aegislab,service,availability,1,True,1.0,1.0
qwen3.8-27b,INC-F4FCAFBEC78A,aegislab,service,http_injection,4,True,1.0,1.0
qwen3.8-27b,INC-F5B2E7B7AD42,aiops2022,service,availability,0,False,1.0,1.0
qwen3.8-27b,INC-F5E46EDF8BEE,re2_ob,service,network_config_socket,1,True,1.0,1.0
qwen3.8-27b,INC-F67208580936,re2_tt,service,network_config_socket,5,True,1.0,1.0
qwen3.8-27b,INC-F7EC1094EA48,re2_ob,service,memory_gc,1,True,1.0,1.0
qwen3.8-27b,INC-F8B9BD5ADA9C,aiops2022,service,network_duplicate,0,False,0.0,1.0
qwen3.8-27b,INC-F961EDAB0297,re2_tt,service,network_loss,5,True,1.0,1.0
qwen3.8-27b,INC-F9931F2050B1,re2_tt,service,cpu,18,True,1.0,1.0
qwen3.8-27b,INC-FB637C1175C2,aegislab,service,http_injection,0,False,1.0,1.0
qwen3.8-27b,INC-FBCBAA98002C,aegislab,service,http_injection,3,True,1.0,1.0
qwen3.8-27b,INC-FC722DDC1AE4,re2_tt,service,network_loss,1,True,1.0,1.0
qwen3.8-27b,INC-FC843F9AD625,aiops2022,node,disk_io,8,True,1.0,1.0
qwen3.8-27b,INC-FCEC7B343F4C,re2_tt,service,network_delay,0,False,1.0,1.0
qwen3.8-27b,INC-FCED40C68B88,re2_tt,service,network_delay,2,True,1.0,1.0
qwen3.8-27b,INC-FD27B5B35F1F,aegislab,service,network_partition_bandwidth,1,True,1.0,1.0
qwen3.8-27b,INC-FDC8B6B87BEB,aiops2022,node,disk_io,7,True,1.0,1.0
qwen3.8-27b,INC-FDDF807FBAA4,aiops2025,pod+service,memory_gc,1,True,1.0,1.0
qwen3.8-27b,INC-FE5D907C0E19,re2_tt,service,disk_io,4,True,1.0,1.0
qwen3.8-27b,INC-FEE456E206B7,re2_tt,service,network_config_socket,12,True,1.0,1.0
qwen3.8-27b,INC-FFA0A74A0439,aegislab,service,network_delay,1,True,1.0,1.0
